SNO,PLAYER,TEAM_IMG,BLANK,TEAM,MAT,INS,NO,RUNS,BALLS,AVG,SR,HS,100s,75s,50s,25s,0s,6s,4s,League Name
1,Christian Strydom,TUKS 5,,TUKS 5,12,12,3,444,342,49.33,129.82,121,1,1,2,3,1,25,34,Titans Second League
,TUKS 5,,,,,,,,,,,,,,,,,,,Titans Second League
2,Aerton Helena,TUKS 5,,TUKS 5,7,7,1,431,334,71.83,129.04,165,1,0,2,2,0,8,48,Titans Second League
,TUKS 5,,,,,,,,,,,,,,,,,,,Titans Second League
3,Willem Sevenster,CBCOB 3,,CBCOB 3,11,8,0,273,200,34.12,136.50,64,0,0,2,3,0,8,39,Titans Second League
,CBCOB 3,,,,,,,,,,,,,,,,,,,Titans Second League
4,Shaun Muirhead,CBCOB 3,,CBCOB 3,10,6,0,232,161,38.67,144.10,203,1,0,0,0,3,12,22,Titans Second League
,CBCOB 3,,,,,,,,,,,,,,,,,,,Titans Second League
5,Dawie Kruger,IRENE VILLAGERS 3,,IRENE VILLAGERS 3,8,7,1,198,226,33.00,87.61,100,1,0,1,1,0,5,14,Titans Second League
,IRENE VILLAGERS 3,,,,,,,,,,,,,,,,,,,Titans Second League
6,Justin Van Bassen,PHSOB 3,,PHSOB 3,8,7,0,195,181,27.86,107.73,65,0,0,1,2,0,4,25,Titans Second League
,PHSOB 3,,,,,,,,,,,,,,,,,,,Titans Second League
7,Gerhard De Bruin,TUKS 5,,TUKS 5,13,12,1,195,198,17.73,98.48,36,0,0,0,5,2,9,21,Titans Second League
,TUKS 5,,,,,,,,,,,,,,,,,,,Titans Second League
8,Chad Fortman,PHSOB 3,,PHSOB 3,7,7,0,185,218,26.43,84.86,80,0,1,1,2,0,3,23,Titans Second League
,PHSOB 3,,,,,,,,,,,,,,,,,,,Titans Second League
9,Anton Stassen,SINOVILLE 4,,SINOVILLE 4,3,3,1,169,150,84.50,112.67,104,1,0,1,0,0,6,17,Titans Second League
,SINOVILLE 4,,,,,,,,,,,,,,,,,,,Titans Second League
10,Reynier Swart,IRENE VILLAGERS 3,,IRENE VILLAGERS 3,10,9,0,166,253,18.44,65.61,41,0,0,0,3,1,0,19,Titans Second League
,IRENE VILLAGERS 3,,,,,,,,,,,,,,,,,,,Titans Second League
11,Riccardo Oosthuizen,TUKS 5,,TUKS 5,7,6,0,165,186,27.50,88.71,74,0,0,1,1,0,1,18,Titans Second League
,TUKS 5,,,,,,,,,,,,,,,,,,,Titans Second League
12,Conrath Meiring,CBCOB 3,,CBCOB 3,4,2,1,157,96,157.00,163.54,120,1,0,0,1,0,5,24,Titans Second League
,CBCOB 3,,,,,,,,,,,,,,,,,,,Titans Second League
13,Charl Prinsloo,TUT 3,,TUT 3,5,5,2,139,232,46.33,59.91,76,0,1,1,1,0,0,13,Titans Second League
,TUT 3,,,,,,,,,,,,,,,,,,,Titans Second League
14,Riaan von Bentheim,TUKS 5,,TUKS 5,7,7,0,134,117,19.14,114.53,41,0,0,0,2,0,10,11,Titans Second League
,TUKS 5,,,,,,,,,,,,,,,,,,,Titans Second League
15,Matt Rogerson,PHSOB 3,,PHSOB 3,8,7,1,131,139,21.83,94.24,90,0,1,1,1,2,4,13,Titans Second League
,PHSOB 3,,,,,,,,,,,,,,,,,,,Titans Second League
16,Wayne Scott,CBCOB 3,,CBCOB 3,3,3,2,126,86,126.00,146.51,81,0,1,1,1,0,5,17,Titans Second League
,CBCOB 3,,,,,,,,,,,,,,,,,,,Titans Second League
17,Gunter Geyer,IRENE VILLAGERS 3,,IRENE VILLAGERS 3,4,4,0,126,105,31.50,120.00,70,0,0,1,2,1,7,10,Titans Second League
,IRENE VILLAGERS 3,,,,,,,,,,,,,,,,,,,Titans Second League
18,Tiaan Engelbrecht,TUKS 5,,TUKS 5,10,7,3,126,129,31.50,97.67,38,0,0,0,1,0,0,14,Titans Second League
,TUKS 5,,,,,,,,,,,,,,,,,,,Titans Second League
19,Jacques Vosloo,PHSOB 3,,PHSOB 3,4,3,0,124,84,41.33,147.62,59,0,0,1,1,0,7,13,Titans Second League
,PHSOB 3,,,,,,,,,,,,,,,,,,,Titans Second League
20,Ryno Joubert,IRENE VILLAGERS 3,,IRENE VILLAGERS 3,10,9,0,124,189,13.78,65.61,38,0,0,0,1,1,0,12,Titans Second League
,IRENE VILLAGERS 3,,,,,,,,,,,,,,,,,,,Titans Second League
21,Emil Rolfes,PHSOB 3,,PHSOB 3,3,3,2,123,98,123.00,125.51,64,0,0,1,1,0,2,12,Titans Second League
,PHSOB 3,,,,,,,,,,,,,,,,,,,Titans Second League
22,Felix le Roux,PHSOB 3,,PHSOB 3,3,3,0,122,97,40.67,125.77,72,0,0,1,1,0,5,12,Titans Second League
,PHSOB 3,,,,,,,,,,,,,,,,,,,Titans Second League
23,Bradley Joynt,IRENE VILLAGERS 3,,IRENE VILLAGERS 3,2,2,0,121,79,60.50,153.16,119,1,0,0,0,0,8,11,Titans Second League
,IRENE VILLAGERS 3,,,,,,,,,,,,,,,,,,,Titans Second League
24,Chris Koekemoer,CBCOB 3,,CBCOB 3,7,5,2,120,81,40.00,148.15,76,0,1,1,0,0,4,17,Titans Second League
,CBCOB 3,,,,,,,,,,,,,,,,,,,Titans Second League
25,Uzair Vayani,PHSOB 3,,PHSOB 3,7,5,3,118,122,59.00,96.72,64,0,0,1,1,0,2,9,Titans Second League
,PHSOB 3,,,,,,,,,,,,,,,,,,,Titans Second League
26,Kevin Pretorius,PHSOB 3,,PHSOB 3,3,3,1,115,76,57.50,151.32,63,0,0,1,2,0,8,9,Titans Second League
,PHSOB 3,,,,,,,,,,,,,,,,,,,Titans Second League
27,Marius Bornman,TUKS 5,,TUKS 5,9,9,0,114,134,12.67,85.07,39,0,0,0,2,0,3,12,Titans Second League
,TUKS 5,,,,,,,,,,,,,,,,,,,Titans Second League
28,Bruce Crossey,CBCOB 3,,CBCOB 3,10,5,0,113,128,22.60,88.28,51,0,0,1,1,2,2,18,Titans Second League
,CBCOB 3,,,,,,,,,,,,,,,,,,,Titans Second League
29,Tiaan Dorfling,IRENE VILLAGERS 3,,IRENE VILLAGERS 3,2,2,1,112,124,112.00,90.32,84,0,1,1,1,0,1,10,Titans Second League
,IRENE VILLAGERS 3,,,,,,,,,,,,,,,,,,,Titans Second League
30,David Ewen,TUKS 6,,TUKS 6,5,4,0,107,116,26.75,92.24,75,0,1,1,0,0,1,14,Titans Second League
,TUKS 6,,,,,,,,,,,,,,,,,,,Titans Second League
31,Stefan Grobler,TUT 3,,TUT 3,6,5,0,106,109,21.20,97.25,52,0,0,1,1,1,4,14,Titans Second League
,TUT 3,,,,,,,,,,,,,,,,,,,Titans Second League
32,Luca Tuks 6,TUKS 6,,TUKS 6,1,1,0,103,47,103.00,219.15,103,1,0,0,0,0,1,18,Titans Second League
,TUKS 6,,,,,,,,,,,,,,,,,,,Titans Second League
33,Wiehan Nel,SINOVILLE 3,,SINOVILLE 3,1,1,0,103,69,103.00,149.28,103,1,0,0,0,0,3,17,Titans Second League
,SINOVILLE 3,,,,,,,,,,,,,,,,,,,Titans Second League
34,Andre Meintjes IV,IRENE VILLAGERS 3,,IRENE VILLAGERS 3,6,5,0,102,121,20.40,84.30,55,0,0,1,1,1,0,19,Titans Second League
,IRENE VILLAGERS 3,,,,,,,,,,,,,,,,,,,Titans Second League
35,Kieran Anderson,TUKS 6,,TUKS 6,6,6,0,100,113,16.67,88.50,38,0,0,0,3,0,0,12,Titans Second League
,TUKS 6,,,,,,,,,,,,,,,,,,,Titans Second League
36,Donovan Steinberg,IRENE VILLAGERS 3,,IRENE VILLAGERS 3,7,7,2,95,96,19.00,98.96,38,0,0,0,2,1,2,7,Titans Second League
,IRENE VILLAGERS 3,,,,,,,,,,,,,,,,,,,Titans Second League
37,Vernon van de Merwe,IRENE VILLAGERS 3,,IRENE VILLAGERS 3,7,6,0,94,113,15.67,83.19,38,0,0,0,2,1,0,16,Titans Second League
,IRENE VILLAGERS 3,,,,,,,,,,,,,,,,,,,Titans Second League
38,Frits Snyman,TUKS 5,,TUKS 5,8,8,0,94,179,11.75,52.51,21,0,0,0,0,0,0,11,Titans Second League
,TUKS 5,,,,,,,,,,,,,,,,,,,Titans Second League
39,Ryan Kruger,SINOVILLE 4,,SINOVILLE 4,2,2,0,92,59,46.00,155.93,49,0,0,0,2,0,4,10,Titans Second League
,SINOVILLE 4,,,,,,,,,,,,,,,,,,,Titans Second League
40,Jacques Erasmus,SINOVILLE 4,,SINOVILLE 4,2,2,0,90,64,45.00,140.62,55,0,0,1,1,0,7,7,Titans Second League
,SINOVILLE 4,,,,,,,,,,,,,,,,,,,Titans Second League
41,Want V deventer,SINOVILLE 4,,SINOVILLE 4,1,1,0,89,50,89.00,178.00,89,0,1,1,0,0,3,12,Titans Second League
,SINOVILLE 4,,,,,,,,,,,,,,,,,,,Titans Second League
42,Jacques Erasmus,SINOVILLE 3,,SINOVILLE 3,1,1,1,81,49,--,165.31,81,0,1,1,0,0,4,9,Titans Second League
,SINOVILLE 3,,,,,,,,,,,,,,,,,,,Titans Second League
43,Playa2 Cbc,CBCOB 3,,CBCOB 3,1,1,1,72,52,--,138.46,72,0,0,1,0,0,4,5,Titans Second League
,CBCOB 3,,,,,,,,,,,,,,,,,,,Titans Second League
44,Dieter Sinoville,SINOVILLE 4,,SINOVILLE 4,1,1,1,67,61,--,109.84,67,0,0,1,0,0,4,5,Titans Second League
,SINOVILLE 4,,,,,,,,,,,,,,,,,,,Titans Second League
45,Louis van Zyl,CBCOB 3,,CBCOB 3,6,3,1,67,86,33.50,77.91,32,0,0,0,1,0,3,5,Titans Second League
,CBCOB 3,,,,,,,,,,,,,,,,,,,Titans Second League
46,Wian Nel,SINOVILLE 4,,SINOVILLE 4,2,1,0,66,63,66.00,104.76,66,0,0,1,0,0,2,8,Titans Second League
,SINOVILLE 4,,,,,,,,,,,,,,,,,,,Titans Second League
47,Kofi Essel-mensah,TUKS 6,,TUKS 6,6,5,0,65,39,13.00,166.67,31,0,0,0,2,2,4,8,Titans Second League
,TUKS 6,,,,,,,,,,,,,,,,,,,Titans Second League
48,Jeandre Roux,TUT 3,,TUT 3,5,3,0,63,93,21.00,67.74,34,0,0,0,1,0,2,5,Titans Second League
,TUT 3,,,,,,,,,,,,,,,,,,,Titans Second League
49,Rhys Tuks6,TUKS 6,,TUKS 6,1,1,0,62,46,62.00,134.78,62,0,0,1,0,0,2,6,Titans Second League
,TUKS 6,,,,,,,,,,,,,,,,,,,Titans Second League
50,Pippie Kemm,PHSOB 3,,PHSOB 3,4,4,1,62,70,20.67,88.57,50,0,0,1,0,0,1,8,Titans Second League
,PHSOB 3,,,,,,,,,,,,,,,,,,,Titans Second League
51,Ivan Venter,TUKS 5,,TUKS 5,5,5,0,61,76,12.20,80.26,22,0,0,0,0,0,2,5,Titans Second League
,TUKS 5,,,,,,,,,,,,,,,,,,,Titans Second League
52,Zian Stoop,CBCOB 3,,CBCOB 3,1,1,0,60,36,60.00,166.67,60,0,0,1,0,0,0,9,Titans Second League
,CBCOB 3,,,,,,,,,,,,,,,,,,,Titans Second League
53,Anton Stassen,SINOVILLE 3,,SINOVILLE 3,5,2,0,60,43,30.00,139.53,40,0,0,0,1,0,3,7,Titans Second League
,SINOVILLE 3,,,,,,,,,,,,,,,,,,,Titans Second League
54,Dian Botha,SINOVILLE 3,,SINOVILLE 3,1,1,0,60,74,60.00,81.08,60,0,0,1,0,0,4,6,Titans Second League
,SINOVILLE 3,,,,,,,,,,,,,,,,,,,Titans Second League
55,Stephen van den Berg,TUKS 5,,TUKS 5,4,4,0,59,95,14.75,62.11,33,0,0,0,1,0,1,9,Titans Second League
,TUKS 5,,,,,,,,,,,,,,,,,,,Titans Second League
56,Aidan Lakmeeharan,TUKS 6,,TUKS 6,6,5,0,58,79,11.60,73.42,31,0,0,0,1,1,3,2,Titans Second League
,TUKS 6,,,,,,,,,,,,,,,,,,,Titans Second League
57,Divan Behrens,SINOVILLE 4,,SINOVILLE 4,3,2,1,57,52,57.00,109.62,39,0,0,0,1,0,0,6,Titans Second League
,SINOVILLE 4,,,,,,,,,,,,,,,,,,,Titans Second League
58,Niel Coetzee,TUT 3,,TUT 3,6,5,0,55,114,11.00,48.25,23,0,0,0,0,0,0,7,Titans Second League
,TUT 3,,,,,,,,,,,,,,,,,,,Titans Second League
59,Muhammad Adil Khan,POLICE 3,,POLICE 3,3,2,0,54,32,27.00,168.75,49,0,0,0,1,0,3,6,Titans Second League
,POLICE 3,,,,,,,,,,,,,,,,,,,Titans Second League
60,Ivan Bekker,TUKS 5,,TUKS 5,7,6,0,54,81,9.00,66.67,27,0,0,0,1,1,1,3,Titans Second League
,TUKS 5,,,,,,,,,,,,,,,,,,,Titans Second League
61,Danish Khan,POLICE 3,,POLICE 3,3,2,0,52,64,26.00,81.25,45,0,0,0,1,0,2,6,Titans Second League
,POLICE 3,,,,,,,,,,,,,,,,,,,Titans Second League
62,Wian Ruthven,SINOVILLE 4,,SINOVILLE 4,2,1,0,50,36,50.00,138.89,50,0,0,1,0,0,1,8,Titans Second League
,SINOVILLE 4,,,,,,,,,,,,,,,,,,,Titans Second League
63,Paul Gouws,CBCOB 3,,CBCOB 3,4,3,0,50,53,16.67,94.34,21,0,0,0,0,0,2,3,Titans Second League
,CBCOB 3,,,,,,,,,,,,,,,,,,,Titans Second League
64,Marne Weldhagen,SINOVILLE 4,,SINOVILLE 4,1,1,1,49,27,--,181.48,49,0,0,0,1,0,1,7,Titans Second League
,SINOVILLE 4,,,,,,,,,,,,,,,,,,,Titans Second League
65,Martin Van Tonder,TUKS 5,,TUKS 5,12,6,1,47,55,9.40,85.45,31,0,0,0,1,2,2,4,Titans Second League
,TUKS 5,,,,,,,,,,,,,,,,,,,Titans Second League
66,Charl Foxcroft,TUT 3,,TUT 3,5,3,0,45,65,15.00,69.23,40,0,0,0,1,1,1,4,Titans Second League
,TUT 3,,,,,,,,,,,,,,,,,,,Titans Second League
67,Johan Pretorius,TUKS 5,,TUKS 5,2,2,0,44,54,22.00,81.48,25,0,0,0,1,0,0,4,Titans Second League
,TUKS 5,,,,,,,,,,,,,,,,,,,Titans Second League
68,Phillp Irene,IRENE VILLAGERS 3,,IRENE VILLAGERS 3,1,1,1,44,61,--,72.13,44,0,0,0,1,0,1,4,Titans Second League
,IRENE VILLAGERS 3,,,,,,,,,,,,,,,,,,,Titans Second League
69,Tyron Denton,PHSOB 3,,PHSOB 3,4,2,1,43,37,43.00,116.22,29,0,0,0,1,0,0,5,Titans Second League
,PHSOB 3,,,,,,,,,,,,,,,,,,,Titans Second League
70,Wian van Deventer,SINOVILLE 3,,SINOVILLE 3,2,2,1,43,39,43.00,110.26,27,0,0,0,1,0,0,3,Titans Second League
,SINOVILLE 3,,,,,,,,,,,,,,,,,,,Titans Second League
71,Erik Hartman,TUKS 6,,TUKS 6,4,4,0,42,71,10.50,59.15,22,0,0,0,0,0,0,7,Titans Second League
,TUKS 6,,,,,,,,,,,,,,,,,,,Titans Second League
72,Noele Saffar,IRENE VILLAGERS 3,,IRENE VILLAGERS 3,10,8,1,40,57,5.71,70.18,27,0,0,0,1,3,3,1,Titans Second League
,IRENE VILLAGERS 3,,,,,,,,,,,,,,,,,,,Titans Second League
73,Ruan Brenner,PHSOB 3,,PHSOB 3,1,1,1,38,30,--,126.67,38,0,0,0,1,0,2,2,Titans Second League
,PHSOB 3,,,,,,,,,,,,,,,,,,,Titans Second League
74,Erik Van Deventer,TUT 3,,TUT 3,4,3,1,38,53,19.00,71.70,22,0,0,0,0,0,0,5,Titans Second League
,TUT 3,,,,,,,,,,,,,,,,,,,Titans Second League
75,Stanley Fabri,SINOVILLE 4,,SINOVILLE 4,3,1,0,38,58,38.00,65.52,38,0,0,0,1,0,1,2,Titans Second League
,SINOVILLE 4,,,,,,,,,,,,,,,,,,,Titans Second League
76,Matimu Mayayise,TUKS 5,,TUKS 5,4,2,1,37,35,37.00,105.71,21,0,0,0,0,0,3,2,Titans Second League
,TUKS 5,,,,,,,,,,,,,,,,,,,Titans Second League
77,Hein Smit,IRENE VILLAGERS 3,,IRENE VILLAGERS 3,5,4,1,37,46,12.33,80.43,19,0,0,0,0,0,3,3,Titans Second League
,IRENE VILLAGERS 3,,,,,,,,,,,,,,,,,,,Titans Second League
78,Gerrie Viljoen,IRENE VILLAGERS 3,,IRENE VILLAGERS 3,1,1,0,37,53,37.00,69.81,37,0,0,0,1,0,0,6,Titans Second League
,IRENE VILLAGERS 3,,,,,,,,,,,,,,,,,,,Titans Second League
79,Michael Boltman,PHSOB 3,,PHSOB 3,4,3,0,36,21,12.00,171.43,26,0,0,0,1,0,3,2,Titans Second League
,PHSOB 3,,,,,,,,,,,,,,,,,,,Titans Second League
80,Dean Dyer,PHSOB 3,,PHSOB 3,2,2,0,35,24,17.50,145.83,35,0,0,0,1,1,0,4,Titans Second League
,PHSOB 3,,,,,,,,,,,,,,,,,,,Titans Second League
81,Latir Grey-Johnson,TUKS 6,,TUKS 6,3,3,1,35,64,17.50,54.69,14,0,0,0,0,0,2,3,Titans Second League
,TUKS 6,,,,,,,,,,,,,,,,,,,Titans Second League
82,Andreas De Lange,TUKS 6,,TUKS 6,4,4,1,35,79,11.67,44.30,14,0,0,0,0,0,0,3,Titans Second League
,TUKS 6,,,,,,,,,,,,,,,,,,,Titans Second League
83,Evan Tuks6,TUKS 6,,TUKS 6,1,1,1,33,20,--,165.00,33,0,0,0,1,0,3,1,Titans Second League
,TUKS 6,,,,,,,,,,,,,,,,,,,Titans Second League
84,Xander Venter,SINOVILLE 3,,SINOVILLE 3,1,1,0,33,21,33.00,157.14,33,0,0,0,1,0,1,4,Titans Second League
,SINOVILLE 3,,,,,,,,,,,,,,,,,,,Titans Second League
85,Martin Childs-Hurn,TUKS 5,,TUKS 5,4,3,0,33,51,11.00,64.71,20,0,0,0,0,0,0,3,Titans Second League
,TUKS 5,,,,,,,,,,,,,,,,,,,Titans Second League
86,Ryan Rossouw,PHSOB 3,,PHSOB 3,3,3,1,32,46,16.00,69.57,20,0,0,0,0,0,1,2,Titans Second League
,PHSOB 3,,,,,,,,,,,,,,,,,,,Titans Second League
87,Dian Botha,SINOVILLE 4,,SINOVILLE 4,1,1,1,30,12,--,250.00,30,0,0,0,1,0,4,1,Titans Second League
,SINOVILLE 4,,,,,,,,,,,,,,,,,,,Titans Second League
88,Tiaan Lotter,SINOVILLE 4,,SINOVILLE 4,2,1,1,30,14,--,214.29,30,0,0,0,1,0,3,2,Titans Second League
,SINOVILLE 4,,,,,,,,,,,,,,,,,,,Titans Second League
89,Kobus Gouws,SINOVILLE 3,,SINOVILLE 3,1,1,0,30,23,30.00,130.43,30,0,0,0,1,0,0,6,Titans Second League
,SINOVILLE 3,,,,,,,,,,,,,,,,,,,Titans Second League
90,Eddie Stevens,PHSOB 3,,PHSOB 3,2,2,0,30,34,15.00,88.24,22,0,0,0,0,0,2,2,Titans Second League
,PHSOB 3,,,,,,,,,,,,,,,,,,,Titans Second League
91,Dries Van der Lith,SINOVILLE 4,,SINOVILLE 4,2,1,0,29,20,29.00,145.00,29,0,0,0,1,0,2,2,Titans Second League
,SINOVILLE 4,,,,,,,,,,,,,,,,,,,Titans Second League
92,Heinrich Odendaal,CBCOB 3,,CBCOB 3,1,1,1,29,21,--,138.10,29,0,0,0,1,0,2,3,Titans Second League
,CBCOB 3,,,,,,,,,,,,,,,,,,,Titans Second League
93,Keaton Steenkamp,SINOVILLE 4,,SINOVILLE 4,7,2,1,29,30,29.00,96.67,28,0,0,0,1,0,0,4,Titans Second League
,SINOVILLE 4,,,,,,,,,,,,,,,,,,,Titans Second League
94,JJ Du Toit,SINOVILLE 3,,SINOVILLE 3,2,2,0,29,31,14.50,93.55,23,0,0,0,0,0,0,5,Titans Second League
,SINOVILLE 3,,,,,,,,,,,,,,,,,,,Titans Second League
95,Jean Coetser,TUT 3,,TUT 3,5,4,0,29,38,7.25,76.32,17,0,0,0,0,2,0,3,Titans Second League
,TUT 3,,,,,,,,,,,,,,,,,,,Titans Second League
96,Barend Huyzer,TUT 3,,TUT 3,6,4,3,29,42,29.00,69.05,15,0,0,0,0,0,1,3,Titans Second League
,TUT 3,,,,,,,,,,,,,,,,,,,Titans Second League
97,Justin Fourie,PHSOB 3,,PHSOB 3,4,3,1,27,30,13.50,90.00,16,0,0,0,0,0,1,3,Titans Second League
,PHSOB 3,,,,,,,,,,,,,,,,,,,Titans Second League
98,Dyllan Tweedy,TUKS 6,,TUKS 6,1,1,0,27,42,27.00,64.29,27,0,0,0,1,0,0,5,Titans Second League
,TUKS 6,,,,,,,,,,,,,,,,,,,Titans Second League
99,Dewald Basson,TUT 3,,TUT 3,6,3,1,27,52,13.50,51.92,15,0,0,0,0,1,0,3,Titans Second League
,TUT 3,,,,,,,,,,,,,,,,,,,Titans Second League
100,Hlomla Henna,TUKS 6,,TUKS 6,7,6,4,27,59,13.50,45.76,12,0,0,0,0,2,0,3,Titans Second League
,TUKS 6,,,,,,,,,,,,,,,,,,,Titans Second League
101,Joel Duminy,PHSOB 3,,PHSOB 3,1,1,0,27,62,27.00,43.55,27,0,0,0,1,0,1,2,Titans Second League
,PHSOB 3,,,,,,,,,,,,,,,,,,,Titans Second League
102,Jos Grove,PHSOB 3,,PHSOB 3,2,2,0,26,26,13.00,100.00,17,0,0,0,0,0,0,2,Titans Second League
,PHSOB 3,,,,,,,,,,,,,,,,,,,Titans Second League
103,Divan Behrens,SINOVILLE 3,,SINOVILLE 3,2,2,1,26,33,26.00,78.79,20,0,0,0,0,0,0,1,Titans Second League
,SINOVILLE 3,,,,,,,,,,,,,,,,,,,Titans Second League
104,Christo Swanepoel,PHSOB 3,,PHSOB 3,8,3,0,26,37,8.67,70.27,19,0,0,0,0,1,0,2,Titans Second League
,PHSOB 3,,,,,,,,,,,,,,,,,,,Titans Second League
105,Eben Botha,TUKS 5,,TUKS 5,4,3,2,26,38,26.00,68.42,18,0,0,0,0,1,0,2,Titans Second League
,TUKS 5,,,,,,,,,,,,,,,,,,,Titans Second League
106,Abbas Mohammad,POLICE 3,,POLICE 3,3,2,0,25,42,12.50,59.52,25,0,0,0,1,1,1,2,Titans Second League
,POLICE 3,,,,,,,,,,,,,,,,,,,Titans Second League
107,Craig Swanepoel,TUT 3,,TUT 3,5,4,0,25,46,6.25,54.35,10,0,0,0,0,0,0,4,Titans Second League
,TUT 3,,,,,,,,,,,,,,,,,,,Titans Second League
108,JP Roets,SINOVILLE 4,,SINOVILLE 4,3,1,1,24,23,--,104.35,24,0,0,0,0,0,0,3,Titans Second League
,SINOVILLE 4,,,,,,,,,,,,,,,,,,,Titans Second League
109,Janko Roets,TUKS 6,,TUKS 6,2,2,0,24,24,12.00,100.00,13,0,0,0,0,0,1,3,Titans Second League
,TUKS 6,,,,,,,,,,,,,,,,,,,Titans Second League
110,Andre Van wyk,TUKS 5,,TUKS 5,12,5,1,24,53,6.00,45.28,9,0,0,0,0,1,0,3,Titans Second League
,TUKS 5,,,,,,,,,,,,,,,,,,,Titans Second League
111,Henko Affies,IRENE VILLAGERS 3,,IRENE VILLAGERS 3,2,1,1,23,15,--,153.33,23,0,0,0,0,0,0,4,Titans Second League
,IRENE VILLAGERS 3,,,,,,,,,,,,,,,,,,,Titans Second League
112,Charl Prinsloo,SINOVILLE 3,,SINOVILLE 3,2,1,0,23,16,23.00,143.75,23,0,0,0,0,0,0,5,Titans Second League
,SINOVILLE 3,,,,,,,,,,,,,,,,,,,Titans Second League
113,James Nelson,CBCOB 3,,CBCOB 3,1,1,1,23,22,--,104.55,23,0,0,0,0,0,1,2,Titans Second League
,CBCOB 3,,,,,,,,,,,,,,,,,,,Titans Second League
114,Muhammed Moosa,TUKS 6,,TUKS 6,4,3,0,23,23,7.67,100.00,22,0,0,0,0,1,1,2,Titans Second League
,TUKS 6,,,,,,,,,,,,,,,,,,,Titans Second League
115,Varun Cherian,TUKS 6,,TUKS 6,1,1,0,23,26,23.00,88.46,23,0,0,0,0,0,0,5,Titans Second League
,TUKS 6,,,,,,,,,,,,,,,,,,,Titans Second League
116,Dylan Alberts,TUT 3,,TUT 3,3,3,0,23,70,7.67,32.86,20,0,0,0,0,1,0,2,Titans Second League
,TUT 3,,,,,,,,,,,,,,,,,,,Titans Second League
117,Tiaan Lotter,SINOVILLE 3,,SINOVILLE 3,1,1,0,22,11,22.00,200.00,22,0,0,0,0,0,2,1,Titans Second League
,SINOVILLE 3,,,,,,,,,,,,,,,,,,,Titans Second League
118,Puseletso Mogofe,TUKS 6,,TUKS 6,4,3,1,22,20,11.00,110.00,14,0,0,0,0,0,1,3,Titans Second League
,TUKS 6,,,,,,,,,,,,,,,,,,,Titans Second League
119,Berno Klopper,SINOVILLE 3,,SINOVILLE 3,3,2,0,22,32,11.00,68.75,15,0,0,0,0,0,1,1,Titans Second League
,SINOVILLE 3,,,,,,,,,,,,,,,,,,,Titans Second League
120,Nasir Iqbal,POLICE 3,,POLICE 3,3,2,0,22,37,11.00,59.46,11,0,0,0,0,0,0,3,Titans Second League
,POLICE 3,,,,,,,,,,,,,,,,,,,Titans Second League
121,Jan Jones,TUKS 5,,TUKS 5,4,2,0,22,46,11.00,47.83,21,0,0,0,0,0,0,3,Titans Second League
,TUKS 5,,,,,,,,,,,,,,,,,,,Titans Second League
122,Michael Du Plessis,TUKS 6,,TUKS 6,1,1,0,21,23,21.00,91.30,21,0,0,0,0,0,0,3,Titans Second League
,TUKS 6,,,,,,,,,,,,,,,,,,,Titans Second League
123,Stefan Strydom,IRENE VILLAGERS 3,,IRENE VILLAGERS 3,1,1,0,21,30,21.00,70.00,21,0,0,0,0,0,0,2,Titans Second League
,IRENE VILLAGERS 3,,,,,,,,,,,,,,,,,,,Titans Second League
124,Wian Munnik,SINOVILLE 4,,SINOVILLE 4,2,1,0,21,32,21.00,65.62,21,0,0,0,0,0,1,1,Titans Second League
,SINOVILLE 4,,,,,,,,,,,,,,,,,,,Titans Second League
125,Duan St Arnaud,PHSOB 3,,PHSOB 3,3,3,0,21,36,7.00,58.33,12,0,0,0,0,0,1,1,Titans Second League
,PHSOB 3,,,,,,,,,,,,,,,,,,,Titans Second League
126,Derrick Cremer,CBCOB 3,,CBCOB 3,2,1,0,20,10,20.00,200.00,20,0,0,0,0,0,0,5,Titans Second League
,CBCOB 3,,,,,,,,,,,,,,,,,,,Titans Second League
127,Johanco Faihst,TUKS 5,,TUKS 5,1,1,0,20,16,20.00,125.00,20,0,0,0,0,0,1,3,Titans Second League
,TUKS 5,,,,,,,,,,,,,,,,,,,Titans Second League
128,Jean Coudron,SINOVILLE 3,,SINOVILLE 3,2,2,0,20,19,10.00,105.26,14,0,0,0,0,0,0,1,Titans Second League
,SINOVILLE 3,,,,,,,,,,,,,,,,,,,Titans Second League
129,Aubery Smit,PHSOB 3,,PHSOB 3,1,1,0,20,21,20.00,95.24,20,0,0,0,0,0,0,4,Titans Second League
,PHSOB 3,,,,,,,,,,,,,,,,,,,Titans Second League
130,Playa3 Cbc,CBCOB 3,,CBCOB 3,1,1,1,20,42,--,47.62,20,0,0,0,0,0,0,1,Titans Second League
,CBCOB 3,,,,,,,,,,,,,,,,,,,Titans Second League
131,Deon Van Huyssteen,CBCOB 3,,CBCOB 3,7,2,0,19,18,9.50,105.56,13,0,0,0,0,0,1,1,Titans Second League
,CBCOB 3,,,,,,,,,,,,,,,,,,,Titans Second League
132,Morgan Potgiter,SINOVILLE 4,,SINOVILLE 4,1,1,1,18,12,--,150.00,18,0,0,0,0,0,1,1,Titans Second League
,SINOVILLE 4,,,,,,,,,,,,,,,,,,,Titans Second League
133,Jahnu Parvataneni,TUKS 6,,TUKS 6,1,1,1,18,17,--,105.88,18,0,0,0,0,0,1,2,Titans Second League
,TUKS 6,,,,,,,,,,,,,,,,,,,Titans Second League
134,Pieter Jansen van Rensburg,SINOVILLE 4,,SINOVILLE 4,1,1,0,18,18,18.00,100.00,18,0,0,0,0,0,0,3,Titans Second League
,SINOVILLE 4,,,,,,,,,,,,,,,,,,,Titans Second League
135,Thoriso Dibatana,TUKS 6,,TUKS 6,5,3,0,18,25,6.00,72.00,18,0,0,0,0,2,0,3,Titans Second League
,TUKS 6,,,,,,,,,,,,,,,,,,,Titans Second League
136,Hendre Du toit,SINOVILLE 3,,SINOVILLE 3,2,2,1,18,33,18.00,54.55,14,0,0,0,0,0,0,2,Titans Second League
,SINOVILLE 3,,,,,,,,,,,,,,,,,,,Titans Second League
137,Zander Jordaan,SINOVILLE 4,,SINOVILLE 4,2,1,0,17,16,17.00,106.25,17,0,0,0,0,0,0,3,Titans Second League
,SINOVILLE 4,,,,,,,,,,,,,,,,,,,Titans Second League
138,Stefan van Staden,SINOVILLE 4,,SINOVILLE 4,1,1,0,16,10,16.00,160.00,16,0,0,0,0,0,1,1,Titans Second League
,SINOVILLE 4,,,,,,,,,,,,,,,,,,,Titans Second League
139,Heinrich Hamman,SINOVILLE 4,,SINOVILLE 4,2,1,0,16,11,16.00,145.45,16,0,0,0,0,0,0,3,Titans Second League
,SINOVILLE 4,,,,,,,,,,,,,,,,,,,Titans Second League
140,Karel Verhoef,CBCOB 3,,CBCOB 3,2,1,0,16,11,16.00,145.45,16,0,0,0,0,0,0,1,Titans Second League
,CBCOB 3,,,,,,,,,,,,,,,,,,,Titans Second League
141,Adriaan Venter,CBCOB 3,,CBCOB 3,6,2,1,16,11,16.00,145.45,16,0,0,0,0,1,1,2,Titans Second League
,CBCOB 3,,,,,,,,,,,,,,,,,,,Titans Second League
142,Ettienne Du Toit,SINOVILLE 4,,SINOVILLE 4,1,1,0,16,16,16.00,100.00,16,0,0,0,0,0,2,0,Titans Second League
,SINOVILLE 4,,,,,,,,,,,,,,,,,,,Titans Second League
143,Samashan Naidoo,TUKS 5,,TUKS 5,1,1,0,16,20,16.00,80.00,16,0,0,0,0,0,0,3,Titans Second League
,TUKS 5,,,,,,,,,,,,,,,,,,,Titans Second League
144,Hancko Vosser,TUKS 5,,TUKS 5,5,4,4,16,23,--,69.57,8,0,0,0,0,0,0,1,Titans Second League
,TUKS 5,,,,,,,,,,,,,,,,,,,Titans Second League
145,Juandre Tuks 6,TUKS 6,,TUKS 6,3,3,0,16,37,5.33,43.24,9,0,0,0,0,0,0,3,Titans Second League
,TUKS 6,,,,,,,,,,,,,,,,,,,Titans Second League
146,Steven Meyburgh,PHSOB 3,,PHSOB 3,7,4,1,15,26,5.00,57.69,10,0,0,0,0,1,1,2,Titans Second League
,PHSOB 3,,,,,,,,,,,,,,,,,,,Titans Second League
147,Victor Van Niekerk,IRENE VILLAGERS 3,,IRENE VILLAGERS 3,6,4,1,15,31,5.00,48.39,8,0,0,0,0,2,1,0,Titans Second League
,IRENE VILLAGERS 3,,,,,,,,,,,,,,,,,,,Titans Second League
148,Riaan Davel,SINOVILLE 4,,SINOVILLE 4,4,1,0,14,19,14.00,73.68,14,0,0,0,0,0,0,2,Titans Second League
,SINOVILLE 4,,,,,,,,,,,,,,,,,,,Titans Second League
149,Jacques Joubert,IRENE VILLAGERS 3,,IRENE VILLAGERS 3,9,3,1,14,33,7.00,42.42,9,0,0,0,0,0,0,1,Titans Second League
,IRENE VILLAGERS 3,,,,,,,,,,,,,,,,,,,Titans Second League
150,Hendre Du toit,SINOVILLE 4,,SINOVILLE 4,3,2,0,14,38,7.00,36.84,11,0,0,0,0,0,0,2,Titans Second League
,SINOVILLE 4,,,,,,,,,,,,,,,,,,,Titans Second League
151,Humayon Baig Mirza,POLICE 3,,POLICE 3,3,2,0,14,83,7.00,16.87,14,0,0,0,0,1,0,1,Titans Second League
,POLICE 3,,,,,,,,,,,,,,,,,,,Titans Second League
152,André Botes,CBCOB 3,,CBCOB 3,8,2,2,13,14,--,92.86,8,0,0,0,0,0,0,1,Titans Second League
,CBCOB 3,,,,,,,,,,,,,,,,,,,Titans Second League
153,Henro Bouwer,SINOVILLE 3,,SINOVILLE 3,1,1,0,13,16,13.00,81.25,13,0,0,0,0,0,1,0,Titans Second League
,SINOVILLE 3,,,,,,,,,,,,,,,,,,,Titans Second League
154,Jorich Van Schalkwyk,SINOVILLE 4,,SINOVILLE 4,1,1,1,12,10,--,120.00,12,0,0,0,0,0,0,2,Titans Second League
,SINOVILLE 4,,,,,,,,,,,,,,,,,,,Titans Second League
155,Louniel Brits,SINOVILLE 4,,SINOVILLE 4,2,1,1,12,13,--,92.31,12,0,0,0,0,0,0,2,Titans Second League
,SINOVILLE 4,,,,,,,,,,,,,,,,,,,Titans Second League
156,Murray White,PHSOB 3,,PHSOB 3,1,1,1,12,17,--,70.59,12,0,0,0,0,0,0,1,Titans Second League
,PHSOB 3,,,,,,,,,,,,,,,,,,,Titans Second League
157,Gian Tuks 6,TUKS 6,,TUKS 6,3,3,1,12,27,6.00,44.44,7,0,0,0,0,1,0,0,Titans Second League
,TUKS 6,,,,,,,,,,,,,,,,,,,Titans Second League
158,MJ Gouws,SINOVILLE 3,,SINOVILLE 3,2,1,0,11,7,11.00,157.14,11,0,0,0,0,0,0,2,Titans Second League
,SINOVILLE 3,,,,,,,,,,,,,,,,,,,Titans Second League
159,Dylan Van wyk,SINOVILLE 4,,SINOVILLE 4,3,1,0,11,12,11.00,91.67,11,0,0,0,0,0,0,2,Titans Second League
,SINOVILLE 4,,,,,,,,,,,,,,,,,,,Titans Second League
160,Stefan Schutte,SINOVILLE 4,,SINOVILLE 4,2,1,0,11,12,11.00,91.67,11,0,0,0,0,0,0,2,Titans Second League
,SINOVILLE 4,,,,,,,,,,,,,,,,,,,Titans Second League
161,Amin Qasim,POLICE 3,,POLICE 3,3,2,0,11,19,5.50,57.89,11,0,0,0,0,1,0,2,Titans Second League
,POLICE 3,,,,,,,,,,,,,,,,,,,Titans Second League
162,Stephan Lotter,SINOVILLE 3,,SINOVILLE 3,1,1,0,10,8,10.00,125.00,10,0,0,0,0,0,1,1,Titans Second League
,SINOVILLE 3,,,,,,,,,,,,,,,,,,,Titans Second League
163,Keaton Steenkamp,SINOVILLE 3,,SINOVILLE 3,1,1,1,10,9,--,111.11,10,0,0,0,0,0,0,2,Titans Second League
,SINOVILLE 3,,,,,,,,,,,,,,,,,,,Titans Second League
164,Pieter Pretorius,PHSOB 3,,PHSOB 3,1,1,0,10,14,10.00,71.43,10,0,0,0,0,0,0,2,Titans Second League
,PHSOB 3,,,,,,,,,,,,,,,,,,,Titans Second League
165,Nico Kruger,TUKS 5,,TUKS 5,3,3,1,10,19,5.00,52.63,6,0,0,0,0,0,0,0,Titans Second League
,TUKS 5,,,,,,,,,,,,,,,,,,,Titans Second League
166,Tiaan Marais,TUKS 6,,TUKS 6,2,2,1,9,7,9.00,128.57,9,0,0,0,0,1,0,1,Titans Second League
,TUKS 6,,,,,,,,,,,,,,,,,,,Titans Second League
167,Adriaan Ferreira,PHSOB 3,,PHSOB 3,5,2,1,9,8,9.00,112.50,8,0,0,0,0,0,0,1,Titans Second League
,PHSOB 3,,,,,,,,,,,,,,,,,,,Titans Second League
168,Jean Caudron,SINOVILLE 4,,SINOVILLE 4,5,2,0,9,16,4.50,56.25,7,0,0,0,0,0,0,0,Titans Second League
,SINOVILLE 4,,,,,,,,,,,,,,,,,,,Titans Second League
169,Justin Mostert,POLICE 3,,POLICE 3,3,2,0,9,30,4.50,30.00,5,0,0,0,0,0,0,1,Titans Second League
,POLICE 3,,,,,,,,,,,,,,,,,,,Titans Second League
170,Hossin Rony,SINOVILLE 4,,SINOVILLE 4,1,1,0,8,9,8.00,88.89,8,0,0,0,0,0,1,0,Titans Second League
,SINOVILLE 4,,,,,,,,,,,,,,,,,,,Titans Second League
171,Jason Gillard,SINOVILLE 4,,SINOVILLE 4,1,1,0,8,11,8.00,72.73,8,0,0,0,0,0,0,0,Titans Second League
,SINOVILLE 4,,,,,,,,,,,,,,,,,,,Titans Second League
172,Zandré Nel,SINOVILLE 3,,SINOVILLE 3,1,1,0,8,16,8.00,50.00,8,0,0,0,0,0,0,2,Titans Second League
,SINOVILLE 3,,,,,,,,,,,,,,,,,,,Titans Second League
173,Louniel Prins,SINOVILLE 4,,SINOVILLE 4,1,1,0,8,18,8.00,44.44,8,0,0,0,0,0,0,1,Titans Second League
,SINOVILLE 4,,,,,,,,,,,,,,,,,,,Titans Second League
174,Joe Vickery,TUKS 6,,TUKS 6,2,1,0,8,20,8.00,40.00,8,0,0,0,0,0,0,1,Titans Second League
,TUKS 6,,,,,,,,,,,,,,,,,,,Titans Second League
175,Bradley Wright,IRENE VILLAGERS 3,,IRENE VILLAGERS 3,4,3,1,8,21,4.00,38.10,7,0,0,0,0,1,0,1,Titans Second League
,IRENE VILLAGERS 3,,,,,,,,,,,,,,,,,,,Titans Second League
176,Jaco de Vos,TUKS 5,,TUKS 5,1,1,1,7,3,--,233.33,7,0,0,0,0,0,0,1,Titans Second League
,TUKS 5,,,,,,,,,,,,,,,,,,,Titans Second League
177,Nicky van Mollendorf,TUT 3,,TUT 3,1,1,1,7,5,--,140.00,7,0,0,0,0,0,1,0,Titans Second League
,TUT 3,,,,,,,,,,,,,,,,,,,Titans Second League
178,Oliver Beauclerk,TUKS 6,,TUKS 6,1,1,0,7,8,7.00,87.50,7,0,0,0,0,0,1,0,Titans Second League
,TUKS 6,,,,,,,,,,,,,,,,,,,Titans Second League
179,Tom Dixon,PHSOB 3,,PHSOB 3,1,1,0,6,5,6.00,120.00,6,0,0,0,0,0,1,0,Titans Second League
,PHSOB 3,,,,,,,,,,,,,,,,,,,Titans Second League
180,Mohammed Arbaz,TUKS 6,,TUKS 6,5,3,0,6,12,2.00,50.00,4,0,0,0,0,1,0,1,Titans Second League
,TUKS 6,,,,,,,,,,,,,,,,,,,Titans Second League
181,Henco Erasmus,SINOVILLE 3,,SINOVILLE 3,1,1,1,6,23,--,26.09,6,0,0,0,0,0,0,1,Titans Second League
,SINOVILLE 3,,,,,,,,,,,,,,,,,,,Titans Second League
182,Henco Pretorius,SINOVILLE 4,,SINOVILLE 4,1,1,0,6,32,6.00,18.75,6,0,0,0,0,0,0,0,Titans Second League
,SINOVILLE 4,,,,,,,,,,,,,,,,,,,Titans Second League
183,Playa1 Cbc,CBCOB 3,,CBCOB 3,1,1,0,5,6,5.00,83.33,5,0,0,0,0,0,0,0,Titans Second League
,CBCOB 3,,,,,,,,,,,,,,,,,,,Titans Second League
184,Marinus Nel,CBCOB 3,,CBCOB 3,3,1,1,5,14,--,35.71,5,0,0,0,0,0,0,1,Titans Second League
,CBCOB 3,,,,,,,,,,,,,,,,,,,Titans Second League
185,Michael Stoop,PHSOB 3,,PHSOB 3,3,1,1,5,16,--,31.25,5,0,0,0,0,0,0,0,Titans Second League
,PHSOB 3,,,,,,,,,,,,,,,,,,,Titans Second League
186,Evert Grove,TUKS 5,,TUKS 5,2,2,0,5,22,2.50,22.73,5,0,0,0,0,1,0,0,Titans Second League
,TUKS 5,,,,,,,,,,,,,,,,,,,Titans Second League
187,Mark Bekker,TUT 3,,TUT 3,3,1,0,4,4,4.00,100.00,4,0,0,0,0,0,0,1,Titans Second League
,TUT 3,,,,,,,,,,,,,,,,,,,Titans Second League
188,Rudi Roets,SINOVILLE 4,,SINOVILLE 4,3,1,0,4,4,4.00,100.00,4,0,0,0,0,0,0,0,Titans Second League
,SINOVILLE 4,,,,,,,,,,,,,,,,,,,Titans Second League
189,Ewan Tuks 6,TUKS 6,,TUKS 6,1,1,0,4,5,4.00,80.00,4,0,0,0,0,0,0,1,Titans Second League
,TUKS 6,,,,,,,,,,,,,,,,,,,Titans Second League
190,Lourens Pieterse,IRENE VILLAGERS 3,,IRENE VILLAGERS 3,4,2,1,4,8,4.00,50.00,4,0,0,0,0,0,0,0,Titans Second League
,IRENE VILLAGERS 3,,,,,,,,,,,,,,,,,,,Titans Second League
191,Maans De Bruin,SINOVILLE 3,,SINOVILLE 3,1,1,0,4,8,4.00,50.00,4,0,0,0,0,0,0,1,Titans Second League
,SINOVILLE 3,,,,,,,,,,,,,,,,,,,Titans Second League
192,Anton Behr,POLICE 3,,POLICE 3,2,1,1,4,9,--,44.44,4,0,0,0,0,0,0,0,Titans Second League
,POLICE 3,,,,,,,,,,,,,,,,,,,Titans Second League
193,Gerrald Gouws,CBCOB 3,,CBCOB 3,2,2,0,4,10,2.00,40.00,4,0,0,0,0,1,0,1,Titans Second League
,CBCOB 3,,,,,,,,,,,,,,,,,,,Titans Second League
194,Hassin Rony,SINOVILLE 3,,SINOVILLE 3,1,1,0,4,10,4.00,40.00,4,0,0,0,0,0,0,0,Titans Second League
,SINOVILLE 3,,,,,,,,,,,,,,,,,,,Titans Second League
195,Bonolo Khuzwayo,TUKS 6,,TUKS 6,1,1,1,3,2,--,150.00,3,0,0,0,0,0,0,0,Titans Second League
,TUKS 6,,,,,,,,,,,,,,,,,,,Titans Second League
196,Dries Van der Lith,SINOVILLE 3,,SINOVILLE 3,2,1,1,3,4,--,75.00,3,0,0,0,0,0,0,0,Titans Second League
,SINOVILLE 3,,,,,,,,,,,,,,,,,,,Titans Second League
197,Tumelo Sinoville,SINOVILLE 4,,SINOVILLE 4,1,1,1,3,4,--,75.00,3,0,0,0,0,0,0,0,Titans Second League
,SINOVILLE 4,,,,,,,,,,,,,,,,,,,Titans Second League
198,Zander Vd Mescht,PHSOB 3,,PHSOB 3,2,2,0,3,5,1.50,60.00,3,0,0,0,0,1,0,0,Titans Second League
,PHSOB 3,,,,,,,,,,,,,,,,,,,Titans Second League
199,Johan Feuth,CBCOB 3,,CBCOB 3,3,1,0,3,5,3.00,60.00,3,0,0,0,0,0,0,0,Titans Second League
,CBCOB 3,,,,,,,,,,,,,,,,,,,Titans Second League
200,Jean Bezuidenhout,TUT 3,,TUT 3,1,1,0,3,13,3.00,23.08,3,0,0,0,0,0,0,0,Titans Second League
,TUT 3,,,,,,,,,,,,,,,,,,,Titans Second League
201,Rudi Roets,SINOVILLE 3,,SINOVILLE 3,3,2,2,2,1,--,200.00,2,0,0,0,0,0,0,0,Titans Second League
,SINOVILLE 3,,,,,,,,,,,,,,,,,,,Titans Second League
202,Botha Irene,IRENE VILLAGERS 3,,IRENE VILLAGERS 3,1,1,0,2,2,2.00,100.00,2,0,0,0,0,0,0,0,Titans Second League
,IRENE VILLAGERS 3,,,,,,,,,,,,,,,,,,,Titans Second League
203,Manie de Beer,SINOVILLE 4,,SINOVILLE 4,1,1,1,2,3,--,66.67,2,0,0,0,0,0,0,0,Titans Second League
,SINOVILLE 4,,,,,,,,,,,,,,,,,,,Titans Second League
204,Zandre Nel,SINOVILLE 4,,SINOVILLE 4,1,1,0,2,3,2.00,66.67,2,0,0,0,0,0,0,0,Titans Second League
,SINOVILLE 4,,,,,,,,,,,,,,,,,,,Titans Second League
205,Devon Almeida,CBCOB 3,,CBCOB 3,3,1,0,2,4,2.00,50.00,2,0,0,0,0,0,0,0,Titans Second League
,CBCOB 3,,,,,,,,,,,,,,,,,,,Titans Second League
206,Jo Veldman,CBCOB 3,,CBCOB 3,2,1,1,2,5,--,40.00,2,0,0,0,0,0,0,0,Titans Second League
,CBCOB 3,,,,,,,,,,,,,,,,,,,Titans Second League
207,Dylan Kotze,CBCOB 3,,CBCOB 3,3,2,2,2,6,--,33.33,1,0,0,0,0,0,0,0,Titans Second League
,CBCOB 3,,,,,,,,,,,,,,,,,,,Titans Second League
208,Frikkie Tuks6,TUKS 6,,TUKS 6,3,3,0,2,8,0.67,25.00,2,0,0,0,0,2,0,0,Titans Second League
,TUKS 6,,,,,,,,,,,,,,,,,,,Titans Second League
209,Dylan Howe-Dreyer,PHSOB 3,,PHSOB 3,1,1,0,2,9,2.00,22.22,2,0,0,0,0,0,0,0,Titans Second League
,PHSOB 3,,,,,,,,,,,,,,,,,,,Titans Second League
210,Luke Mogagene,TUKS 6,,TUKS 6,3,2,1,2,10,2.00,20.00,2,0,0,0,0,0,0,0,Titans Second League
,TUKS 6,,,,,,,,,,,,,,,,,,,Titans Second League
211,Tavish Seebran Ramthol,TUKS 6,,TUKS 6,1,1,0,2,16,2.00,12.50,2,0,0,0,0,0,0,0,Titans Second League
,TUKS 6,,,,,,,,,,,,,,,,,,,Titans Second League
212,Josh Brady,PHSOB 3,,PHSOB 3,1,1,1,1,1,--,100.00,1,0,0,0,0,0,0,0,Titans Second League
,PHSOB 3,,,,,,,,,,,,,,,,,,,Titans Second League
213,Edwin Xx,TUT 3,,TUT 3,2,1,0,1,2,1.00,50.00,1,0,0,0,0,0,0,0,Titans Second League
,TUT 3,,,,,,,,,,,,,,,,,,,Titans Second League
214,Byron Slaughter,SINOVILLE 4,,SINOVILLE 4,3,1,0,1,3,1.00,33.33,1,0,0,0,0,0,0,0,Titans Second League
,SINOVILLE 4,,,,,,,,,,,,,,,,,,,Titans Second League
215,Du Preez Prinsloo,SINOVILLE 3,,SINOVILLE 3,1,1,0,1,3,1.00,33.33,1,0,0,0,0,0,0,0,Titans Second League
,SINOVILLE 3,,,,,,,,,,,,,,,,,,,Titans Second League
216,Jeandre Joubert,SINOVILLE 3,,SINOVILLE 3,1,1,1,1,3,--,33.33,1,0,0,0,0,0,0,0,Titans Second League
,SINOVILLE 3,,,,,,,,,,,,,,,,,,,Titans Second League
217,Mawanda Nzimakhwe,TUKS 6,,TUKS 6,2,2,1,1,4,1.00,25.00,1,0,0,0,0,1,0,0,Titans Second League
,TUKS 6,,,,,,,,,,,,,,,,,,,Titans Second League
218,Sean Povey,SINOVILLE 4,,SINOVILLE 4,3,1,0,1,4,1.00,25.00,1,0,0,0,0,0,0,0,Titans Second League
,SINOVILLE 4,,,,,,,,,,,,,,,,,,,Titans Second League
219,Eddie Robenson,SINOVILLE 4,,SINOVILLE 4,1,1,1,1,4,--,25.00,1,0,0,0,0,0,0,0,Titans Second League
,SINOVILLE 4,,,,,,,,,,,,,,,,,,,Titans Second League
220,Johan Pansegrouw,IRENE VILLAGERS 3,,IRENE VILLAGERS 3,7,3,1,1,5,0.50,20.00,1,0,0,0,0,2,0,0,Titans Second League
,IRENE VILLAGERS 3,,,,,,,,,,,,,,,,,,,Titans Second League
221,Stephan Stoltz,CBCOB 3,,CBCOB 3,1,1,0,1,6,1.00,16.67,1,0,0,0,0,0,0,0,Titans Second League
,CBCOB 3,,,,,,,,,,,,,,,,,,,Titans Second League
222,JP Roets,SINOVILLE 3,,SINOVILLE 3,6,2,0,1,11,0.50,9.09,1,0,0,0,0,1,0,0,Titans Second League
,SINOVILLE 3,,,,,,,,,,,,,,,,,,,Titans Second League
223,Rudi Loibner,CBCOB 3,,CBCOB 3,2,0,0,0,0,--,0.00,0,0,0,0,0,0,0,0,Titans Second League
,CBCOB 3,,,,,,,,,,,,,,,,,,,Titans Second League
224,Jeandre van Molendorff,SINOVILLE 3,,SINOVILLE 3,1,0,0,0,0,--,0.00,0,0,0,0,0,0,0,0,Titans Second League
,SINOVILLE 3,,,,,,,,,,,,,,,,,,,Titans Second League
225,Ruan Breytenbach,SINOVILLE 3,,SINOVILLE 3,1,0,0,0,0,--,0.00,0,0,0,0,0,0,0,0,Titans Second League
,SINOVILLE 3,,,,,,,,,,,,,,,,,,,Titans Second League
226,Kutloano Maseko,TUKS 6,,TUKS 6,1,0,0,0,0,--,0.00,0,0,0,0,0,0,0,0,Titans Second League
,TUKS 6,,,,,,,,,,,,,,,,,,,Titans Second League
227,Dian Van der Walt,CBCOB 3,,CBCOB 3,2,0,0,0,0,--,0.00,0,0,0,0,0,0,0,0,Titans Second League
,CBCOB 3,,,,,,,,,,,,,,,,,,,Titans Second League
228,Hugo Pretorius,PHSOB 3,,PHSOB 3,2,0,0,0,0,--,0.00,0,0,0,0,0,0,0,0,Titans Second League
,PHSOB 3,,,,,,,,,,,,,,,,,,,Titans Second League
229,Manie de Beer,SINOVILLE 3,,SINOVILLE 3,1,0,0,0,0,--,0.00,0,0,0,0,0,0,0,0,Titans Second League
,SINOVILLE 3,,,,,,,,,,,,,,,,,,,Titans Second League
230,Juan Van den berg,SINOVILLE 4,,SINOVILLE 4,3,0,0,0,0,--,0.00,0,0,0,0,0,0,0,0,Titans Second League
,SINOVILLE 4,,,,,,,,,,,,,,,,,,,Titans Second League
231,JP Goosen,SINOVILLE 4,,SINOVILLE 4,2,0,0,0,0,--,0.00,0,0,0,0,0,0,0,0,Titans Second League
,SINOVILLE 4,,,,,,,,,,,,,,,,,,,Titans Second League
232,Jacques Nel,CBCOB 3,,CBCOB 3,5,0,0,0,0,--,0.00,0,0,0,0,0,0,0,0,Titans Second League
,CBCOB 3,,,,,,,,,,,,,,,,,,,Titans Second League
233,Matthew Bottham,CBCOB 3,,CBCOB 3,1,0,0,0,0,--,0.00,0,0,0,0,0,0,0,0,Titans Second League
,CBCOB 3,,,,,,,,,,,,,,,,,,,Titans Second League
234,Stephan Van Der Berg,CBCOB 3,,CBCOB 3,2,0,0,0,0,--,0.00,0,0,0,0,0,0,0,0,Titans Second League
,CBCOB 3,,,,,,,,,,,,,,,,,,,Titans Second League
235,Royes Auret,TUKS 5,,TUKS 5,2,0,0,0,0,--,0.00,0,0,0,0,0,0,0,0,Titans Second League
,TUKS 5,,,,,,,,,,,,,,,,,,,Titans Second League
236,Ethan McMean,IRENE VILLAGERS 3,,IRENE VILLAGERS 3,1,0,0,0,0,--,0.00,0,0,0,0,0,0,0,0,Titans Second League
,IRENE VILLAGERS 3,,,,,,,,,,,,,,,,,,,Titans Second League
237,Jason Gillard,SINOVILLE 3,,SINOVILLE 3,1,0,0,0,0,--,0.00,0,0,0,0,0,0,0,0,Titans Second League
,SINOVILLE 3,,,,,,,,,,,,,,,,,,,Titans Second League
238,David Fourie,CBCOB 3,,CBCOB 3,2,0,0,0,0,--,0.00,0,0,0,0,0,0,0,0,Titans Second League
,CBCOB 3,,,,,,,,,,,,,,,,,,,Titans Second League
239,Eddie Ndlovu,CBCOB 3,,CBCOB 3,2,0,0,0,0,--,0.00,0,0,0,0,0,0,0,0,Titans Second League
,CBCOB 3,,,,,,,,,,,,,,,,,,,Titans Second League
240,Gregg Gilson,CBCOB 3,,CBCOB 3,2,0,0,0,0,--,0.00,0,0,0,0,0,0,0,0,Titans Second League
,CBCOB 3,,,,,,,,,,,,,,,,,,,Titans Second League
241,Francios Botha,SINOVILLE 3,,SINOVILLE 3,1,0,0,0,0,--,0.00,0,0,0,0,0,0,0,0,Titans Second League
,SINOVILLE 3,,,,,,,,,,,,,,,,,,,Titans Second League
242,Maans Roubaix,SINOVILLE 3,,SINOVILLE 3,1,0,0,0,0,--,0.00,0,0,0,0,0,0,0,0,Titans Second League
,SINOVILLE 3,,,,,,,,,,,,,,,,,,,Titans Second League
243,Lucky Moshoati,TUKS 5,,TUKS 5,1,1,1,0,0,--,0.00,0,0,0,0,0,0,0,0,Titans Second League
,TUKS 5,,,,,,,,,,,,,,,,,,,Titans Second League
244,Stan Skinner,TUKS 5,,TUKS 5,1,0,0,0,0,--,0.00,0,0,0,0,0,0,0,0,Titans Second League
,TUKS 5,,,,,,,,,,,,,,,,,,,Titans Second League
245,Sana ullah Ula,POLICE 3,,POLICE 3,1,0,0,0,0,--,0.00,0,0,0,0,0,0,0,0,Titans Second League
,POLICE 3,,,,,,,,,,,,,,,,,,,Titans Second League
246,Preston Tuks6,TUKS 6,,TUKS 6,1,0,0,0,0,--,0.00,0,0,0,0,0,0,0,0,Titans Second League
,TUKS 6,,,,,,,,,,,,,,,,,,,Titans Second League
247,Stanley Fabri,SINOVILLE 3,,SINOVILLE 3,1,0,0,0,0,--,0.00,0,0,0,0,0,0,0,0,Titans Second League
,SINOVILLE 3,,,,,,,,,,,,,,,,,,,Titans Second League
248,Nicolai Bester,SINOVILLE 4,,SINOVILLE 4,1,0,0,0,0,--,0.00,0,0,0,0,0,0,0,0,Titans Second League
,SINOVILLE 4,,,,,,,,,,,,,,,,,,,Titans Second League
249,Johan Broekman,CBCOB 3,,CBCOB 3,1,0,0,0,0,--,0.00,0,0,0,0,0,0,0,0,Titans Second League
,CBCOB 3,,,,,,,,,,,,,,,,,,,Titans Second League
250,Franco Ferns,CBCOB 3,,CBCOB 3,1,0,0,0,0,--,0.00,0,0,0,0,0,0,0,0,Titans Second League
,CBCOB 3,,,,,,,,,,,,,,,,,,,Titans Second League
251,Brendan Freiser,CBCOB 3,,CBCOB 3,2,0,0,0,0,--,0.00,0,0,0,0,0,0,0,0,Titans Second League
,CBCOB 3,,,,,,,,,,,,,,,,,,,Titans Second League
252,Micheal van der Westhuizen,CBCOB 3,,CBCOB 3,5,0,0,0,0,--,0.00,0,0,0,0,0,0,0,0,Titans Second League
,CBCOB 3,,,,,,,,,,,,,,,,,,,Titans Second League
253,Jonson Cbc,CBCOB 3,,CBCOB 3,1,0,0,0,0,--,0.00,0,0,0,0,0,0,0,0,Titans Second League
,CBCOB 3,,,,,,,,,,,,,,,,,,,Titans Second League
254,Pieter Smit,CBCOB 3,,CBCOB 3,1,0,0,0,0,--,0.00,0,0,0,0,0,0,0,0,Titans Second League
,CBCOB 3,,,,,,,,,,,,,,,,,,,Titans Second League
255,Khumo Tlhoaela,CBCOB 3,,CBCOB 3,1,0,0,0,0,--,0.00,0,0,0,0,0,0,0,0,Titans Second League
,CBCOB 3,,,,,,,,,,,,,,,,,,,Titans Second League
256,Riaan Davel,SINOVILLE 3,,SINOVILLE 3,1,0,0,0,0,--,0.00,0,0,0,0,0,0,0,0,Titans Second League
,SINOVILLE 3,,,,,,,,,,,,,,,,,,,Titans Second League
257,Kai Trimpelmann,SINOVILLE 4,,SINOVILLE 4,1,0,0,0,0,--,0.00,0,0,0,0,0,0,0,0,Titans Second League
,SINOVILLE 4,,,,,,,,,,,,,,,,,,,Titans Second League
258,Berno Klopper,SINOVILLE 4,,SINOVILLE 4,1,0,0,0,0,--,0.00,0,0,0,0,0,0,0,0,Titans Second League
,SINOVILLE 4,,,,,,,,,,,,,,,,,,,Titans Second League
259,Maritz Bezuidenhout,SINOVILLE 4,,SINOVILLE 4,2,0,0,0,0,--,0.00,0,0,0,0,0,0,0,0,Titans Second League
,SINOVILLE 4,,,,,,,,,,,,,,,,,,,Titans Second League
260,Brenden PHSOB 3,PHSOB 3,,PHSOB 3,1,0,0,0,0,--,0.00,0,0,0,0,0,0,0,0,Titans Second League
,PHSOB 3,,,,,,,,,,,,,,,,,,,Titans Second League
261,Nico de Bruyn,TUKS 5,,TUKS 5,2,0,0,0,0,--,0.00,0,0,0,0,0,0,0,0,Titans Second League
,TUKS 5,,,,,,,,,,,,,,,,,,,Titans Second League
262,Marnus Swanepoel,SINOVILLE 3,,SINOVILLE 3,1,0,0,0,0,--,0.00,0,0,0,0,0,0,0,0,Titans Second League
,SINOVILLE 3,,,,,,,,,,,,,,,,,,,Titans Second League
263,Theuno Botha,SINOVILLE 4,,SINOVILLE 4,1,0,0,0,0,--,0.00,0,0,0,0,0,0,0,0,Titans Second League
,SINOVILLE 4,,,,,,,,,,,,,,,,,,,Titans Second League
264,JJ Du Toit,SINOVILLE 4,,SINOVILLE 4,3,0,0,0,0,--,0.00,0,0,0,0,0,0,0,0,Titans Second League
,SINOVILLE 4,,,,,,,,,,,,,,,,,,,Titans Second League
265,Mosleh Uddin,SINOVILLE 4,,SINOVILLE 4,1,0,0,0,0,--,0.00,0,0,0,0,0,0,0,0,Titans Second League
,SINOVILLE 4,,,,,,,,,,,,,,,,,,,Titans Second League
266,Marco Rudolph,SINOVILLE 3,,SINOVILLE 3,1,0,0,0,0,--,0.00,0,0,0,0,0,0,0,0,Titans Second League
,SINOVILLE 3,,,,,,,,,,,,,,,,,,,Titans Second League
267,Brandon Van Wyk,SINOVILLE 3,,SINOVILLE 3,1,0,0,0,0,--,0.00,0,0,0,0,0,0,0,0,Titans Second League
,SINOVILLE 3,,,,,,,,,,,,,,,,,,,Titans Second League
268,Maans De Roubaix,SINOVILLE 4,,SINOVILLE 4,1,0,0,0,0,--,0.00,0,0,0,0,0,0,0,0,Titans Second League
,SINOVILLE 4,,,,,,,,,,,,,,,,,,,Titans Second League
269,Tihardt Kruger,TUKS 5,,TUKS 5,1,0,0,0,0,--,0.00,0,0,0,0,0,0,0,0,Titans Second League
,TUKS 5,,,,,,,,,,,,,,,,,,,Titans Second League
270,Juandre Joubert,SINOVILLE 4,,SINOVILLE 4,1,0,0,0,0,--,0.00,0,0,0,0,0,0,0,0,Titans Second League
,SINOVILLE 4,,,,,,,,,,,,,,,,,,,Titans Second League
271,Tyler Irene,IRENE VILLAGERS 3,,IRENE VILLAGERS 3,1,0,0,0,0,--,0.00,0,0,0,0,0,0,0,0,Titans Second League
,IRENE VILLAGERS 3,,,,,,,,,,,,,,,,,,,Titans Second League
272,Playa4 Cbc,CBCOB 3,,CBCOB 3,1,0,0,0,0,--,0.00,0,0,0,0,0,0,0,0,Titans Second League
,CBCOB 3,,,,,,,,,,,,,,,,,,,Titans Second League
273,Playa5 Cbc,CBCOB 3,,CBCOB 3,1,0,0,0,0,--,0.00,0,0,0,0,0,0,0,0,Titans Second League
,CBCOB 3,,,,,,,,,,,,,,,,,,,Titans Second League
274,Playa6 Cbc,CBCOB 3,,CBCOB 3,1,0,0,0,0,--,0.00,0,0,0,0,0,0,0,0,Titans Second League
,CBCOB 3,,,,,,,,,,,,,,,,,,,Titans Second League
275,Playa7 Cbc,CBCOB 3,,CBCOB 3,1,0,0,0,0,--,0.00,0,0,0,0,0,0,0,0,Titans Second League
,CBCOB 3,,,,,,,,,,,,,,,,,,,Titans Second League
276,Playa8 Cbc,CBCOB 3,,CBCOB 3,1,0,0,0,0,--,0.00,0,0,0,0,0,0,0,0,Titans Second League
,CBCOB 3,,,,,,,,,,,,,,,,,,,Titans Second League
277,Playa9 Cbc,CBCOB 3,,CBCOB 3,1,0,0,0,0,--,0.00,0,0,0,0,0,0,0,0,Titans Second League
,CBCOB 3,,,,,,,,,,,,,,,,,,,Titans Second League
278,Playa10 Cbc,CBCOB 3,,CBCOB 3,1,0,0,0,0,--,0.00,0,0,0,0,0,0,0,0,Titans Second League
,CBCOB 3,,,,,,,,,,,,,,,,,,,Titans Second League
279,Playa11 Cbc,CBCOB 3,,CBCOB 3,1,0,0,0,0,--,0.00,0,0,0,0,0,0,0,0,Titans Second League
,CBCOB 3,,,,,,,,,,,,,,,,,,,Titans Second League
280,Dieter Munnik,TUKS 5,,TUKS 5,1,0,0,0,0,--,0.00,0,0,0,0,0,0,0,0,Titans Second League
,TUKS 5,,,,,,,,,,,,,,,,,,,Titans Second League
281,Danie Doubell,PHSOB 3,,PHSOB 3,1,0,0,0,0,--,0.00,0,0,0,0,0,0,0,0,Titans Second League
,PHSOB 3,,,,,,,,,,,,,,,,,,,Titans Second League
282,Braam Sinoville,SINOVILLE 3,,SINOVILLE 3,1,0,0,0,0,--,0.00,0,0,0,0,0,0,0,0,Titans Second League
,SINOVILLE 3,,,,,,,,,,,,,,,,,,,Titans Second League
283,Cornel Schnitter,CBCOB 3,,CBCOB 3,1,0,0,0,0,--,0.00,0,0,0,0,0,0,0,0,Titans Second League
,CBCOB 3,,,,,,,,,,,,,,,,,,,Titans Second League
284,Logan Almeida,CBCOB 3,,CBCOB 3,1,0,0,0,0,--,0.00,0,0,0,0,0,0,0,0,Titans Second League
,CBCOB 3,,,,,,,,,,,,,,,,,,,Titans Second League
285,Gershwin Reid,CBCOB 3,,CBCOB 3,1,0,0,0,0,--,0.00,0,0,0,0,0,0,0,0,Titans Second League
,CBCOB 3,,,,,,,,,,,,,,,,,,,Titans Second League
286,Lehlohonolo Moshoati,TUKS 5,,TUKS 5,1,0,0,0,0,--,0.00,0,0,0,0,0,0,0,0,Titans Second League
,TUKS 5,,,,,,,,,,,,,,,,,,,Titans Second League
287,Riaan Von bentheim,TUKS 5,,TUKS 5,1,0,0,0,0,--,0.00,0,0,0,0,0,0,0,0,Titans Second League
,TUKS 5,,,,,,,,,,,,,,,,,,,Titans Second League
288,Ivan Bekker,TUKS 5,,TUKS 5,1,0,0,0,0,--,0.00,0,0,0,0,0,0,0,0,Titans Second League
,TUKS 5,,,,,,,,,,,,,,,,,,,Titans Second League
289,Willem Cbc3,CBCOB 3,,CBCOB 3,1,0,0,0,0,--,0.00,0,0,0,0,0,0,0,0,Titans Second League
,CBCOB 3,,,,,,,,,,,,,,,,,,,Titans Second League
290,Chris Cbc3,CBCOB 3,,CBCOB 3,1,0,0,0,0,--,0.00,0,0,0,0,0,0,0,0,Titans Second League
,CBCOB 3,,,,,,,,,,,,,,,,,,,Titans Second League
291,Shaun Muirhead,CBCOB 3,,CBCOB 3,1,0,0,0,0,--,0.00,0,0,0,0,0,0,0,0,Titans Second League
,CBCOB 3,,,,,,,,,,,,,,,,,,,Titans Second League
292,Bruce Cbc3,CBCOB 3,,CBCOB 3,1,0,0,0,0,--,0.00,0,0,0,0,0,0,0,0,Titans Second League
,CBCOB 3,,,,,,,,,,,,,,,,,,,Titans Second League
293,Devin Cbc3,CBCOB 3,,CBCOB 3,1,0,0,0,0,--,0.00,0,0,0,0,0,0,0,0,Titans Second League
,CBCOB 3,,,,,,,,,,,,,,,,,,,Titans Second League
294,Gershwin Reid,CBCOB 3,,CBCOB 3,1,0,0,0,0,--,0.00,0,0,0,0,0,0,0,0,Titans Second League
,CBCOB 3,,,,,,,,,,,,,,,,,,,Titans Second League
295,Stephan Van den berg,CBCOB 3,,CBCOB 3,1,0,0,0,0,--,0.00,0,0,0,0,0,0,0,0,Titans Second League
,CBCOB 3,,,,,,,,,,,,,,,,,,,Titans Second League
296,Cornel Cbc3,CBCOB 3,,CBCOB 3,1,0,0,0,0,--,0.00,0,0,0,0,0,0,0,0,Titans Second League
,CBCOB 3,,,,,,,,,,,,,,,,,,,Titans Second League
297,Logan Almeida,CBCOB 3,,CBCOB 3,1,0,0,0,0,--,0.00,0,0,0,0,0,0,0,0,Titans Second League
,CBCOB 3,,,,,,,,,,,,,,,,,,,Titans Second League
298,Michael Cbc3,CBCOB 3,,CBCOB 3,1,0,0,0,0,--,0.00,0,0,0,0,0,0,0,0,Titans Second League
,CBCOB 3,,,,,,,,,,,,,,,,,,,Titans Second League
299,JP Roetz,SINOVILLE 4,,SINOVILLE 4,1,0,0,0,0,--,0.00,0,0,0,0,0,0,0,0,Titans Second League
,SINOVILLE 4,,,,,,,,,,,,,,,,,,,Titans Second League
300,Jorich van Schalkwyk,SINOVILLE 3,,SINOVILLE 3,1,0,0,0,0,--,0.00,0,0,0,0,0,0,0,0,Titans Second League
,SINOVILLE 3,,,,,,,,,,,,,,,,,,,Titans Second League
301,Dylan van Wyk,SINOVILLE 3,,SINOVILLE 3,1,0,0,0,0,--,0.00,0,0,0,0,0,0,0,0,Titans Second League
,SINOVILLE 3,,,,,,,,,,,,,,,,,,,Titans Second League
302,Davie Fabri,SINOVILLE 3,,SINOVILLE 3,1,0,0,0,0,--,0.00,0,0,0,0,0,0,0,0,Titans Second League
,SINOVILLE 3,,,,,,,,,,,,,,,,,,,Titans Second League
303,Sean Povey,SINOVILLE 3,,SINOVILLE 3,2,0,0,0,0,--,0.00,0,0,0,0,0,0,0,0,Titans Second League
,SINOVILLE 3,,,,,,,,,,,,,,,,,,,Titans Second League
304,Byron Slaughter,SINOVILLE 3,,SINOVILLE 3,2,0,0,0,0,--,0.00,0,0,0,0,0,0,0,0,Titans Second League
,SINOVILLE 3,,,,,,,,,,,,,,,,,,,Titans Second League
305,Gerhard Lock,SINOVILLE 4,,SINOVILLE 4,1,0,0,0,0,--,0.00,0,0,0,0,0,0,0,0,Titans Second League
,SINOVILLE 4,,,,,,,,,,,,,,,,,,,Titans Second League
306,Jacques van Niekerk,SINOVILLE 4,,SINOVILLE 4,1,0,0,0,0,--,0.00,0,0,0,0,0,0,0,0,Titans Second League
,SINOVILLE 4,,,,,,,,,,,,,,,,,,,Titans Second League
307,Luca Bauros,SINOVILLE 4,,SINOVILLE 4,1,0,0,0,0,--,0.00,0,0,0,0,0,0,0,0,Titans Second League
,SINOVILLE 4,,,,,,,,,,,,,,,,,,,Titans Second League
308,Luke Cannata,SINOVILLE 4,,SINOVILLE 4,1,0,0,0,0,--,0.00,0,0,0,0,0,0,0,0,Titans Second League
,SINOVILLE 4,,,,,,,,,,,,,,,,,,,Titans Second League
309,Ruan Breytenbach,SINOVILLE 4,,SINOVILLE 4,1,0,0,0,0,--,0.00,0,0,0,0,0,0,0,0,Titans Second League
,SINOVILLE 4,,,,,,,,,,,,,,,,,,,Titans Second League
310,Morgan Potgieter,SINOVILLE 3,,SINOVILLE 3,1,0,0,0,0,--,0.00,0,0,0,0,0,0,0,0,Titans Second League
,SINOVILLE 3,,,,,,,,,,,,,,,,,,,Titans Second League
311,Damien Pringle,SINOVILLE 3,,SINOVILLE 3,1,0,0,0,0,--,0.00,0,0,0,0,0,0,0,0,Titans Second League
,SINOVILLE 3,,,,,,,,,,,,,,,,,,,Titans Second League
312,Adam Cannata,SINOVILLE 4,,SINOVILLE 4,1,0,0,0,0,--,0.00,0,0,0,0,0,0,0,0,Titans Second League
,SINOVILLE 4,,,,,,,,,,,,,,,,,,,Titans Second League
313,Kashif Ghuman,POLICE 3,,POLICE 3,2,1,0,0,1,0.00,0.00,0,0,0,0,0,1,0,0,Titans Second League
,POLICE 3,,,,,,,,,,,,,,,,,,,Titans Second League
314,Caleb Eckard,CBCOB 3,,CBCOB 3,6,1,0,0,1,0.00,0.00,0,0,0,0,0,1,0,0,Titans Second League
,CBCOB 3,,,,,,,,,,,,,,,,,,,Titans Second League
315,Rihann Van der Merwe,TUT 3,,TUT 3,2,1,0,0,1,0.00,0.00,0,0,0,0,0,1,0,0,Titans Second League
,TUT 3,,,,,,,,,,,,,,,,,,,Titans Second League
316,Rowan Poole,CBCOB 3,,CBCOB 3,1,1,0,0,1,0.00,0.00,0,0,0,0,0,1,0,0,Titans Second League
,CBCOB 3,,,,,,,,,,,,,,,,,,,Titans Second League
317,Wayne Steyn,TUT 3,,TUT 3,1,1,0,0,1,0.00,0.00,0,0,0,0,0,1,0,0,Titans Second League
,TUT 3,,,,,,,,,,,,,,,,,,,Titans Second League
318,Juan Matta,SINOVILLE 3,,SINOVILLE 3,1,1,0,0,1,0.00,0.00,0,0,0,0,0,1,0,0,Titans Second League
,SINOVILLE 3,,,,,,,,,,,,,,,,,,,Titans Second League
319,Cecil Chitaka,TUKS 5,,TUKS 5,1,1,1,0,1,--,0.00,0,0,0,0,0,0,0,0,Titans Second League
,TUKS 5,,,,,,,,,,,,,,,,,,,Titans Second League
320,Wian van Deventer,SINOVILLE 4,,SINOVILLE 4,2,1,0,0,1,0.00,0.00,0,0,0,0,0,1,0,0,Titans Second League
,SINOVILLE 4,,,,,,,,,,,,,,,,,,,Titans Second League
321,Eugene Joubert,SINOVILLE 3,,SINOVILLE 3,1,1,0,0,1,0.00,0.00,0,0,0,0,0,1,0,0,Titans Second League
,SINOVILLE 3,,,,,,,,,,,,,,,,,,,Titans Second League
322,Louniel Brits,SINOVILLE 3,,SINOVILLE 3,1,1,0,0,2,0.00,0.00,0,0,0,0,0,1,0,0,Titans Second League
,SINOVILLE 3,,,,,,,,,,,,,,,,,,,Titans Second League
323,Juan Van den berg,SINOVILLE 3,,SINOVILLE 3,3,1,0,0,2,0.00,0.00,0,0,0,0,0,1,0,0,Titans Second League
,SINOVILLE 3,,,,,,,,,,,,,,,,,,,Titans Second League
324,Wian Munnik,SINOVILLE 3,,SINOVILLE 3,1,1,0,0,2,0.00,0.00,0,0,0,0,0,1,0,0,Titans Second League
,SINOVILLE 3,,,,,,,,,,,,,,,,,,,Titans Second League
325,Ruben Munnik,SINOVILLE 4,,SINOVILLE 4,3,1,0,0,2,0.00,0.00,0,0,0,0,0,1,0,0,Titans Second League
,SINOVILLE 4,,,,,,,,,,,,,,,,,,,Titans Second League
326,Jayden Gordon,SINOVILLE 4,,SINOVILLE 4,1,1,0,0,2,0.00,0.00,0,0,0,0,0,1,0,0,Titans Second League
,SINOVILLE 4,,,,,,,,,,,,,,,,,,,Titans Second League
327,Jaco Brits,PHSOB 3,,PHSOB 3,1,1,0,0,2,0.00,0.00,0,0,0,0,0,1,0,0,Titans Second League
,PHSOB 3,,,,,,,,,,,,,,,,,,,Titans Second League
328,Muhammad Qasim Muhammad,POLICE 3,,POLICE 3,3,2,0,0,3,0.00,0.00,0,0,0,0,0,2,0,0,Titans Second League
,POLICE 3,,,,,,,,,,,,,,,,,,,Titans Second League
329,George Chibweza,CBCOB 3,,CBCOB 3,3,1,1,0,3,--,0.00,0,0,0,0,0,0,0,0,Titans Second League
,CBCOB 3,,,,,,,,,,,,,,,,,,,Titans Second League
330,Mike Brink,PHSOB 3,,PHSOB 3,1,1,0,0,4,0.00,0.00,0,0,0,0,0,1,0,0,Titans Second League
,PHSOB 3,,,,,,,,,,,,,,,,,,,Titans Second League
331,Mlungisi Tuks 6,TUKS 6,,TUKS 6,1,1,0,0,4,0.00,0.00,0,0,0,0,0,1,0,0,Titans Second League
,TUKS 6,,,,,,,,,,,,,,,,,,,Titans Second League
332,Du Preez Prinsloo,SINOVILLE 4,,SINOVILLE 4,1,1,0,0,4,0.00,0.00,0,0,0,0,0,1,0,0,Titans Second League
,SINOVILLE 4,,,,,,,,,,,,,,,,,,,Titans Second League
333,Ruben Munnik,SINOVILLE 3,,SINOVILLE 3,1,1,0,0,5,0.00,0.00,0,0,0,0,0,1,0,0,Titans Second League
,SINOVILLE 3,,,,,,,,,,,,,,,,,,,Titans Second League
334,Mosleh Uddin,SINOVILLE 3,,SINOVILLE 3,1,1,0,0,5,0.00,0.00,0,0,0,0,0,1,0,0,Titans Second League
,SINOVILLE 3,,,,,,,,,,,,,,,,,,,Titans Second League
335,Pusoletso Ethan,TUKS 6,,TUKS 6,1,1,0,0,7,0.00,0.00,0,0,0,0,0,1,0,0,Titans Second League
,TUKS 6,,,,,,,,,,,,,,,,,,,Titans Second League
336,Waseem Ullah,POLICE 3,,POLICE 3,3,2,1,0,8,0.00,0.00,0,0,0,0,0,1,0,0,Titans Second League
,POLICE 3,,,,,,,,,,,,,,,,,,,Titans Second League
337,MJ Kruger,TUKS 5,,TUKS 5,1,1,1,0,8,--,0.00,0,0,0,0,0,0,0,0,Titans Second League
,TUKS 5,,,,,,,,,,,,,,,,,,,Titans Second League
338,Wynand De beer,IRENE VILLAGERS 3,,IRENE VILLAGERS 3,1,1,0,0,10,0.00,0.00,0,0,0,0,0,1,0,0,Titans Second League
,IRENE VILLAGERS 3,,,,,,,,,,,,,,,,,,,Titans Second League
