SNO,PLAYER,TEAM_IMG,BLANK,CATCHES,WK_CATCHES,DIRECT_RO,INDIRECT_RO,RUNS,STUMPINGS,TOTAL,League Name
1,Johanco Faihst,TUKS 5,,TUKS 5,3,7,0,0,0,10,2023 Titans Second League
,TUKS 5,,,,,,,,,,2023 Titans Second League
2,Bennie Viljoen,IRENE VILLAGERS 4,,IRENE VILLAGERS 4,8,1,0,0,0,9,2023 Titans Second League
,IRENE VILLAGERS 4,,,,,,,,,,2023 Titans Second League
3,Kyle Kunneke,IRENE VILLAGERS 3,,IRENE VILLAGERS 3,8,0,1,0,0,9,2023 Titans Second League
,IRENE VILLAGERS 3,,,,,,,,,,2023 Titans Second League
4,Frits Snyman,TUKS 5,,TUKS 5,0,8,0,0,0,8,2023 Titans Second League
,TUKS 5,,,,,,,,,,2023 Titans Second League
5,Gerhard De Bruin,TUKS 5,,TUKS 5,7,0,0,1,0,8,2023 Titans Second League
,TUKS 5,,,,,,,,,,2023 Titans Second League
6,Aerton Helena,TUKS 5,,TUKS 5,7,0,0,0,0,7,2023 Titans Second League
,TUKS 5,,,,,,,,,,2023 Titans Second League
7,Tiaan Engelbrecht,TUKS 5,,TUKS 5,6,0,0,1,0,7,2023 Titans Second League
,TUKS 5,,,,,,,,,,2023 Titans Second League
8,Matthew Collins,IRENE VILLAGERS 3,,IRENE VILLAGERS 3,6,0,0,1,0,7,2023 Titans Second League
,IRENE VILLAGERS 3,,,,,,,,,,2023 Titans Second League
9,Henco Murphy,IRENE VILLAGERS 3,,IRENE VILLAGERS 3,1,5,0,0,1,7,2023 Titans Second League
,IRENE VILLAGERS 3,,,,,,,,,,2023 Titans Second League
10,Justin Van Bassen,PHSOB 3,,PHSOB 3,2,3,1,0,1,7,2023 Titans Second League
,PHSOB 3,,,,,,,,,,2023 Titans Second League
11,Martin Van Tonder,TUKS 5,,TUKS 5,6,0,0,0,0,6,2023 Titans Second League
,TUKS 5,,,,,,,,,,2023 Titans Second League
12,Gerhard Swanepoel,IRENE VILLAGERS 3,,IRENE VILLAGERS 3,3,2,0,1,0,6,2023 Titans Second League
,IRENE VILLAGERS 3,,,,,,,,,,2023 Titans Second League
13,Andro Vosloo,PHSOB 3,,PHSOB 3,4,0,2,0,0,6,2023 Titans Second League
,PHSOB 3,,,,,,,,,,2023 Titans Second League
14,Christian Strydom,TUKS 5,,TUKS 5,4,1,0,0,0,5,2023 Titans Second League
,TUKS 5,,,,,,,,,,2023 Titans Second League
15,Niel Coetzee,TUT 3,,TUT 3,0,5,0,0,0,5,2023 Titans Second League
,TUT 3,,,,,,,,,,2023 Titans Second League
16,Dewald Basson,TUT 3,,TUT 3,5,0,0,0,0,5,2023 Titans Second League
,TUT 3,,,,,,,,,,2023 Titans Second League
17,Berno Klopper,SINOVILLE 3,,SINOVILLE 3,4,1,0,0,0,5,2023 Titans Second League
,SINOVILLE 3,,,,,,,,,,2023 Titans Second League
18,Chris van Niekerk,IRENE VILLAGERS 3,,IRENE VILLAGERS 3,5,0,0,0,0,5,2023 Titans Second League
,IRENE VILLAGERS 3,,,,,,,,,,2023 Titans Second League
19,Donovan du Toit,TUKS 5,,TUKS 5,5,0,0,0,0,5,2023 Titans Second League
,TUKS 5,,,,,,,,,,2023 Titans Second League
20,Elro Van der Heever,IRENE VILLAGERS 4,,IRENE VILLAGERS 4,4,1,0,0,0,5,2023 Titans Second League
,IRENE VILLAGERS 4,,,,,,,,,,2023 Titans Second League
21,Jason Weiss,SINOVILLE 4,,SINOVILLE 4,5,0,0,0,0,5,2023 Titans Second League
,SINOVILLE 4,,,,,,,,,,2023 Titans Second League
22,JP Roets,SINOVILLE 3,,SINOVILLE 3,4,0,0,0,0,4,2023 Titans Second League
,SINOVILLE 3,,,,,,,,,,2023 Titans Second League
23,Johan Pretorius,TUKS 5,,TUKS 5,4,0,0,0,0,4,2023 Titans Second League
,TUKS 5,,,,,,,,,,2023 Titans Second League
24,Rigardt Saaiman,CBCOB 3,,CBCOB 3,4,0,0,0,0,4,2023 Titans Second League
,CBCOB 3,,,,,,,,,,2023 Titans Second League
25,Martin Faber,SINOVILLE 4,,SINOVILLE 4,4,0,0,0,0,4,2023 Titans Second League
,SINOVILLE 4,,,,,,,,,,2023 Titans Second League
26,Stefan Grobler,TUT 3,,TUT 3,3,0,1,0,0,4,2023 Titans Second League
,TUT 3,,,,,,,,,,2023 Titans Second League
27,Albert Myburgh,IRENE VILLAGERS 3,,IRENE VILLAGERS 3,3,0,1,0,0,4,2023 Titans Second League
,IRENE VILLAGERS 3,,,,,,,,,,2023 Titans Second League
28,Steven Meyburgh,PHSOB 3,,PHSOB 3,3,0,0,0,0,3,2023 Titans Second League
,PHSOB 3,,,,,,,,,,2023 Titans Second League
29,Mohapi Molete,IRENE VILLAGERS 4,,IRENE VILLAGERS 4,3,0,0,0,0,3,2023 Titans Second League
,IRENE VILLAGERS 4,,,,,,,,,,2023 Titans Second League
30,Ruan Ebersohn,IRENE VILLAGERS 4,,IRENE VILLAGERS 4,1,2,0,0,0,3,2023 Titans Second League
,IRENE VILLAGERS 4,,,,,,,,,,2023 Titans Second League
31,Christoff  Pompie Helm,IRENE VILLAGERS 4,,IRENE VILLAGERS 4,0,3,0,0,0,3,2023 Titans Second League
,IRENE VILLAGERS 4,,,,,,,,,,2023 Titans Second League
32,Paul Gouws,CBCOB 3,,CBCOB 3,3,0,0,0,0,3,2023 Titans Second League
,CBCOB 3,,,,,,,,,,2023 Titans Second League
33,Andre Van wyk,TUKS 5,,TUKS 5,3,0,0,0,0,3,2023 Titans Second League
,TUKS 5,,,,,,,,,,2023 Titans Second League
34,Barry Van Nieuwenhuize,TUT 3,,TUT 3,2,1,0,0,0,3,2023 Titans Second League
,TUT 3,,,,,,,,,,2023 Titans Second League
35,Riaan Scheepers,TUT 3,,TUT 3,3,0,0,0,0,3,2023 Titans Second League
,TUT 3,,,,,,,,,,2023 Titans Second League
36,Elandré van den Berg,TUKS 5,,TUKS 5,3,0,0,0,0,3,2023 Titans Second League
,TUKS 5,,,,,,,,,,2023 Titans Second League
37,Tyler Miller,IRENE VILLAGERS 3,,IRENE VILLAGERS 3,3,0,0,0,0,3,2023 Titans Second League
,IRENE VILLAGERS 3,,,,,,,,,,2023 Titans Second League
38,Darren Seale,SINOVILLE 3,,SINOVILLE 3,0,3,0,0,0,3,2023 Titans Second League
,SINOVILLE 3,,,,,,,,,,2023 Titans Second League
39,Jared Fourie,IRENE VILLAGERS 4,,IRENE VILLAGERS 4,3,0,0,0,0,3,2023 Titans Second League
,IRENE VILLAGERS 4,,,,,,,,,,2023 Titans Second League
40,Josh Botes,IRENE VILLAGERS 3,,IRENE VILLAGERS 3,3,0,0,0,0,3,2023 Titans Second League
,IRENE VILLAGERS 3,,,,,,,,,,2023 Titans Second League
41,Rudi Loibner,CBCOB 3,,CBCOB 3,0,2,0,0,1,3,2023 Titans Second League
,CBCOB 3,,,,,,,,,,2023 Titans Second League
42,Brent Hartley,IRENE VILLAGERS 4,,IRENE VILLAGERS 4,2,0,0,0,1,3,2023 Titans Second League
,IRENE VILLAGERS 4,,,,,,,,,,2023 Titans Second League
43,Matthew Thurbon,IRENE VILLAGERS 4,,IRENE VILLAGERS 4,2,0,1,0,0,3,2023 Titans Second League
,IRENE VILLAGERS 4,,,,,,,,,,2023 Titans Second League
44,Christie Klopper,SINOVILLE 3,,SINOVILLE 3,0,2,0,0,1,3,2023 Titans Second League
,SINOVILLE 3,,,,,,,,,,2023 Titans Second League
45,Willem Sevenster,CBCOB 3,,CBCOB 3,1,1,0,0,0,2,2023 Titans Second League
,CBCOB 3,,,,,,,,,,2023 Titans Second League
46,Hein Loggenberg,SINOVILLE 4,,SINOVILLE 4,2,0,0,0,0,2,2023 Titans Second League
,SINOVILLE 4,,,,,,,,,,2023 Titans Second League
47,Tiaan Lotter,SINOVILLE 3,,SINOVILLE 3,2,0,0,0,0,2,2023 Titans Second League
,SINOVILLE 3,,,,,,,,,,2023 Titans Second League
48,Marius Bornman,TUKS 5,,TUKS 5,2,0,0,0,0,2,2023 Titans Second League
,TUKS 5,,,,,,,,,,2023 Titans Second League
49,Riccardo Oosthuizen,TUKS 5,,TUKS 5,2,0,0,0,0,2,2023 Titans Second League
,TUKS 5,,,,,,,,,,2023 Titans Second League
50,Martin Childs-Hurn,TUKS 5,,TUKS 5,2,0,0,0,0,2,2023 Titans Second League
,TUKS 5,,,,,,,,,,2023 Titans Second League
51,James Twycross,PHSOB 3,,PHSOB 3,2,0,0,0,0,2,2023 Titans Second League
,PHSOB 3,,,,,,,,,,2023 Titans Second League
52,Heinrich Hamman,SINOVILLE 4,,SINOVILLE 4,0,2,0,0,0,2,2023 Titans Second League
,SINOVILLE 4,,,,,,,,,,2023 Titans Second League
53,Dylan Kotze,CBCOB 3,,CBCOB 3,2,0,0,0,0,2,2023 Titans Second League
,CBCOB 3,,,,,,,,,,2023 Titans Second League
54,Louis van Zyl,CBCOB 3,,CBCOB 3,2,0,0,0,0,2,2023 Titans Second League
,CBCOB 3,,,,,,,,,,2023 Titans Second League
55,Ruan Brenner,PHSOB 3,,PHSOB 3,1,1,0,0,0,2,2023 Titans Second League
,PHSOB 3,,,,,,,,,,2023 Titans Second League
56,Nico de Bruyn,TUKS 5,,TUKS 5,2,0,0,0,0,2,2023 Titans Second League
,TUKS 5,,,,,,,,,,2023 Titans Second League
57,Marco Rudolph,SINOVILLE 3,,SINOVILLE 3,0,2,0,0,0,2,2023 Titans Second League
,SINOVILLE 3,,,,,,,,,,2023 Titans Second League
58,Divan Behrens,SINOVILLE 3,,SINOVILLE 3,2,0,0,0,0,2,2023 Titans Second League
,SINOVILLE 3,,,,,,,,,,2023 Titans Second League
59,Adriaan Venter,CBCOB 3,,CBCOB 3,1,1,0,0,0,2,2023 Titans Second League
,CBCOB 3,,,,,,,,,,2023 Titans Second League
60,Marcel Cilliers,IRENE VILLAGERS 3,,IRENE VILLAGERS 3,2,0,0,0,0,2,2023 Titans Second League
,IRENE VILLAGERS 3,,,,,,,,,,2023 Titans Second League
61,Bennie Viljoen,IRENE VILLAGERS 3,,IRENE VILLAGERS 3,2,0,0,0,0,2,2023 Titans Second League
,IRENE VILLAGERS 3,,,,,,,,,,2023 Titans Second League
62,Duncan Ackerman,SINOVILLE 3,,SINOVILLE 3,2,0,0,0,0,2,2023 Titans Second League
,SINOVILLE 3,,,,,,,,,,2023 Titans Second League
63,Jacques Van Rooyen,IRENE VILLAGERS 4,,IRENE VILLAGERS 4,1,1,0,0,0,2,2023 Titans Second League
,IRENE VILLAGERS 4,,,,,,,,,,2023 Titans Second League
64,Nick Brook,IRENE VILLAGERS 3,,IRENE VILLAGERS 3,2,0,0,0,0,2,2023 Titans Second League
,IRENE VILLAGERS 3,,,,,,,,,,2023 Titans Second League
65,Etienne Tait,HARLEQUINS 3,,HARLEQUINS 3,2,0,0,0,0,2,2023 Titans Second League
,HARLEQUINS 3,,,,,,,,,,2023 Titans Second League
66,Niel Alberts,HARLEQUINS 3,,HARLEQUINS 3,2,0,0,0,0,2,2023 Titans Second League
,HARLEQUINS 3,,,,,,,,,,2023 Titans Second League
67,Micheal TUT3,TUT 3,,TUT 3,2,0,0,0,0,2,2023 Titans Second League
,TUT 3,,,,,,,,,,2023 Titans Second League
68,Botha Geldenhuis,IRENE VILLAGERS 4,,IRENE VILLAGERS 4,2,0,0,0,0,2,2023 Titans Second League
,IRENE VILLAGERS 4,,,,,,,,,,2023 Titans Second League
69,Amohelang Sebati,IRENE VILLAGERS 4,,IRENE VILLAGERS 4,2,0,0,0,0,2,2023 Titans Second League
,IRENE VILLAGERS 4,,,,,,,,,,2023 Titans Second League
70,Jacques Van Rooyen,IRENE VILLAGERS 3,,IRENE VILLAGERS 3,2,0,0,0,0,2,2023 Titans Second League
,IRENE VILLAGERS 3,,,,,,,,,,2023 Titans Second League
71,Gerhard Scheepers,IRENE VILLAGERS 4,,IRENE VILLAGERS 4,2,0,0,0,0,2,2023 Titans Second League
,IRENE VILLAGERS 4,,,,,,,,,,2023 Titans Second League
72,Emile Van de Merwe,IRENE VILLAGERS 4,,IRENE VILLAGERS 4,2,0,0,0,0,2,2023 Titans Second League
,IRENE VILLAGERS 4,,,,,,,,,,2023 Titans Second League
73,Joshua Isaacs,IRENE VILLAGERS 4,,IRENE VILLAGERS 4,1,1,0,0,0,2,2023 Titans Second League
,IRENE VILLAGERS 4,,,,,,,,,,2023 Titans Second League
74,Trent Hardie,IRENE VILLAGERS 3,,IRENE VILLAGERS 3,2,0,0,0,0,2,2023 Titans Second League
,IRENE VILLAGERS 3,,,,,,,,,,2023 Titans Second League
75,Sam Wearne,IRENE VILLAGERS 3,,IRENE VILLAGERS 3,2,0,0,0,0,2,2023 Titans Second League
,IRENE VILLAGERS 3,,,,,,,,,,2023 Titans Second League
76,Mark Bekker,TUT 3,,TUT 3,1,0,1,0,0,2,2023 Titans Second League
,TUT 3,,,,,,,,,,2023 Titans Second League
77,JP Roets,SINOVILLE 4,,SINOVILLE 4,1,0,1,0,0,2,2023 Titans Second League
,SINOVILLE 4,,,,,,,,,,2023 Titans Second League
78,Ivan Havenga,CBCOB 3,,CBCOB 3,1,0,1,0,0,2,2023 Titans Second League
,CBCOB 3,,,,,,,,,,2023 Titans Second League
79,Gunter Geyser,IRENE VILLAGERS 4,,IRENE VILLAGERS 4,0,0,2,0,0,2,2023 Titans Second League
,IRENE VILLAGERS 4,,,,,,,,,,2023 Titans Second League
80,Tyler Lockhart,PHSOB 3,,PHSOB 3,0,0,2,0,0,2,2023 Titans Second League
,PHSOB 3,,,,,,,,,,2023 Titans Second League
81,Charl Foxcroft,TUT 3,,TUT 3,1,0,0,0,0,1,2023 Titans Second League
,TUT 3,,,,,,,,,,2023 Titans Second League
82,Tiaan Lotter,SINOVILLE 4,,SINOVILLE 4,0,1,0,0,0,1,2023 Titans Second League
,SINOVILLE 4,,,,,,,,,,2023 Titans Second League
83,Oliver Beauclerk,HARLEQUINS 3,,HARLEQUINS 3,1,0,0,0,0,1,2023 Titans Second League
,HARLEQUINS 3,,,,,,,,,,2023 Titans Second League
84,Ivan Venter,TUKS 5,,TUKS 5,1,0,0,0,0,1,2023 Titans Second League
,TUKS 5,,,,,,,,,,2023 Titans Second League
85,Emil Rolfes,PHSOB 3,,PHSOB 3,1,0,0,0,0,1,2023 Titans Second League
,PHSOB 3,,,,,,,,,,2023 Titans Second League
86,Heinrich Bisschoff,PHSOB 3,,PHSOB 3,0,1,0,0,0,1,2023 Titans Second League
,PHSOB 3,,,,,,,,,,2023 Titans Second League
87,Jade Richter,PHSOB 3,,PHSOB 3,1,0,0,0,0,1,2023 Titans Second League
,PHSOB 3,,,,,,,,,,2023 Titans Second League
88,Juan Van den berg,SINOVILLE 3,,SINOVILLE 3,1,0,0,0,0,1,2023 Titans Second League
,SINOVILLE 3,,,,,,,,,,2023 Titans Second League
89,Juan Van den berg,SINOVILLE 4,,SINOVILLE 4,1,0,0,0,0,1,2023 Titans Second League
,SINOVILLE 4,,,,,,,,,,2023 Titans Second League
90,Stephan Lotter,SINOVILLE 3,,SINOVILLE 3,1,0,0,0,0,1,2023 Titans Second League
,SINOVILLE 3,,,,,,,,,,2023 Titans Second League
91,Erik Van Deventer,TUT 3,,TUT 3,1,0,0,0,0,1,2023 Titans Second League
,TUT 3,,,,,,,,,,2023 Titans Second League
92,Gerrald Gouws,CBCOB 3,,CBCOB 3,1,0,0,0,0,1,2023 Titans Second League
,CBCOB 3,,,,,,,,,,2023 Titans Second League
93,Stanley Fabri,SINOVILLE 3,,SINOVILLE 3,1,0,0,0,0,1,2023 Titans Second League
,SINOVILLE 3,,,,,,,,,,2023 Titans Second League
94,Stanley Fabri,SINOVILLE 4,,SINOVILLE 4,1,0,0,0,0,1,2023 Titans Second League
,SINOVILLE 4,,,,,,,,,,2023 Titans Second League
95,Johan Broekman,CBCOB 3,,CBCOB 3,1,0,0,0,0,1,2023 Titans Second League
,CBCOB 3,,,,,,,,,,2023 Titans Second League
96,Gunter Geyer,IRENE VILLAGERS 4,,IRENE VILLAGERS 4,1,0,0,0,0,1,2023 Titans Second League
,IRENE VILLAGERS 4,,,,,,,,,,2023 Titans Second League
97,Koketjo Moselenyane,HARLEQUINS 3,,HARLEQUINS 3,1,0,0,0,0,1,2023 Titans Second League
,HARLEQUINS 3,,,,,,,,,,2023 Titans Second League
98,Devon Almeida,CBCOB 3,,CBCOB 3,1,0,0,0,0,1,2023 Titans Second League
,CBCOB 3,,,,,,,,,,2023 Titans Second League
99,Lehlohonolo Moshoati,TUKS 5,,TUKS 5,1,0,0,0,0,1,2023 Titans Second League
,TUKS 5,,,,,,,,,,2023 Titans Second League
100,Davie Fabri,SINOVILLE 3,,SINOVILLE 3,1,0,0,0,0,1,2023 Titans Second League
,SINOVILLE 3,,,,,,,,,,2023 Titans Second League
101,Keegan Holmwood,PHSOB 3,,PHSOB 3,1,0,0,0,0,1,2023 Titans Second League
,PHSOB 3,,,,,,,,,,2023 Titans Second League
102,Regan Pruss,PHSOB 3,,PHSOB 3,1,0,0,0,0,1,2023 Titans Second League
,PHSOB 3,,,,,,,,,,2023 Titans Second League
103,Dirkie Kruger,TUT 3,,TUT 3,1,0,0,0,0,1,2023 Titans Second League
,TUT 3,,,,,,,,,,2023 Titans Second League
104,Ryan Thurbon,IRENE VILLAGERS 3,,IRENE VILLAGERS 3,1,0,0,0,0,1,2023 Titans Second League
,IRENE VILLAGERS 3,,,,,,,,,,2023 Titans Second League
105,Ruben van Vuuren,IRENE VILLAGERS 3,,IRENE VILLAGERS 3,1,0,0,0,0,1,2023 Titans Second League
,IRENE VILLAGERS 3,,,,,,,,,,2023 Titans Second League
106,Hendré van Niekerk,IRENE VILLAGERS 3,,IRENE VILLAGERS 3,1,0,0,0,0,1,2023 Titans Second League
,IRENE VILLAGERS 3,,,,,,,,,,2023 Titans Second League
107,Francke Botha,HARLEQUINS 3,,HARLEQUINS 3,1,0,0,0,0,1,2023 Titans Second League
,HARLEQUINS 3,,,,,,,,,,2023 Titans Second League
108,Mandilulane Cbc3,CBCOB 3,,CBCOB 3,1,0,0,0,0,1,2023 Titans Second League
,CBCOB 3,,,,,,,,,,2023 Titans Second League
109,Ruben Potgieter,CBCOB 3,,CBCOB 3,1,0,0,0,0,1,2023 Titans Second League
,CBCOB 3,,,,,,,,,,2023 Titans Second League
110,Gerbrant Vivers,IRENE VILLAGERS 3,,IRENE VILLAGERS 3,0,1,0,0,0,1,2023 Titans Second League
,IRENE VILLAGERS 3,,,,,,,,,,2023 Titans Second League
111,Mikky Hudson,TUKS 5,,TUKS 5,1,0,0,0,0,1,2023 Titans Second League
,TUKS 5,,,,,,,,,,2023 Titans Second League
112,Reinhardt Hamman,SINOVILLE 4,,SINOVILLE 4,1,0,0,0,0,1,2023 Titans Second League
,SINOVILLE 4,,,,,,,,,,2023 Titans Second League
113,Quintin Pretorius,SINOVILLE 3,,SINOVILLE 3,1,0,0,0,0,1,2023 Titans Second League
,SINOVILLE 3,,,,,,,,,,2023 Titans Second League
114,Tiaan Botha,SINOVILLE 3,,SINOVILLE 3,1,0,0,0,0,1,2023 Titans Second League
,SINOVILLE 3,,,,,,,,,,2023 Titans Second League
115,Zian De Jager,IRENE VILLAGERS 3,,IRENE VILLAGERS 3,1,0,0,0,0,1,2023 Titans Second League
,IRENE VILLAGERS 3,,,,,,,,,,2023 Titans Second League
116,JJ Lesolang,PHSOB 3,,PHSOB 3,1,0,0,0,0,1,2023 Titans Second League
,PHSOB 3,,,,,,,,,,2023 Titans Second League
117,Callen Stephen,PHSOB 3,,PHSOB 3,1,0,0,0,0,1,2023 Titans Second League
,PHSOB 3,,,,,,,,,,2023 Titans Second League
118,Wessel Herbst,CBCOB 3,,CBCOB 3,1,0,0,0,0,1,2023 Titans Second League
,CBCOB 3,,,,,,,,,,2023 Titans Second League
119,Gerrie Marais,HARLEQUINS 3,,HARLEQUINS 3,1,0,0,0,0,1,2023 Titans Second League
,HARLEQUINS 3,,,,,,,,,,2023 Titans Second League
120,Logan Claasen,IRENE VILLAGERS 4,,IRENE VILLAGERS 4,1,0,0,0,0,1,2023 Titans Second League
,IRENE VILLAGERS 4,,,,,,,,,,2023 Titans Second League
121,Ian Dorfling,SINOVILLE 4,,SINOVILLE 4,1,0,0,0,0,1,2023 Titans Second League
,SINOVILLE 4,,,,,,,,,,2023 Titans Second League
122,Jared Fourie,IRENE VILLAGERS 3,,IRENE VILLAGERS 3,1,0,0,0,0,1,2023 Titans Second League
,IRENE VILLAGERS 3,,,,,,,,,,2023 Titans Second League
123,Francois Viljoen,CBCOB 3,,CBCOB 3,1,0,0,0,0,1,2023 Titans Second League
,CBCOB 3,,,,,,,,,,2023 Titans Second League
124,Tristan De Klerk,IRENE VILLAGERS 3,,IRENE VILLAGERS 3,1,0,0,0,0,1,2023 Titans Second League
,IRENE VILLAGERS 3,,,,,,,,,,2023 Titans Second League
125,Sibusiso Mxube,IRENE VILLAGERS 3,,IRENE VILLAGERS 3,1,0,0,0,0,1,2023 Titans Second League
,IRENE VILLAGERS 3,,,,,,,,,,2023 Titans Second League
126,Janru Brandt,IRENE VILLAGERS 4,,IRENE VILLAGERS 4,1,0,0,0,0,1,2023 Titans Second League
,IRENE VILLAGERS 4,,,,,,,,,,2023 Titans Second League
127,Henco Irene,IRENE VILLAGERS 4,,IRENE VILLAGERS 4,1,0,0,0,0,1,2023 Titans Second League
,IRENE VILLAGERS 4,,,,,,,,,,2023 Titans Second League
128,Brad Goss,PHSOB 3,,PHSOB 3,1,0,0,0,0,1,2023 Titans Second League
,PHSOB 3,,,,,,,,,,2023 Titans Second League
129,Ryan Seymore,TUT 3,,TUT 3,1,0,0,0,0,1,2023 Titans Second League
,TUT 3,,,,,,,,,,2023 Titans Second League
130,Josh Joubert,IRENE VILLAGERS 3,,IRENE VILLAGERS 3,1,0,0,0,0,1,2023 Titans Second League
,IRENE VILLAGERS 3,,,,,,,,,,2023 Titans Second League
131,Joshua Isaac's,IRENE VILLAGERS 3,,IRENE VILLAGERS 3,0,1,0,0,0,1,2023 Titans Second League
,IRENE VILLAGERS 3,,,,,,,,,,2023 Titans Second League
132,Sieg Dorfling,CBCOB 3,,CBCOB 3,1,0,0,0,0,1,2023 Titans Second League
,CBCOB 3,,,,,,,,,,2023 Titans Second League
133,Estiaan Blom,SINOVILLE 3,,SINOVILLE 3,1,0,0,0,0,1,2023 Titans Second League
,SINOVILLE 3,,,,,,,,,,2023 Titans Second League
134,JG Adendorff,SINOVILLE 4,,SINOVILLE 4,1,0,0,0,0,1,2023 Titans Second League
,SINOVILLE 4,,,,,,,,,,2023 Titans Second League
135,Christo Swanepoel,PHSOB 3,,PHSOB 3,0,0,1,0,0,1,2023 Titans Second League
,PHSOB 3,,,,,,,,,,2023 Titans Second League
136,Stefan Strydom,IRENE VILLAGERS 4,,IRENE VILLAGERS 4,0,0,0,0,1,1,2023 Titans Second League
,IRENE VILLAGERS 4,,,,,,,,,,2023 Titans Second League
137,Hendre Du toit,SINOVILLE 3,,SINOVILLE 3,0,0,0,1,0,1,2023 Titans Second League
,SINOVILLE 3,,,,,,,,,,2023 Titans Second League
138,Donavan Kretschmer,IRENE VILLAGERS 4,,IRENE VILLAGERS 4,0,0,1,0,0,1,2023 Titans Second League
,IRENE VILLAGERS 4,,,,,,,,,,2023 Titans Second League
139,Justin Reynolds,IRENE VILLAGERS 3,,IRENE VILLAGERS 3,0,0,0,0,1,1,2023 Titans Second League
,IRENE VILLAGERS 3,,,,,,,,,,2023 Titans Second League
140,Seun Bornman,SINOVILLE 3,,SINOVILLE 3,0,0,1,0,0,1,2023 Titans Second League
,SINOVILLE 3,,,,,,,,,,2023 Titans Second League
141,Andre Kruyshaar,SINOVILLE 3,,SINOVILLE 3,0,0,0,1,0,1,2023 Titans Second League
,SINOVILLE 3,,,,,,,,,,2023 Titans Second League
142,Deon Van Huysteen,SINOVILLE 4,,SINOVILLE 4,0,0,0,0,1,1,2023 Titans Second League
,SINOVILLE 4,,,,,,,,,,2023 Titans Second League
143,Lessego Teffo,HARLEQUINS 3,,HARLEQUINS 3,0,0,1,0,0,1,2023 Titans Second League
,HARLEQUINS 3,,,,,,,,,,2023 Titans Second League
144,Hendrik Hitge,SINOVILLE 4,,SINOVILLE 4,0,0,1,0,0,1,2023 Titans Second League
,SINOVILLE 4,,,,,,,,,,2023 Titans Second League
145,Wessel Maree,TUT 3,,TUT 3,0,0,0,0,0,0,2023 Titans Second League
,TUT 3,,,,,,,,,,2023 Titans Second League
146,Christo Weiss,SINOVILLE 3,,SINOVILLE 3,0,0,0,0,0,0,2023 Titans Second League
,SINOVILLE 3,,,,,,,,,,2023 Titans Second League
147,Dian Botha,SINOVILLE 3,,SINOVILLE 3,0,0,0,0,0,0,2023 Titans Second League
,SINOVILLE 3,,,,,,,,,,2023 Titans Second League
148,Zandre Jordaan,SINOVILLE 3,,SINOVILLE 3,0,0,0,0,0,0,2023 Titans Second League
,SINOVILLE 3,,,,,,,,,,2023 Titans Second League
149,Dries Van der Lith,SINOVILLE 4,,SINOVILLE 4,0,0,0,0,0,0,2023 Titans Second League
,SINOVILLE 4,,,,,,,,,,2023 Titans Second League
150,Pieter Janse van Rensburg,SINOVILLE 3,,SINOVILLE 3,0,0,0,0,0,0,2023 Titans Second League
,SINOVILLE 3,,,,,,,,,,2023 Titans Second League
151,Ruan Breytenbach,SINOVILLE 3,,SINOVILLE 3,0,0,0,0,0,0,2023 Titans Second League
,SINOVILLE 3,,,,,,,,,,2023 Titans Second League
152,Nico Kruger,TUKS 5,,TUKS 5,0,0,0,0,0,0,2023 Titans Second League
,TUKS 5,,,,,,,,,,2023 Titans Second League
153,Ivan Bekker,TUKS 5,,TUKS 5,0,0,0,0,0,0,2023 Titans Second League
,TUKS 5,,,,,,,,,,2023 Titans Second League
154,Jaco de Vos,TUKS 5,,TUKS 5,0,0,0,0,0,0,2023 Titans Second League
,TUKS 5,,,,,,,,,,2023 Titans Second League
155,Eben Botha,TUKS 5,,TUKS 5,0,0,0,0,0,0,2023 Titans Second League
,TUKS 5,,,,,,,,,,2023 Titans Second League
156,Dian Van der Walt,CBCOB 3,,CBCOB 3,0,0,0,0,0,0,2023 Titans Second League
,CBCOB 3,,,,,,,,,,2023 Titans Second League
157,Dylan Howe-Dreyer,PHSOB 3,,PHSOB 3,0,0,0,0,0,0,2023 Titans Second League
,PHSOB 3,,,,,,,,,,2023 Titans Second League
158,Kevin Pretorius,PHSOB 3,,PHSOB 3,0,0,0,0,0,0,2023 Titans Second League
,PHSOB 3,,,,,,,,,,2023 Titans Second League
159,Michael Stoop,PHSOB 3,,PHSOB 3,0,0,0,0,0,0,2023 Titans Second League
,PHSOB 3,,,,,,,,,,2023 Titans Second League
160,Matt Rogerson,PHSOB 3,,PHSOB 3,0,0,0,0,0,0,2023 Titans Second League
,PHSOB 3,,,,,,,,,,2023 Titans Second League
161,Ridhaa Jacobs,HARLEQUINS 3,,HARLEQUINS 3,0,0,0,0,0,0,2023 Titans Second League
,HARLEQUINS 3,,,,,,,,,,2023 Titans Second League
162,Pieter Roos,HARLEQUINS 3,,HARLEQUINS 3,0,0,0,0,0,0,2023 Titans Second League
,HARLEQUINS 3,,,,,,,,,,2023 Titans Second League
163,Keaton Steenkamp,SINOVILLE 3,,SINOVILLE 3,0,0,0,0,0,0,2023 Titans Second League
,SINOVILLE 3,,,,,,,,,,2023 Titans Second League
164,Keaton Steenkamp,SINOVILLE 4,,SINOVILLE 4,0,0,0,0,0,0,2023 Titans Second League
,SINOVILLE 4,,,,,,,,,,2023 Titans Second League
165,Mulder Kotze,IRENE VILLAGERS 4,,IRENE VILLAGERS 4,0,0,0,0,0,0,2023 Titans Second League
,IRENE VILLAGERS 4,,,,,,,,,,2023 Titans Second League
166,Stefan Strydom,IRENE VILLAGERS 3,,IRENE VILLAGERS 3,0,0,0,0,0,0,2023 Titans Second League
,IRENE VILLAGERS 3,,,,,,,,,,2023 Titans Second League
167,Josh Botes,IRENE VILLAGERS 4,,IRENE VILLAGERS 4,0,0,0,0,0,0,2023 Titans Second League
,IRENE VILLAGERS 4,,,,,,,,,,2023 Titans Second League
168,Zander Jordaan,SINOVILLE 4,,SINOVILLE 4,0,0,0,0,0,0,2023 Titans Second League
,SINOVILLE 4,,,,,,,,,,2023 Titans Second League
169,Dylan Van wyk,SINOVILLE 4,,SINOVILLE 4,0,0,0,0,0,0,2023 Titans Second League
,SINOVILLE 4,,,,,,,,,,2023 Titans Second League
170,Charl Prinsloo,TUT 3,,TUT 3,0,0,0,0,0,0,2023 Titans Second League
,TUT 3,,,,,,,,,,2023 Titans Second League
171,Jeandre Roux,TUT 3,,TUT 3,0,0,0,0,0,0,2023 Titans Second League
,TUT 3,,,,,,,,,,2023 Titans Second League
172,Gerbrandt Viviers,IRENE VILLAGERS 4,,IRENE VILLAGERS 4,0,0,0,0,0,0,2023 Titans Second League
,IRENE VILLAGERS 4,,,,,,,,,,2023 Titans Second League
173,Caleb Eckard,CBCOB 3,,CBCOB 3,0,0,0,0,0,0,2023 Titans Second League
,CBCOB 3,,,,,,,,,,2023 Titans Second League
174,Maans Roubaix,SINOVILLE 3,,SINOVILLE 3,0,0,0,0,0,0,2023 Titans Second League
,SINOVILLE 3,,,,,,,,,,2023 Titans Second League
175,Pippie Kemm,PHSOB 3,,PHSOB 3,0,0,0,0,0,0,2023 Titans Second League
,PHSOB 3,,,,,,,,,,2023 Titans Second League
176,Wayne Scott,CBCOB 3,,CBCOB 3,0,0,0,0,0,0,2023 Titans Second League
,CBCOB 3,,,,,,,,,,2023 Titans Second League
177,Derrick Cremer,CBCOB 3,,CBCOB 3,0,0,0,0,0,0,2023 Titans Second League
,CBCOB 3,,,,,,,,,,2023 Titans Second League
178,Johan Feuth,CBCOB 3,,CBCOB 3,0,0,0,0,0,0,2023 Titans Second League
,CBCOB 3,,,,,,,,,,2023 Titans Second League
179,Anton Stassen,SINOVILLE 4,,SINOVILLE 4,0,0,0,0,0,0,2023 Titans Second League
,SINOVILLE 4,,,,,,,,,,2023 Titans Second League
180,Duan St Arnaud,PHSOB 3,,PHSOB 3,0,0,0,0,0,0,2023 Titans Second League
,PHSOB 3,,,,,,,,,,2023 Titans Second League
181,Gilan Mellet,HARLEQUINS 3,,HARLEQUINS 3,0,0,0,0,0,0,2023 Titans Second League
,HARLEQUINS 3,,,,,,,,,,2023 Titans Second League
182,Louan Nel,HARLEQUINS 3,,HARLEQUINS 3,0,0,0,0,0,0,2023 Titans Second League
,HARLEQUINS 3,,,,,,,,,,2023 Titans Second League
183,Riaan Davel,SINOVILLE 3,,SINOVILLE 3,0,0,0,0,0,0,2023 Titans Second League
,SINOVILLE 3,,,,,,,,,,2023 Titans Second League
184,Ryan Thorburn,IRENE VILLAGERS 4,,IRENE VILLAGERS 4,0,0,0,0,0,0,2023 Titans Second League
,IRENE VILLAGERS 4,,,,,,,,,,2023 Titans Second League
185,Christiaan Steyn,HARLEQUINS 3,,HARLEQUINS 3,0,0,0,0,0,0,2023 Titans Second League
,HARLEQUINS 3,,,,,,,,,,2023 Titans Second League
186,Maritz Bezuidenhout,SINOVILLE 4,,SINOVILLE 4,0,0,0,0,0,0,2023 Titans Second League
,SINOVILLE 4,,,,,,,,,,2023 Titans Second League
187,Pieter Jansen van Rensburg,SINOVILLE 4,,SINOVILLE 4,0,0,0,0,0,0,2023 Titans Second League
,SINOVILLE 4,,,,,,,,,,2023 Titans Second League
188,Morgan Potgiter,SINOVILLE 4,,SINOVILLE 4,0,0,0,0,0,0,2023 Titans Second League
,SINOVILLE 4,,,,,,,,,,2023 Titans Second League
189,JJ Du Toit,SINOVILLE 3,,SINOVILLE 3,0,0,0,0,0,0,2023 Titans Second League
,SINOVILLE 3,,,,,,,,,,2023 Titans Second League
190,Du Preez Prinsloo,SINOVILLE 4,,SINOVILLE 4,0,0,0,0,0,0,2023 Titans Second League
,SINOVILLE 4,,,,,,,,,,2023 Titans Second League
191,Maans De Roubaix,SINOVILLE 4,,SINOVILLE 4,0,0,0,0,0,0,2023 Titans Second League
,SINOVILLE 4,,,,,,,,,,2023 Titans Second League
192,Tihardt Kruger,TUKS 5,,TUKS 5,0,0,0,0,0,0,2023 Titans Second League
,TUKS 5,,,,,,,,,,2023 Titans Second League
193,Wian van Deventer,SINOVILLE 4,,SINOVILLE 4,0,0,0,0,0,0,2023 Titans Second League
,SINOVILLE 4,,,,,,,,,,2023 Titans Second League
194,Playa1 Cbc,CBCOB 3,,CBCOB 3,0,0,0,0,0,0,2023 Titans Second League
,CBCOB 3,,,,,,,,,,2023 Titans Second League
195,Playa2 Cbc,CBCOB 3,,CBCOB 3,0,0,0,0,0,0,2023 Titans Second League
,CBCOB 3,,,,,,,,,,2023 Titans Second League
196,Wian van Deventer,SINOVILLE 3,,SINOVILLE 3,0,0,0,0,0,0,2023 Titans Second League
,SINOVILLE 3,,,,,,,,,,2023 Titans Second League
197,Cornel Schnitter,CBCOB 3,,CBCOB 3,0,0,0,0,0,0,2023 Titans Second League
,CBCOB 3,,,,,,,,,,2023 Titans Second League
198,Stephan Van den berg,CBCOB 3,,CBCOB 3,0,0,0,0,0,0,2023 Titans Second League
,CBCOB 3,,,,,,,,,,2023 Titans Second League
199,Cornel Cbc3,CBCOB 3,,CBCOB 3,0,0,0,0,0,0,2023 Titans Second League
,CBCOB 3,,,,,,,,,,2023 Titans Second League
200,Dylan van Wyk,SINOVILLE 3,,SINOVILLE 3,0,0,0,0,0,0,2023 Titans Second League
,SINOVILLE 3,,,,,,,,,,2023 Titans Second League
201,Luca Bauros,SINOVILLE 4,,SINOVILLE 4,0,0,0,0,0,0,2023 Titans Second League
,SINOVILLE 4,,,,,,,,,,2023 Titans Second League
202,Luca Bairos,SINOVILLE 4,,SINOVILLE 4,0,0,0,0,0,0,2023 Titans Second League
,SINOVILLE 4,,,,,,,,,,2023 Titans Second League
203,Travis Joshua,HARLEQUINS 3,,HARLEQUINS 3,0,0,0,0,0,0,2023 Titans Second League
,HARLEQUINS 3,,,,,,,,,,2023 Titans Second League
204,Alten Du Plessis,PHSOB 3,,PHSOB 3,0,0,0,0,0,0,2023 Titans Second League
,PHSOB 3,,,,,,,,,,2023 Titans Second League
205,Wessel Marais,TUT 3,,TUT 3,0,0,0,0,0,0,2023 Titans Second League
,TUT 3,,,,,,,,,,2023 Titans Second League
206,Nico Minnaar,TUT 3,,TUT 3,0,0,0,0,0,0,2023 Titans Second League
,TUT 3,,,,,,,,,,2023 Titans Second League
207,Divan Cilliers,IRENE VILLAGERS 3,,IRENE VILLAGERS 3,0,0,0,0,0,0,2023 Titans Second League
,IRENE VILLAGERS 3,,,,,,,,,,2023 Titans Second League
208,Chumani Ngcokovane,IRENE VILLAGERS 3,,IRENE VILLAGERS 3,0,0,0,0,0,0,2023 Titans Second League
,IRENE VILLAGERS 3,,,,,,,,,,2023 Titans Second League
209,Dillon Kotze,CBCOB 3,,CBCOB 3,0,0,0,0,0,0,2023 Titans Second League
,CBCOB 3,,,,,,,,,,2023 Titans Second League
210,Gavin Cbc3,CBCOB 3,,CBCOB 3,0,0,0,0,0,0,2023 Titans Second League
,CBCOB 3,,,,,,,,,,2023 Titans Second League
211,Armin Havenga,CBCOB 3,,CBCOB 3,0,0,0,0,0,0,2023 Titans Second League
,CBCOB 3,,,,,,,,,,2023 Titans Second League
212,Richard Williams,IRENE VILLAGERS 3,,IRENE VILLAGERS 3,0,0,0,0,0,0,2023 Titans Second League
,IRENE VILLAGERS 3,,,,,,,,,,2023 Titans Second League
213,Stefan Olivier,TUT 3,,TUT 3,0,0,0,0,0,0,2023 Titans Second League
,TUT 3,,,,,,,,,,2023 Titans Second League
214,Leon Bender,CBCOB 3,,CBCOB 3,0,0,0,0,0,0,2023 Titans Second League
,CBCOB 3,,,,,,,,,,2023 Titans Second League
215,Jordan Lewis,SINOVILLE 4,,SINOVILLE 4,0,0,0,0,0,0,2023 Titans Second League
,SINOVILLE 4,,,,,,,,,,2023 Titans Second League
216,Andre Schoombee,SINOVILLE 4,,SINOVILLE 4,0,0,0,0,0,0,2023 Titans Second League
,SINOVILLE 4,,,,,,,,,,2023 Titans Second League
217,Danie Kruger,SINOVILLE 4,,SINOVILLE 4,0,0,0,0,0,0,2023 Titans Second League
,SINOVILLE 4,,,,,,,,,,2023 Titans Second League
218,WJ Knoetze,SINOVILLE 4,,SINOVILLE 4,0,0,0,0,0,0,2023 Titans Second League
,SINOVILLE 4,,,,,,,,,,2023 Titans Second League
219,Sub Sub,SINOVILLE 4,,SINOVILLE 4,0,0,0,0,0,0,2023 Titans Second League
,SINOVILLE 4,,,,,,,,,,2023 Titans Second League
220,Niel Britz,SINOVILLE 3,,SINOVILLE 3,0,0,0,0,0,0,2023 Titans Second League
,SINOVILLE 3,,,,,,,,,,2023 Titans Second League
221,Alton Van der Westhuizen,SINOVILLE 3,,SINOVILLE 3,0,0,0,0,0,0,2023 Titans Second League
,SINOVILLE 3,,,,,,,,,,2023 Titans Second League
222,Igmar Erasmus,SINOVILLE 3,,SINOVILLE 3,0,0,0,0,0,0,2023 Titans Second League
,SINOVILLE 3,,,,,,,,,,2023 Titans Second League
223,Michael Coetzer,SINOVILLE 3,,SINOVILLE 3,0,0,0,0,0,0,2023 Titans Second League
,SINOVILLE 3,,,,,,,,,,2023 Titans Second League
224,Jonathan Barwick,HARLEQUINS 3,,HARLEQUINS 3,0,0,0,0,0,0,2023 Titans Second League
,HARLEQUINS 3,,,,,,,,,,2023 Titans Second League
225,Donovan Kretschmer,IRENE VILLAGERS 4,,IRENE VILLAGERS 4,0,0,0,0,0,0,2023 Titans Second League
,IRENE VILLAGERS 4,,,,,,,,,,2023 Titans Second League
226,Lee-John Maans,TUKS 5,,TUKS 5,0,0,0,0,0,0,2023 Titans Second League
,TUKS 5,,,,,,,,,,2023 Titans Second League
227,Wilnell Strydom,TUKS 5,,TUKS 5,0,0,0,0,0,0,2023 Titans Second League
,TUKS 5,,,,,,,,,,2023 Titans Second League
228,Ivan Schoeman,SINOVILLE 3,,SINOVILLE 3,0,0,0,0,0,0,2023 Titans Second League
,SINOVILLE 3,,,,,,,,,,2023 Titans Second League
229,Riaan Labuschagne,SINOVILLE 3,,SINOVILLE 3,0,0,0,0,0,0,2023 Titans Second League
,SINOVILLE 3,,,,,,,,,,2023 Titans Second League
230,Andries Botha,SINOVILLE 3,,SINOVILLE 3,0,0,0,0,0,0,2023 Titans Second League
,SINOVILLE 3,,,,,,,,,,2023 Titans Second League
231,Renier Bornman,SINOVILLE 3,,SINOVILLE 3,0,0,0,0,0,0,2023 Titans Second League
,SINOVILLE 3,,,,,,,,,,2023 Titans Second League
232,Robert Bornman,SINOVILLE 3,,SINOVILLE 3,0,0,0,0,0,0,2023 Titans Second League
,SINOVILLE 3,,,,,,,,,,2023 Titans Second League
233,Kenny Rothe,SINOVILLE 3,,SINOVILLE 3,0,0,0,0,0,0,2023 Titans Second League
,SINOVILLE 3,,,,,,,,,,2023 Titans Second League
234,Brandon Van der Merwe,SINOVILLE 3,,SINOVILLE 3,0,0,0,0,0,0,2023 Titans Second League
,SINOVILLE 3,,,,,,,,,,2023 Titans Second League
235,Nico Labuschagne,SINOVILLE 3,,SINOVILLE 3,0,0,0,0,0,0,2023 Titans Second League
,SINOVILLE 3,,,,,,,,,,2023 Titans Second League
236,Jaco Ferreira,SINOVILLE 3,,SINOVILLE 3,0,0,0,0,0,0,2023 Titans Second League
,SINOVILLE 3,,,,,,,,,,2023 Titans Second League
237,Ryan Thurbon,IRENE VILLAGERS 4,,IRENE VILLAGERS 4,0,0,0,0,0,0,2023 Titans Second League
,IRENE VILLAGERS 4,,,,,,,,,,2023 Titans Second League
238,Juan Van Der Westhuizen,IRENE VILLAGERS 3,,IRENE VILLAGERS 3,0,0,0,0,0,0,2023 Titans Second League
,IRENE VILLAGERS 3,,,,,,,,,,2023 Titans Second League
239,Tyler Lockhart,PHSOB 3,,PHSOB 3,0,0,0,0,0,0,2023 Titans Second League
,PHSOB 3,,,,,,,,,,2023 Titans Second League
240,Sheldon Meiring,PHSOB 3,,PHSOB 3,0,0,0,0,0,0,2023 Titans Second League
,PHSOB 3,,,,,,,,,,2023 Titans Second League
241,Tiaan Borman,SINOVILLE 3,,SINOVILLE 3,0,0,0,0,0,0,2023 Titans Second League
,SINOVILLE 3,,,,,,,,,,2023 Titans Second League
242,Andre Schoombee,SINOVILLE 3,,SINOVILLE 3,0,0,0,0,0,0,2023 Titans Second League
,SINOVILLE 3,,,,,,,,,,2023 Titans Second League
243,Andre Schoombee,SINOVILLE 3,,SINOVILLE 3,0,0,0,0,0,0,2023 Titans Second League
,SINOVILLE 3,,,,,,,,,,2023 Titans Second League
244,Phillip Bester,PHSOB 3,,PHSOB 3,0,0,0,0,0,0,2023 Titans Second League
,PHSOB 3,,,,,,,,,,2023 Titans Second League
245,Simion Muller,CBCOB 3,,CBCOB 3,0,0,0,0,0,0,2023 Titans Second League
,CBCOB 3,,,,,,,,,,2023 Titans Second League
246,Jaden Beukes,CBCOB 3,,CBCOB 3,0,0,0,0,0,0,2023 Titans Second League
,CBCOB 3,,,,,,,,,,2023 Titans Second League
247,Burgert Kloppers,HARLEQUINS 3,,HARLEQUINS 3,0,0,0,0,0,0,2023 Titans Second League
,HARLEQUINS 3,,,,,,,,,,2023 Titans Second League
248,Joe Vickery,HARLEQUINS 3,,HARLEQUINS 3,0,0,0,0,0,0,2023 Titans Second League
,HARLEQUINS 3,,,,,,,,,,2023 Titans Second League
249,Travis Joshua,HARLEQUINS 3,,HARLEQUINS 3,0,0,0,0,0,0,2023 Titans Second League
,HARLEQUINS 3,,,,,,,,,,2023 Titans Second League
250,Stiaan Schmiedeskamp,HARLEQUINS 3,,HARLEQUINS 3,0,0,0,0,0,0,2023 Titans Second League
,HARLEQUINS 3,,,,,,,,,,2023 Titans Second League
251,Christoff van Rooyen,HARLEQUINS 3,,HARLEQUINS 3,0,0,0,0,0,0,2023 Titans Second League
,HARLEQUINS 3,,,,,,,,,,2023 Titans Second League
252,Qiyaam Harlequins 3,HARLEQUINS 3,,HARLEQUINS 3,0,0,0,0,0,0,2023 Titans Second League
,HARLEQUINS 3,,,,,,,,,,2023 Titans Second League
253,Pete Harlequins 3,HARLEQUINS 3,,HARLEQUINS 3,0,0,0,0,0,0,2023 Titans Second League
,HARLEQUINS 3,,,,,,,,,,2023 Titans Second League
254,Koketjo Moselenyane,HARLEQUINS 3,,HARLEQUINS 3,0,0,0,0,0,0,2023 Titans Second League
,HARLEQUINS 3,,,,,,,,,,2023 Titans Second League
255,Shafiq Jacobs,HARLEQUINS 3,,HARLEQUINS 3,0,0,0,0,0,0,2023 Titans Second League
,HARLEQUINS 3,,,,,,,,,,2023 Titans Second League
256,Chumani Ngcokovane,IRENE VILLAGERS 4,,IRENE VILLAGERS 4,0,0,0,0,0,0,2023 Titans Second League
,IRENE VILLAGERS 4,,,,,,,,,,2023 Titans Second League
257,Marco Rudolph,SINOVILLE 4,,SINOVILLE 4,0,0,0,0,0,0,2023 Titans Second League
,SINOVILLE 4,,,,,,,,,,2023 Titans Second League
258,Aidan Van der Westhuizen,SINOVILLE 4,,SINOVILLE 4,0,0,0,0,0,0,2023 Titans Second League
,SINOVILLE 4,,,,,,,,,,2023 Titans Second League
259,Andre Kruyshaar,SINOVILLE 4,,SINOVILLE 4,0,0,0,0,0,0,2023 Titans Second League
,SINOVILLE 4,,,,,,,,,,2023 Titans Second League
260,Ruan Prinsloo,SINOVILLE 4,,SINOVILLE 4,0,0,0,0,0,0,2023 Titans Second League
,SINOVILLE 4,,,,,,,,,,2023 Titans Second League
261,Raymond Vd Berg,CBCOB 3,,CBCOB 3,0,0,0,0,0,0,2023 Titans Second League
,CBCOB 3,,,,,,,,,,2023 Titans Second League
262,HJ A,CBCOB 3,,CBCOB 3,0,0,0,0,0,0,2023 Titans Second League
,CBCOB 3,,,,,,,,,,2023 Titans Second League
263,Motheo B,CBCOB 3,,CBCOB 3,0,0,0,0,0,0,2023 Titans Second League
,CBCOB 3,,,,,,,,,,2023 Titans Second League
264,Jan Verwas,SINOVILLE 3,,SINOVILLE 3,0,0,0,0,0,0,2023 Titans Second League
,SINOVILLE 3,,,,,,,,,,2023 Titans Second League
265,Wian Munnik,SINOVILLE 3,,SINOVILLE 3,0,0,0,0,0,0,2023 Titans Second League
,SINOVILLE 3,,,,,,,,,,2023 Titans Second League
266,Dieter Munnik,SINOVILLE 3,,SINOVILLE 3,0,0,0,0,0,0,2023 Titans Second League
,SINOVILLE 3,,,,,,,,,,2023 Titans Second League
267,Ruben Munnik,SINOVILLE 3,,SINOVILLE 3,0,0,0,0,0,0,2023 Titans Second League
,SINOVILLE 3,,,,,,,,,,2023 Titans Second League
268,Franco Von Mollendorf,SINOVILLE 3,,SINOVILLE 3,0,0,0,0,0,0,2023 Titans Second League
,SINOVILLE 3,,,,,,,,,,2023 Titans Second League
269,Keldon van Zyl,SINOVILLE 3,,SINOVILLE 3,0,0,0,0,0,0,2023 Titans Second League
,SINOVILLE 3,,,,,,,,,,2023 Titans Second League
270,Klippies Marais,SINOVILLE 4,,SINOVILLE 4,0,0,0,0,0,0,2023 Titans Second League
,SINOVILLE 4,,,,,,,,,,2023 Titans Second League
271,Sallas de Jager,SINOVILLE 4,,SINOVILLE 4,0,0,0,0,0,0,2023 Titans Second League
,SINOVILLE 4,,,,,,,,,,2023 Titans Second League
272,Keagon van Zyl,SINOVILLE 3,,SINOVILLE 3,0,0,0,0,0,0,2023 Titans Second League
,SINOVILLE 3,,,,,,,,,,2023 Titans Second League
273,Erick Knoesen,IRENE VILLAGERS 4,,IRENE VILLAGERS 4,0,0,0,0,0,0,2023 Titans Second League
,IRENE VILLAGERS 4,,,,,,,,,,2023 Titans Second League
274,Jason Skinner,CBCOB 3,,CBCOB 3,0,0,0,0,0,0,2023 Titans Second League
,CBCOB 3,,,,,,,,,,2023 Titans Second League
275,Daylan Scheepers,TUT 3,,TUT 3,0,0,0,0,0,0,2023 Titans Second League
,TUT 3,,,,,,,,,,2023 Titans Second League
276,Ruan Schoeman,IRENE VILLAGERS 4,,IRENE VILLAGERS 4,0,0,0,0,0,0,2023 Titans Second League
,IRENE VILLAGERS 4,,,,,,,,,,2023 Titans Second League
277,Kian Hoeuner,CBCOB 3,,CBCOB 3,0,0,0,0,0,0,2023 Titans Second League
,CBCOB 3,,,,,,,,,,2023 Titans Second League
278,HJ Roux,CBCOB 3,,CBCOB 3,0,0,0,0,0,0,2023 Titans Second League
,CBCOB 3,,,,,,,,,,2023 Titans Second League
279,Bernard Wentzel,CBCOB 3,,CBCOB 3,0,0,0,0,0,0,2023 Titans Second League
,CBCOB 3,,,,,,,,,,2023 Titans Second League
280,Hanco Hertzog,SINOVILLE 3,,SINOVILLE 3,0,0,0,0,0,0,2023 Titans Second League
,SINOVILLE 3,,,,,,,,,,2023 Titans Second League
281,Christo Borman,SINOVILLE 3,,SINOVILLE 3,0,0,0,0,0,0,2023 Titans Second League
,SINOVILLE 3,,,,,,,,,,2023 Titans Second League
282,Duane Kruger,SINOVILLE 3,,SINOVILLE 3,0,0,0,0,0,0,2023 Titans Second League
,SINOVILLE 3,,,,,,,,,,2023 Titans Second League
283,Dillan Chatham,CBCOB 3,,CBCOB 3,0,0,0,0,0,0,2023 Titans Second League
,CBCOB 3,,,,,,,,,,2023 Titans Second League
284,Ruan Ebersohn,IRENE VILLAGERS 3,,IRENE VILLAGERS 3,0,0,0,0,0,0,2023 Titans Second League
,IRENE VILLAGERS 3,,,,,,,,,,2023 Titans Second League
285,Matthew Thurbon,IRENE VILLAGERS 3,,IRENE VILLAGERS 3,0,0,0,0,0,0,2023 Titans Second League
,IRENE VILLAGERS 3,,,,,,,,,,2023 Titans Second League
286,Jaco CBC,CBCOB 3,,CBCOB 3,0,0,0,0,0,0,2023 Titans Second League
,CBCOB 3,,,,,,,,,,2023 Titans Second League
287,Alec CBC,CBCOB 3,,CBCOB 3,0,0,0,0,0,0,2023 Titans Second League
,CBCOB 3,,,,,,,,,,2023 Titans Second League
288,Ruben Rossouw,CBCOB 3,,CBCOB 3,0,0,0,0,0,0,2023 Titans Second League
,CBCOB 3,,,,,,,,,,2023 Titans Second League
289,Reghard Lehman,CBCOB 3,,CBCOB 3,0,0,0,0,0,0,2023 Titans Second League
,CBCOB 3,,,,,,,,,,2023 Titans Second League
290,Marko Liebenberg,CBCOB 3,,CBCOB 3,0,0,0,0,0,0,2023 Titans Second League
,CBCOB 3,,,,,,,,,,2023 Titans Second League
291,Piet Botha,SINOVILLE 3,,SINOVILLE 3,0,0,0,0,0,0,2023 Titans Second League
,SINOVILLE 3,,,,,,,,,,2023 Titans Second League
292,Ian Dorfling,SINOVILLE 3,,SINOVILLE 3,0,0,0,0,0,0,2023 Titans Second League
,SINOVILLE 3,,,,,,,,,,2023 Titans Second League
293,Mollie Sinoville,SINOVILLE 3,,SINOVILLE 3,0,0,0,0,0,0,2023 Titans Second League
,SINOVILLE 3,,,,,,,,,,2023 Titans Second League
294,Pieter Oosthuizen,SINOVILLE 3,,SINOVILLE 3,0,0,0,0,0,0,2023 Titans Second League
,SINOVILLE 3,,,,,,,,,,2023 Titans Second League
295,Jeandre Van molledorf,SINOVILLE 3,,SINOVILLE 3,0,0,0,0,0,0,2023 Titans Second League
,SINOVILLE 3,,,,,,,,,,2023 Titans Second League
296,Danie Schoeman,SINOVILLE 3,,SINOVILLE 3,0,0,0,0,0,0,2023 Titans Second League
,SINOVILLE 3,,,,,,,,,,2023 Titans Second League
297,Gerrie Viljoen,IRENE VILLAGERS 4,,IRENE VILLAGERS 4,0,0,0,0,0,0,2023 Titans Second League
,IRENE VILLAGERS 4,,,,,,,,,,2023 Titans Second League
298,Nuzi Ndlovu,PHSOB 3,,PHSOB 3,0,0,0,0,0,0,2023 Titans Second League
,PHSOB 3,,,,,,,,,,2023 Titans Second League
299,Yatin Koul,PHSOB 3,,PHSOB 3,0,0,0,0,0,0,2023 Titans Second League
,PHSOB 3,,,,,,,,,,2023 Titans Second League
300,Matt Collett,PHSOB 3,,PHSOB 3,0,0,0,0,0,0,2023 Titans Second League
,PHSOB 3,,,,,,,,,,2023 Titans Second League
301,Walli Vayani,PHSOB 3,,PHSOB 3,0,0,0,0,0,0,2023 Titans Second League
,PHSOB 3,,,,,,,,,,2023 Titans Second League
302,Jaco Ventet,IRENE VILLAGERS 3,,IRENE VILLAGERS 3,0,0,0,0,0,0,2023 Titans Second League
,IRENE VILLAGERS 3,,,,,,,,,,2023 Titans Second League
303,Jaco Joubert,IRENE VILLAGERS 4,,IRENE VILLAGERS 4,0,0,0,0,0,0,2023 Titans Second League
,IRENE VILLAGERS 4,,,,,,,,,,2023 Titans Second League
304,Clayton Brunsdon,IRENE VILLAGERS 4,,IRENE VILLAGERS 4,0,0,0,0,0,0,2023 Titans Second League
,IRENE VILLAGERS 4,,,,,,,,,,2023 Titans Second League
305,Keegan Thiele,HARLEQUINS 3,,HARLEQUINS 3,0,0,0,0,0,0,2023 Titans Second League
,HARLEQUINS 3,,,,,,,,,,2023 Titans Second League
306,Adam Richards,HARLEQUINS 3,,HARLEQUINS 3,0,0,0,0,0,0,2023 Titans Second League
,HARLEQUINS 3,,,,,,,,,,2023 Titans Second League
307,Neyko Stiglingh,HARLEQUINS 3,,HARLEQUINS 3,0,0,0,0,0,0,2023 Titans Second League
,HARLEQUINS 3,,,,,,,,,,2023 Titans Second League
308,Steyn Niemand,HARLEQUINS 3,,HARLEQUINS 3,0,0,0,0,0,0,2023 Titans Second League
,HARLEQUINS 3,,,,,,,,,,2023 Titans Second League
309,Peter Harold,HARLEQUINS 3,,HARLEQUINS 3,0,0,0,0,0,0,2023 Titans Second League
,HARLEQUINS 3,,,,,,,,,,2023 Titans Second League
310,Pieter Pretorius,HARLEQUINS 3,,HARLEQUINS 3,0,0,0,0,0,0,2023 Titans Second League
,HARLEQUINS 3,,,,,,,,,,2023 Titans Second League
311,Andre Duvenhage,HARLEQUINS 3,,HARLEQUINS 3,0,0,0,0,0,0,2023 Titans Second League
,HARLEQUINS 3,,,,,,,,,,2023 Titans Second League
312,Ryan Stringer,PHSOB 3,,PHSOB 3,0,0,0,0,0,0,2023 Titans Second League
,PHSOB 3,,,,,,,,,,2023 Titans Second League
313,Dewan Bohmer,PHSOB 3,,PHSOB 3,0,0,0,0,0,0,2023 Titans Second League
,PHSOB 3,,,,,,,,,,2023 Titans Second League
314,Cj Jordaan,PHSOB 3,,PHSOB 3,0,0,0,0,0,0,2023 Titans Second League
,PHSOB 3,,,,,,,,,,2023 Titans Second League
315,Ab Rasool,IRENE VILLAGERS 3,,IRENE VILLAGERS 3,0,0,0,0,0,0,2023 Titans Second League
,IRENE VILLAGERS 3,,,,,,,,,,2023 Titans Second League
316,Phillip Weyer,IRENE VILLAGERS 3,,IRENE VILLAGERS 3,0,0,0,0,0,0,2023 Titans Second League
,IRENE VILLAGERS 3,,,,,,,,,,2023 Titans Second League
317,Papi Cbf,CBCOB 3,,CBCOB 3,0,0,0,0,0,0,2023 Titans Second League
,CBCOB 3,,,,,,,,,,2023 Titans Second League
318,HR Cbc,CBCOB 3,,CBCOB 3,0,0,0,0,0,0,2023 Titans Second League
,CBCOB 3,,,,,,,,,,2023 Titans Second League
319,Lafras Jenkins,PHSOB 3,,PHSOB 3,0,0,0,0,0,0,2023 Titans Second League
,PHSOB 3,,,,,,,,,,2023 Titans Second League
320,Manpreet Singh,IRENE VILLAGERS 3,,IRENE VILLAGERS 3,0,0,0,0,0,0,2023 Titans Second League
,IRENE VILLAGERS 3,,,,,,,,,,2023 Titans Second League
321,Riley Miller,SINOVILLE 3,,SINOVILLE 3,0,0,0,0,0,0,2023 Titans Second League
,SINOVILLE 3,,,,,,,,,,2023 Titans Second League
322,Tyler Miller,IRENE VILLAGERS 4,,IRENE VILLAGERS 4,0,0,0,0,0,0,2023 Titans Second League
,IRENE VILLAGERS 4,,,,,,,,,,2023 Titans Second League
323,Nicolas Conradie,IRENE VILLAGERS 4,,IRENE VILLAGERS 4,0,0,0,0,0,0,2023 Titans Second League
,IRENE VILLAGERS 4,,,,,,,,,,2023 Titans Second League
324,Jock de Jager,TUKS 5,,TUKS 5,0,0,0,0,0,0,2023 Titans Second League
,TUKS 5,,,,,,,,,,2023 Titans Second League
325,Hanco Hertzog,SINOVILLE 4,,SINOVILLE 4,0,0,0,0,0,0,2023 Titans Second League
,SINOVILLE 4,,,,,,,,,,2023 Titans Second League
326,Christo Bornman,SINOVILLE 4,,SINOVILLE 4,0,0,0,0,0,0,2023 Titans Second League
,SINOVILLE 4,,,,,,,,,,2023 Titans Second League
327,Ruan de Beer,SINOVILLE 4,,SINOVILLE 4,0,0,0,0,0,0,2023 Titans Second League
,SINOVILLE 4,,,,,,,,,,2023 Titans Second League
328,Rust Niemand,SINOVILLE 4,,SINOVILLE 4,0,0,0,0,0,0,2023 Titans Second League
,SINOVILLE 4,,,,,,,,,,2023 Titans Second League
329,Ricardo Osthuisen,SINOVILLE 4,,SINOVILLE 4,0,0,0,0,0,0,2023 Titans Second League
,SINOVILLE 4,,,,,,,,,,2023 Titans Second League
330,Thomas Hobson,PHSOB 3,,PHSOB 3,0,0,0,0,0,0,2023 Titans Second League
,PHSOB 3,,,,,,,,,,2023 Titans Second League
331,Ryan Houbert,PHSOB 3,,PHSOB 3,0,0,0,0,0,0,2023 Titans Second League
,PHSOB 3,,,,,,,,,,2023 Titans Second League
332,Dylan Engelbtecht,SINOVILLE 4,,SINOVILLE 4,0,0,0,0,0,0,2023 Titans Second League
,SINOVILLE 4,,,,,,,,,,2023 Titans Second League
333,Pieter Oosthuisen,SINOVILLE 4,,SINOVILLE 4,0,0,0,0,0,0,2023 Titans Second League
,SINOVILLE 4,,,,,,,,,,2023 Titans Second League
334,Leon Tut3,TUT 3,,TUT 3,0,0,0,0,0,0,2023 Titans Second League
,TUT 3,,,,,,,,,,2023 Titans Second League
335,Manie De Roubiax,SINOVILLE 4,,SINOVILLE 4,0,0,0,0,0,0,2023 Titans Second League
,SINOVILLE 4,,,,,,,,,,2023 Titans Second League
336,Schalk Pelzer,SINOVILLE 4,,SINOVILLE 4,0,0,0,0,0,0,2023 Titans Second League
,SINOVILLE 4,,,,,,,,,,2023 Titans Second League
337,Eugene Joubert,SINOVILLE 4,,SINOVILLE 4,0,0,0,0,0,0,2023 Titans Second League
,SINOVILLE 4,,,,,,,,,,2023 Titans Second League
338,Jeandre Joubert,SINOVILLE 4,,SINOVILLE 4,0,0,0,0,0,0,2023 Titans Second League
,SINOVILLE 4,,,,,,,,,,2023 Titans Second League
339,Jayden Blom,SINOVILLE 4,,SINOVILLE 4,0,0,0,0,0,0,2023 Titans Second League
,SINOVILLE 4,,,,,,,,,,2023 Titans Second League
340,Ricus Moller,SINOVILLE 4,,SINOVILLE 4,0,0,0,0,0,0,2023 Titans Second League
,SINOVILLE 4,,,,,,,,,,2023 Titans Second League
341,Lehan Kirchner,PHSOB 3,,PHSOB 3,0,0,0,0,0,0,2023 Titans Second League
,PHSOB 3,,,,,,,,,,2023 Titans Second League
342,Dylan Kruger,PHSOB 3,,PHSOB 3,0,0,0,0,0,0,2023 Titans Second League
,PHSOB 3,,,,,,,,,,2023 Titans Second League
343,Marinus Langerman,HARLEQUINS 3,,HARLEQUINS 3,0,0,0,0,0,0,2023 Titans Second League
,HARLEQUINS 3,,,,,,,,,,2023 Titans Second League
344,Rowan Sweetman,HARLEQUINS 3,,HARLEQUINS 3,0,0,0,0,0,0,2023 Titans Second League
,HARLEQUINS 3,,,,,,,,,,2023 Titans Second League
345,Theo Van Rooyen,HARLEQUINS 3,,HARLEQUINS 3,0,0,0,0,0,0,2023 Titans Second League
,HARLEQUINS 3,,,,,,,,,,2023 Titans Second League
346,Ewan Erasmus,HARLEQUINS 3,,HARLEQUINS 3,0,0,0,0,0,0,2023 Titans Second League
,HARLEQUINS 3,,,,,,,,,,2023 Titans Second League
347,Piet Botha,SINOVILLE 4,,SINOVILLE 4,0,0,0,0,0,0,2023 Titans Second League
,SINOVILLE 4,,,,,,,,,,2023 Titans Second League
348,Riaan Coetzer,SINOVILLE 4,,SINOVILLE 4,0,0,0,0,0,0,2023 Titans Second League
,SINOVILLE 4,,,,,,,,,,2023 Titans Second League
349,Mohammed Korowlay,HARLEQUINS 3,,HARLEQUINS 3,0,0,0,0,0,0,2023 Titans Second League
,HARLEQUINS 3,,,,,,,,,,2023 Titans Second League
350,Sarel Marias,HARLEQUINS 3,,HARLEQUINS 3,0,0,0,0,0,0,2023 Titans Second League
,HARLEQUINS 3,,,,,,,,,,2023 Titans Second League
351,Gary Joshua,HARLEQUINS 3,,HARLEQUINS 3,0,0,0,0,0,0,2023 Titans Second League
,HARLEQUINS 3,,,,,,,,,,2023 Titans Second League
