SNO,PLAYER,TEAM_IMG,BLANK,TEAM,MAT,INS,NO,RUNS,BALLS,AVG,SR,HS,100s,75s,50s,25s,0s,6s,4s
1,Stefan Strydom,IRENE VILLAGERS 4,,IRENE VILLAGERS 4,12,11,1,416,392,41.60,106.12,87,0,1,3,4,0,12,50
,IRENE VILLAGERS 4,,,,,,,,,,,,,,,,,,
2,Brian Kershaw,PHSOB 3,,PHSOB 3,9,9,1,393,381,49.12,103.15,76,0,1,4,2,1,21,33
,PHSOB 3,,,,,,,,,,,,,,,,,,
3,Waldemar Bodenstein,IRENE VILLAGERS 3,,IRENE VILLAGERS 3,10,10,2,234,292,29.25,80.14,74,0,0,2,1,2,4,29
,IRENE VILLAGERS 3,,,,,,,,,,,,,,,,,,
4,Werner Pretorius,IRENE VILLAGERS 4,,IRENE VILLAGERS 4,3,3,0,215,144,71.67,149.31,153,1,0,1,0,0,18,11
,IRENE VILLAGERS 4,,,,,,,,,,,,,,,,,,
5,Francke Botha,HARLEQUINS 3,,HARLEQUINS 3,4,4,0,215,222,53.75,96.85,100,1,0,1,0,0,6,24
,HARLEQUINS 3,,,,,,,,,,,,,,,,,,
6,Hendrik Ferreira,TUT 3,,TUT 3,7,6,1,208,241,41.60,86.31,84,0,1,2,1,1,8,18
,TUT 3,,,,,,,,,,,,,,,,,,
7,Christian Strydom,TUKS 5,,TUKS 5,10,10,2,201,236,25.12,85.17,56,0,0,1,2,1,3,24
,TUKS 5,,,,,,,,,,,,,,,,,,
8,Donovan du Toit,TUKS 5,,TUKS 5,9,7,0,199,212,28.43,93.87,76,0,1,1,3,0,12,17
,TUKS 5,,,,,,,,,,,,,,,,,,
9,Michael Kershaw,PHSOB 3,,PHSOB 3,9,9,2,198,169,28.29,117.16,57,0,0,1,1,0,13,19
,PHSOB 3,,,,,,,,,,,,,,,,,,
10,Johan Nel,TUKS 5,,TUKS 5,10,10,1,190,192,21.11,98.96,81,0,1,1,1,1,8,22
,TUKS 5,,,,,,,,,,,,,,,,,,
11,Rivan Stoman,SINOVILLE 3,,SINOVILLE 3,4,4,0,189,154,47.25,122.73,130,1,0,0,1,0,9,22
,SINOVILLE 3,,,,,,,,,,,,,,,,,,
12,Juan Viljoen,HARLEQUINS 3,,HARLEQUINS 3,11,11,1,180,190,18.00,94.74,36,0,0,0,4,0,3,19
,HARLEQUINS 3,,,,,,,,,,,,,,,,,,
13,Charl Prinsloo,TUT 3,,TUT 3,7,6,3,177,287,59.00,61.67,63,0,0,1,3,0,0,25
,TUT 3,,,,,,,,,,,,,,,,,,
14,Brent Hartley,IRENE VILLAGERS 4,,IRENE VILLAGERS 4,12,11,1,177,365,17.70,48.49,37,0,0,0,3,0,0,20
,IRENE VILLAGERS 4,,,,,,,,,,,,,,,,,,
15,Emil Rolfes,PHSOB 3,,PHSOB 3,8,8,1,171,195,24.43,87.69,97,0,1,1,1,2,1,26
,PHSOB 3,,,,,,,,,,,,,,,,,,
16,Eddie Stephen,HARLEQUINS 3,,HARLEQUINS 3,7,7,1,167,142,27.83,117.61,95,0,1,1,1,1,11,17
,HARLEQUINS 3,,,,,,,,,,,,,,,,,,
17,Reinhardt Hamann,TUKS 5,,TUKS 5,5,5,1,165,123,41.25,134.15,69,0,0,2,1,1,8,13
,TUKS 5,,,,,,,,,,,,,,,,,,
18,Nicolas Conradie,IRENE VILLAGERS 3,,IRENE VILLAGERS 3,5,5,1,162,178,40.50,91.01,122,1,0,0,0,0,8,11
,IRENE VILLAGERS 3,,,,,,,,,,,,,,,,,,
19,Stefan Van Der Linden,PHSOB 3,,PHSOB 3,10,9,0,158,275,17.56,57.45,50,0,0,1,2,2,5,9
,PHSOB 3,,,,,,,,,,,,,,,,,,
20,Ciaron Roundtree,IRENE VILLAGERS 3,,IRENE VILLAGERS 3,7,7,1,148,119,24.67,124.37,78,0,1,1,1,1,15,4
,IRENE VILLAGERS 3,,,,,,,,,,,,,,,,,,
21,Wayne Sadler,TUKS 5,,TUKS 5,8,7,2,146,203,29.20,71.92,83,0,1,1,0,1,4,14
,TUKS 5,,,,,,,,,,,,,,,,,,
22,Frits Snyman,TUKS 5,,TUKS 5,9,8,0,144,206,18.00,69.90,59,0,0,1,0,1,2,16
,TUKS 5,,,,,,,,,,,,,,,,,,
23,Arno Louw,SINOVILLE 3,,SINOVILLE 3,5,5,0,141,194,28.20,72.68,62,0,0,1,2,0,3,16
,SINOVILLE 3,,,,,,,,,,,,,,,,,,
24,Henco Murphy,IRENE VILLAGERS 3,,IRENE VILLAGERS 3,8,8,3,139,180,27.80,77.22,47,0,0,0,2,2,7,14
,IRENE VILLAGERS 3,,,,,,,,,,,,,,,,,,
25,Dylan Howe-Dreyer,PHSOB 3,,PHSOB 3,6,6,0,134,169,22.33,79.29,76,0,1,1,1,1,3,17
,PHSOB 3,,,,,,,,,,,,,,,,,,
26,Ryno Vermaak,SINOVILLE 3,,SINOVILLE 3,5,5,1,131,122,32.75,107.38,94,0,1,1,1,2,3,11
,SINOVILLE 3,,,,,,,,,,,,,,,,,,
27,Ludwig Erasmus,SINOVILLE 3,,SINOVILLE 3,2,2,0,126,100,63.00,126.00,89,0,1,1,1,0,4,18
,SINOVILLE 3,,,,,,,,,,,,,,,,,,
28,Ruan Ebersohn,IRENE VILLAGERS 4,,IRENE VILLAGERS 4,11,9,0,124,226,13.78,54.87,43,0,0,0,1,0,1,15
,IRENE VILLAGERS 4,,,,,,,,,,,,,,,,,,
29,Werner Pretorius,IRENE VILLAGERS 3,,IRENE VILLAGERS 3,6,5,1,123,63,30.75,195.24,38,0,0,0,3,1,10,8
,IRENE VILLAGERS 3,,,,,,,,,,,,,,,,,,
30,Tihardt Kruger,TUKS 5,,TUKS 5,11,10,1,120,166,13.33,72.29,31,0,0,0,1,2,3,12
,TUKS 5,,,,,,,,,,,,,,,,,,
31,Niel Coetzee,TUT 3,,TUT 3,8,6,1,116,244,23.20,47.54,42,0,0,0,2,0,0,13
,TUT 3,,,,,,,,,,,,,,,,,,
32,David Fourie,CBCOB 3,,CBCOB 3,3,2,0,113,104,56.50,108.65,94,0,1,1,0,0,4,10
,CBCOB 3,,,,,,,,,,,,,,,,,,
33,Faf De Villiers,HARLEQUINS 3,,HARLEQUINS 3,3,3,0,112,140,37.33,80.00,98,0,1,1,0,1,2,10
,HARLEQUINS 3,,,,,,,,,,,,,,,,,,
34,Stefan Olivier,TUT 3,,TUT 3,6,5,0,108,125,21.60,86.40,37,0,0,0,2,0,1,16
,TUT 3,,,,,,,,,,,,,,,,,,
35,Martin Van Tonder,TUKS 5,,TUKS 5,12,10,0,108,169,10.80,63.91,28,0,0,0,1,0,1,11
,TUKS 5,,,,,,,,,,,,,,,,,,
36,Henry Cbc,CBCOB 3,,CBCOB 3,4,4,0,107,138,26.75,77.54,45,0,0,0,2,0,4,10
,CBCOB 3,,,,,,,,,,,,,,,,,,
37,Stefan Grobler,TUT 3,,TUT 3,8,5,1,106,61,26.50,173.77,50,0,0,1,0,0,8,10
,TUT 3,,,,,,,,,,,,,,,,,,
38,Callen Stephen,PHSOB 3,,PHSOB 3,4,4,0,105,147,26.25,71.43,59,0,0,1,1,0,2,12
,PHSOB 3,,,,,,,,,,,,,,,,,,
39,Rohann Rossouw,IRENE VILLAGERS 3,,IRENE VILLAGERS 3,7,7,0,105,165,15.00,63.64,39,0,0,0,1,1,2,8
,IRENE VILLAGERS 3,,,,,,,,,,,,,,,,,,
40,Logan Weetman,PHSOB 3,,PHSOB 3,1,1,0,103,63,103.00,163.49,103,1,0,0,0,0,6,12
,PHSOB 3,,,,,,,,,,,,,,,,,,
41,Kyle Kunneke,IRENE VILLAGERS 3,,IRENE VILLAGERS 3,10,7,5,103,172,51.50,59.88,32,0,0,0,3,0,1,9
,IRENE VILLAGERS 3,,,,,,,,,,,,,,,,,,
42,Patrick Mouton,HARLEQUINS 3,,HARLEQUINS 3,1,1,0,100,94,100.00,106.38,100,1,0,0,0,0,2,10
,HARLEQUINS 3,,,,,,,,,,,,,,,,,,
43,Tiaan Engelbrecht,TUKS 5,,TUKS 5,11,8,0,99,108,12.38,91.67,30,0,0,0,1,0,4,8
,TUKS 5,,,,,,,,,,,,,,,,,,
44,Hayden Van Den Heever,PHSOB 3,,PHSOB 3,5,5,1,96,118,24.00,81.36,33,0,0,0,2,0,4,10
,PHSOB 3,,,,,,,,,,,,,,,,,,
45,Henco Murphy,IRENE VILLAGERS 3,,IRENE VILLAGERS 3,2,2,0,94,92,47.00,102.17,69,0,0,1,1,0,7,7
,IRENE VILLAGERS 3,,,,,,,,,,,,,,,,,,
46,PJ Van Der Merwe,IRENE VILLAGERS 4,,IRENE VILLAGERS 4,7,6,1,92,160,18.40,57.50,50,0,0,1,0,1,2,6
,IRENE VILLAGERS 4,,,,,,,,,,,,,,,,,,
47,Kopano Thema,HARLEQUINS 3,,HARLEQUINS 3,5,5,1,85,106,21.25,80.19,59,0,0,1,0,0,1,11
,HARLEQUINS 3,,,,,,,,,,,,,,,,,,
48,Arno Kruger,PHSOB 3,,PHSOB 3,7,7,1,78,80,13.00,97.50,42,0,0,0,1,1,4,8
,PHSOB 3,,,,,,,,,,,,,,,,,,
49,Johan Broekman,IRENE VILLAGERS 3,,IRENE VILLAGERS 3,1,1,0,76,60,76.00,126.67,76,0,1,1,0,0,2,7
,IRENE VILLAGERS 3,,,,,,,,,,,,,,,,,,
50,Alec Jordaan,CBCOB 3,,CBCOB 3,3,3,1,76,71,38.00,107.04,49,0,0,0,1,0,5,6
,CBCOB 3,,,,,,,,,,,,,,,,,,
51,Brandon Polyblank,IRENE VILLAGERS 4,,IRENE VILLAGERS 4,9,7,2,75,131,15.00,57.25,25,0,0,0,1,0,1,4
,IRENE VILLAGERS 4,,,,,,,,,,,,,,,,,,
52,Marko De Cock,PHSOB 3,,PHSOB 3,3,3,0,73,26,24.33,280.77,51,0,0,1,0,1,9,4
,PHSOB 3,,,,,,,,,,,,,,,,,,
53,Adriaan Venter,CBCOB 3,,CBCOB 3,3,3,0,73,67,24.33,108.96,55,0,0,1,0,0,1,12
,CBCOB 3,,,,,,,,,,,,,,,,,,
54,Jan De Klerk,IRENE VILLAGERS 3,,IRENE VILLAGERS 3,1,1,0,72,86,72.00,83.72,72,0,0,1,0,0,2,8
,IRENE VILLAGERS 3,,,,,,,,,,,,,,,,,,
55,Willie Kamffer,HARLEQUINS 3,,HARLEQUINS 3,6,5,0,72,160,14.40,45.00,58,0,0,1,0,1,1,8
,HARLEQUINS 3,,,,,,,,,,,,,,,,,,
56,Joubert Eybers,PHSOB 3,,PHSOB 3,3,2,1,71,85,71.00,83.53,69,0,0,1,0,0,3,5
,PHSOB 3,,,,,,,,,,,,,,,,,,
57,Dewet Lombard,TUT 3,,TUT 3,2,2,0,70,70,35.00,100.00,36,0,0,0,2,0,3,5
,TUT 3,,,,,,,,,,,,,,,,,,
58,Liam Armstrong,PHSOB 3,,PHSOB 3,5,4,0,70,104,17.50,67.31,39,0,0,0,1,0,0,11
,PHSOB 3,,,,,,,,,,,,,,,,,,
59,Rykers Voges,CBCOB 3,,CBCOB 3,6,6,0,68,112,11.33,60.71,39,0,0,0,1,2,0,6
,CBCOB 3,,,,,,,,,,,,,,,,,,
60,Jeandre Roux,TUT 3,,TUT 3,5,3,0,67,99,22.33,67.68,45,0,0,0,1,0,0,8
,TUT 3,,,,,,,,,,,,,,,,,,
61,Karel Vd Walt,HARLEQUINS 3,,HARLEQUINS 3,6,6,1,67,101,13.40,66.34,24,0,0,0,0,1,1,8
,HARLEQUINS 3,,,,,,,,,,,,,,,,,,
62,JJ Lesolang,PHSOB 3,,PHSOB 3,3,1,0,66,41,66.00,160.98,66,0,0,1,0,0,4,3
,PHSOB 3,,,,,,,,,,,,,,,,,,
63,Johan Broekman,IRENE VILLAGERS 3,,IRENE VILLAGERS 3,4,4,0,66,100,16.50,66.00,32,0,0,0,1,0,1,7
,IRENE VILLAGERS 3,,,,,,,,,,,,,,,,,,
64,Gary Van Blerk,TUT 3,,TUT 3,8,5,0,65,99,13.00,65.66,37,0,0,0,1,0,1,7
,TUT 3,,,,,,,,,,,,,,,,,,
65,JD van Wyk,SINOVILLE 3,,SINOVILLE 3,4,4,1,62,82,20.67,75.61,32,0,0,0,2,1,0,9
,SINOVILLE 3,,,,,,,,,,,,,,,,,,
66,Dylan Cutting,HARLEQUINS 3,,HARLEQUINS 3,2,2,1,61,63,61.00,96.83,38,0,0,0,1,0,2,7
,HARLEQUINS 3,,,,,,,,,,,,,,,,,,
67,Neil Jansen,IRENE VILLAGERS 3,,IRENE VILLAGERS 3,4,3,2,61,73,61.00,83.56,49,0,0,0,1,0,2,7
,IRENE VILLAGERS 3,,,,,,,,,,,,,,,,,,
68,Ruan Coetzer,HARLEQUINS 3,,HARLEQUINS 3,10,9,2,61,84,8.71,72.62,37,0,0,0,1,0,2,3
,HARLEQUINS 3,,,,,,,,,,,,,,,,,,
69,Neiko Stigling,TUT 3,,TUT 3,4,3,1,55,54,27.50,101.85,24,0,0,0,0,0,1,6
,TUT 3,,,,,,,,,,,,,,,,,,
70,Janro De Bruin,CBCOB 3,,CBCOB 3,8,6,2,55,102,13.75,53.92,19,0,0,0,0,2,0,8
,CBCOB 3,,,,,,,,,,,,,,,,,,
71,Jason Van Loggenberg,SINOVILLE 3,,SINOVILLE 3,1,1,0,53,40,53.00,132.50,53,0,0,1,0,0,4,3
,SINOVILLE 3,,,,,,,,,,,,,,,,,,
72,Leon Bender,CBCOB 3,,CBCOB 3,4,3,0,53,83,17.67,63.86,26,0,0,0,1,0,2,3
,CBCOB 3,,,,,,,,,,,,,,,,,,
73,Jan Jones,TUKS 5,,TUKS 5,9,7,0,53,94,7.57,56.38,21,0,0,0,0,2,0,5
,TUKS 5,,,,,,,,,,,,,,,,,,
74,Dylan Kotze,CBCOB 3,,CBCOB 3,3,3,0,52,81,17.33,64.20,29,0,0,0,1,0,0,7
,CBCOB 3,,,,,,,,,,,,,,,,,,
75,Edwin De Waal,PHSOB 3,,PHSOB 3,4,3,0,51,38,17.00,134.21,26,0,0,0,2,1,3,6
,PHSOB 3,,,,,,,,,,,,,,,,,,
76,Marcel Cronjé,PHSOB 3,,PHSOB 3,4,4,2,50,99,25.00,50.51,32,0,0,0,1,0,0,2
,PHSOB 3,,,,,,,,,,,,,,,,,,
77,Henre Smith,IRENE VILLAGERS 3,,IRENE VILLAGERS 3,3,2,0,50,104,25.00,48.08,30,0,0,0,1,0,2,4
,IRENE VILLAGERS 3,,,,,,,,,,,,,,,,,,
78,Ulrich Breytenbach,HARLEQUINS 3,,HARLEQUINS 3,4,4,1,49,66,16.33,74.24,22,0,0,0,0,0,0,7
,HARLEQUINS 3,,,,,,,,,,,,,,,,,,
79,Lehlohonolo Moshoati,TUKS 5,,TUKS 5,2,2,0,48,32,24.00,150.00,34,0,0,0,1,0,4,3
,TUKS 5,,,,,,,,,,,,,,,,,,
80,Christoff  Pompie Helm,IRENE VILLAGERS 4,,IRENE VILLAGERS 4,7,5,3,48,142,24.00,33.80,17,0,0,0,0,0,0,7
,IRENE VILLAGERS 4,,,,,,,,,,,,,,,,,,
81,Matt Collett,PHSOB 3,,PHSOB 3,2,2,0,47,55,23.50,85.45,41,0,0,0,1,0,1,7
,PHSOB 3,,,,,,,,,,,,,,,,,,
82,Christo Swanepoel,PHSOB 3,,PHSOB 3,3,3,1,46,67,23.00,68.66,24,0,0,0,0,0,0,5
,PHSOB 3,,,,,,,,,,,,,,,,,,
83,Clayton Brunsdon,IRENE VILLAGERS 4,,IRENE VILLAGERS 4,9,7,2,43,80,8.60,53.75,13,0,0,0,0,0,0,5
,IRENE VILLAGERS 4,,,,,,,,,,,,,,,,,,
84,Willem Jacobs,HARLEQUINS 3,,HARLEQUINS 3,9,7,0,42,61,6.00,68.85,14,0,0,0,0,1,0,6
,HARLEQUINS 3,,,,,,,,,,,,,,,,,,
85,Henry Van Der Merwe,TUKS 5,,TUKS 5,2,2,0,42,94,21.00,44.68,32,0,0,0,1,0,0,2
,TUKS 5,,,,,,,,,,,,,,,,,,
86,Marco Rudolph,SINOVILLE 3,,SINOVILLE 3,2,2,0,41,36,20.50,113.89,29,0,0,0,1,0,1,3
,SINOVILLE 3,,,,,,,,,,,,,,,,,,
87,Iwann Els,IRENE VILLAGERS 3,,IRENE VILLAGERS 3,3,3,0,41,52,13.67,78.85,27,0,0,0,1,0,1,4
,IRENE VILLAGERS 3,,,,,,,,,,,,,,,,,,
88,Jaden Beukes,CBCOB 3,,CBCOB 3,2,2,0,39,47,19.50,82.98,32,0,0,0,1,0,0,5
,CBCOB 3,,,,,,,,,,,,,,,,,,
89,Matthew Thurbon,IRENE VILLAGERS 3,,IRENE VILLAGERS 3,3,2,1,39,48,39.00,81.25,20,0,0,0,0,0,0,5
,IRENE VILLAGERS 3,,,,,,,,,,,,,,,,,,
90,Zandre Jordaan,SINOVILLE 3,,SINOVILLE 3,2,2,0,37,37,18.50,100.00,26,0,0,0,1,0,0,6
,SINOVILLE 3,,,,,,,,,,,,,,,,,,
91,Chris Klopper,IRENE VILLAGERS 4,,IRENE VILLAGERS 4,4,4,0,37,43,9.25,86.05,20,0,0,0,0,0,1,5
,IRENE VILLAGERS 4,,,,,,,,,,,,,,,,,,
92,Justin Van Bassen,CBCOB 3,,CBCOB 3,1,1,0,37,45,37.00,82.22,37,0,0,0,1,0,0,5
,CBCOB 3,,,,,,,,,,,,,,,,,,
93,Andre Klopper,IRENE VILLAGERS 4,,IRENE VILLAGERS 4,2,2,1,36,24,36.00,150.00,23,0,0,0,0,0,2,4
,IRENE VILLAGERS 4,,,,,,,,,,,,,,,,,,
94,Gerhard Batt,SINOVILLE 3,,SINOVILLE 3,3,3,0,36,38,12.00,94.74,32,0,0,0,1,1,2,4
,SINOVILLE 3,,,,,,,,,,,,,,,,,,
95,André Duvenhage,PHSOB 3,,PHSOB 3,3,2,0,36,41,18.00,87.80,25,0,0,0,1,0,0,3
,PHSOB 3,,,,,,,,,,,,,,,,,,
96,Elgun Boecker,IRENE VILLAGERS 3,,IRENE VILLAGERS 3,3,2,1,35,30,35.00,116.67,32,0,0,0,1,0,3,2
,IRENE VILLAGERS 3,,,,,,,,,,,,,,,,,,
97,Julian Otto,SINOVILLE 3,,SINOVILLE 3,4,4,1,34,38,11.33,89.47,28,0,0,0,1,2,0,4
,SINOVILLE 3,,,,,,,,,,,,,,,,,,
98,Henk Fick,SINOVILLE 3,,SINOVILLE 3,3,2,0,33,30,16.50,110.00,23,0,0,0,0,0,0,4
,SINOVILLE 3,,,,,,,,,,,,,,,,,,
99,Dimitri Saunders,HARLEQUINS 3,,HARLEQUINS 3,2,2,1,33,56,33.00,58.93,33,0,0,0,1,0,1,1
,HARLEQUINS 3,,,,,,,,,,,,,,,,,,
100,Mark Yafee,CBCOB 3,,CBCOB 3,4,4,0,33,62,8.25,53.23,15,0,0,0,0,0,0,3
,CBCOB 3,,,,,,,,,,,,,,,,,,
101,PJ McKechnie,PHSOB 3,,PHSOB 3,3,3,0,32,46,10.67,69.57,23,0,0,0,0,0,0,4
,PHSOB 3,,,,,,,,,,,,,,,,,,
102,Tshepo Molite,IRENE VILLAGERS 3,,IRENE VILLAGERS 3,4,4,0,32,46,8.00,69.57,26,0,0,0,1,1,1,4
,IRENE VILLAGERS 3,,,,,,,,,,,,,,,,,,
103,Dylan Kotze,CBCOB 3,,CBCOB 3,2,2,1,32,68,32.00,47.06,23,0,0,0,0,0,0,1
,CBCOB 3,,,,,,,,,,,,,,,,,,
104,Andrè Smith,TUKS 5,,TUKS 5,3,3,1,31,47,15.50,65.96,20,0,0,0,0,0,0,4
,TUKS 5,,,,,,,,,,,,,,,,,,
105,Burgert Kloppers,PHSOB 3,,PHSOB 3,8,5,3,31,56,15.50,55.36,14,0,0,0,0,1,1,3
,PHSOB 3,,,,,,,,,,,,,,,,,,
106,Jacques Van Rooyen,IRENE VILLAGERS 3,,IRENE VILLAGERS 3,8,2,1,28,23,28.00,121.74,19,0,0,0,0,0,1,0
,IRENE VILLAGERS 3,,,,,,,,,,,,,,,,,,
107,Justin Pretorius,IRENE VILLAGERS 3,,IRENE VILLAGERS 3,3,3,0,27,20,9.00,135.00,18,0,0,0,0,0,4,0
,IRENE VILLAGERS 3,,,,,,,,,,,,,,,,,,
108,Gerno Erasmus,SINOVILLE 3,,SINOVILLE 3,1,1,0,27,23,27.00,117.39,27,0,0,0,1,0,0,6
,SINOVILLE 3,,,,,,,,,,,,,,,,,,
109,Werner Swart,SINOVILLE 3,,SINOVILLE 3,1,1,0,27,33,27.00,81.82,27,0,0,0,1,0,1,2
,SINOVILLE 3,,,,,,,,,,,,,,,,,,
110,Hein Swanepoel,HARLEQUINS 3,,HARLEQUINS 3,2,2,0,26,15,13.00,173.33,16,0,0,0,0,0,1,4
,HARLEQUINS 3,,,,,,,,,,,,,,,,,,
111,Jason Gillard,SINOVILLE 3,,SINOVILLE 3,1,1,1,26,22,--,118.18,26,0,0,0,1,0,3,0
,SINOVILLE 3,,,,,,,,,,,,,,,,,,
112,Fredrik Strydom,PHSOB 3,,PHSOB 3,1,1,0,26,28,26.00,92.86,26,0,0,0,1,0,1,3
,PHSOB 3,,,,,,,,,,,,,,,,,,
113,Ettienne Tait,HARLEQUINS 3,,HARLEQUINS 3,2,2,0,26,29,13.00,89.66,21,0,0,0,0,0,1,3
,HARLEQUINS 3,,,,,,,,,,,,,,,,,,
114,Steven Meyburgh,PHSOB 3,,PHSOB 3,6,4,2,26,55,13.00,47.27,21,0,0,0,0,0,0,1
,PHSOB 3,,,,,,,,,,,,,,,,,,
115,Hendre Du toit,SINOVILLE 3,,SINOVILLE 3,5,5,0,26,56,5.20,46.43,13,0,0,0,0,0,0,3
,SINOVILLE 3,,,,,,,,,,,,,,,,,,
116,Divan Potgieter,TUT 3,,TUT 3,7,4,1,25,25,8.33,100.00,13,0,0,0,0,1,1,2
,TUT 3,,,,,,,,,,,,,,,,,,
117,Paul Liddle,HARLEQUINS 3,,HARLEQUINS 3,1,1,0,24,17,24.00,141.18,24,0,0,0,0,0,1,3
,HARLEQUINS 3,,,,,,,,,,,,,,,,,,
118,Mbulelo Jimlongoe,PHSOB 3,,PHSOB 3,1,1,0,23,29,23.00,79.31,23,0,0,0,0,0,0,5
,PHSOB 3,,,,,,,,,,,,,,,,,,
119,Jerry Lesige,TUKS 5,,TUKS 5,3,3,0,23,42,7.67,54.76,14,0,0,0,0,0,0,2
,TUKS 5,,,,,,,,,,,,,,,,,,
120,Eugene Botha,IRENE VILLAGERS 4,,IRENE VILLAGERS 4,7,4,0,23,50,5.75,46.00,13,0,0,0,0,1,0,1
,IRENE VILLAGERS 4,,,,,,,,,,,,,,,,,,
121,Pieter Roos,HARLEQUINS 3,,HARLEQUINS 3,5,5,0,23,62,4.60,37.10,12,0,0,0,0,2,0,3
,HARLEQUINS 3,,,,,,,,,,,,,,,,,,
122,Luandre Nell,HARLEQUINS 3,,HARLEQUINS 3,5,4,0,23,72,5.75,31.94,17,0,0,0,0,2,0,3
,HARLEQUINS 3,,,,,,,,,,,,,,,,,,
123,Christopher Bouwer,PHSOB 3,,PHSOB 3,1,1,0,22,17,22.00,129.41,22,0,0,0,0,0,0,0
,PHSOB 3,,,,,,,,,,,,,,,,,,
124,Owen Louwies,CBCOB 3,,CBCOB 3,1,1,0,22,28,22.00,78.57,22,0,0,0,0,0,0,4
,CBCOB 3,,,,,,,,,,,,,,,,,,
125,Johannes Oosthuizen,SINOVILLE 3,,SINOVILLE 3,1,1,0,22,51,22.00,43.14,22,0,0,0,0,0,0,2
,SINOVILLE 3,,,,,,,,,,,,,,,,,,
126,Louis Van Zyl,CBCOB 3,,CBCOB 3,1,1,0,22,61,22.00,36.07,22,0,0,0,0,0,0,3
,CBCOB 3,,,,,,,,,,,,,,,,,,
127,Stiaan Heymans,IRENE VILLAGERS 4,,IRENE VILLAGERS 4,8,6,1,21,61,4.20,34.43,10,0,0,0,0,2,0,1
,IRENE VILLAGERS 4,,,,,,,,,,,,,,,,,,
128,Tiaan Borman,SINOVILLE 3,,SINOVILLE 3,1,1,0,20,18,20.00,111.11,20,0,0,0,0,0,0,3
,SINOVILLE 3,,,,,,,,,,,,,,,,,,
129,Mohapi Molete,IRENE VILLAGERS 4,,IRENE VILLAGERS 4,6,6,2,20,40,5.00,50.00,9,0,0,0,0,1,0,0
,IRENE VILLAGERS 4,,,,,,,,,,,,,,,,,,
130,Jean Botes,IRENE VILLAGERS 3,,IRENE VILLAGERS 3,2,2,0,20,42,10.00,47.62,12,0,0,0,0,0,0,2
,IRENE VILLAGERS 3,,,,,,,,,,,,,,,,,,
131,Heinrich Klue,CBCOB 3,,CBCOB 3,1,1,1,19,17,--,111.76,19,0,0,0,0,0,0,3
,CBCOB 3,,,,,,,,,,,,,,,,,,
132,Conrath Meiring,CBCOB 3,,CBCOB 3,1,1,0,19,27,19.00,70.37,19,0,0,0,0,0,0,3
,CBCOB 3,,,,,,,,,,,,,,,,,,
133,Werner Jordaan,SINOVILLE 3,,SINOVILLE 3,2,2,0,19,29,9.50,65.52,19,0,0,0,0,1,2,0
,SINOVILLE 3,,,,,,,,,,,,,,,,,,
134,Nathan Fox,PHSOB 3,,PHSOB 3,1,1,0,18,11,18.00,163.64,18,0,0,0,0,0,1,1
,PHSOB 3,,,,,,,,,,,,,,,,,,
135,Gerrie Van Rooyen,PHSOB 3,,PHSOB 3,1,1,0,18,15,18.00,120.00,18,0,0,0,0,0,0,3
,PHSOB 3,,,,,,,,,,,,,,,,,,
136,Ruben Erasmus,SINOVILLE 3,,SINOVILLE 3,4,3,0,18,21,6.00,85.71,14,0,0,0,0,1,2,1
,SINOVILLE 3,,,,,,,,,,,,,,,,,,
137,Jean Steyn,TUT 3,,TUT 3,2,1,0,18,27,18.00,66.67,18,0,0,0,0,0,2,0
,TUT 3,,,,,,,,,,,,,,,,,,
138,Janu Olivier,SINOVILLE 3,,SINOVILLE 3,2,2,0,18,30,9.00,60.00,18,0,0,0,0,1,1,1
,SINOVILLE 3,,,,,,,,,,,,,,,,,,
139,Jared Fourie,IRENE VILLAGERS 3,,IRENE VILLAGERS 3,2,1,0,17,21,17.00,80.95,17,0,0,0,0,0,1,1
,IRENE VILLAGERS 3,,,,,,,,,,,,,,,,,,
140,Miles M,CBCOB 3,,CBCOB 3,1,1,0,17,21,17.00,80.95,17,0,0,0,0,0,0,3
,CBCOB 3,,,,,,,,,,,,,,,,,,
141,Faf Potgieter,CBCOB 3,,CBCOB 3,3,2,0,17,25,8.50,68.00,14,0,0,0,0,0,0,0
,CBCOB 3,,,,,,,,,,,,,,,,,,
142,Jandre Lotheringen,CBCOB 3,,CBCOB 3,1,1,0,16,9,16.00,177.78,16,0,0,0,0,0,2,0
,CBCOB 3,,,,,,,,,,,,,,,,,,
143,Jaco Fourie,PHSOB 3,,PHSOB 3,1,1,0,16,25,16.00,64.00,16,0,0,0,0,0,1,0
,PHSOB 3,,,,,,,,,,,,,,,,,,
144,Christo Weiss,SINOVILLE 3,,SINOVILLE 3,1,1,0,15,9,15.00,166.67,15,0,0,0,0,0,1,1
,SINOVILLE 3,,,,,,,,,,,,,,,,,,
145,Armin Havenga,CBCOB 3,,CBCOB 3,4,4,0,15,22,3.75,68.18,10,0,0,0,0,2,0,3
,CBCOB 3,,,,,,,,,,,,,,,,,,
146,Riccardo Oosthuizen,TUKS 5,,TUKS 5,2,2,1,15,29,15.00,51.72,13,0,0,0,0,0,1,1
,TUKS 5,,,,,,,,,,,,,,,,,,
147,Dewald Van Der Walt,HARLEQUINS 3,,HARLEQUINS 3,4,4,0,15,61,3.75,24.59,14,0,0,0,0,2,0,3
,HARLEQUINS 3,,,,,,,,,,,,,,,,,,
148,Barend Pelser,IRENE VILLAGERS 3,,IRENE VILLAGERS 3,4,1,0,14,14,14.00,100.00,14,0,0,0,0,0,1,1
,IRENE VILLAGERS 3,,,,,,,,,,,,,,,,,,
149,Matthew Thurbon,IRENE VILLAGERS 4,,IRENE VILLAGERS 4,4,3,0,14,15,4.67,93.33,10,0,0,0,0,1,0,3
,IRENE VILLAGERS 4,,,,,,,,,,,,,,,,,,
150,Enrico Hepburn,SINOVILLE 3,,SINOVILLE 3,2,2,0,14,16,7.00,87.50,14,0,0,0,0,1,0,3
,SINOVILLE 3,,,,,,,,,,,,,,,,,,
151,Barend Pelser,IRENE VILLAGERS 4,,IRENE VILLAGERS 4,1,1,1,14,28,--,50.00,14,0,0,0,0,0,0,1
,IRENE VILLAGERS 4,,,,,,,,,,,,,,,,,,
152,Rohann Rossouw,IRENE VILLAGERS 4,,IRENE VILLAGERS 4,1,1,0,13,17,13.00,76.47,13,0,0,0,0,0,1,0
,IRENE VILLAGERS 4,,,,,,,,,,,,,,,,,,
153,Stefan Ferreira,CBCOB 3,,CBCOB 3,2,2,0,13,19,6.50,68.42,12,0,0,0,0,0,0,1
,CBCOB 3,,,,,,,,,,,,,,,,,,
154,Michael Flanagan,HARLEQUINS 3,,HARLEQUINS 3,3,2,0,13,22,6.50,59.09,7,0,0,0,0,0,0,2
,HARLEQUINS 3,,,,,,,,,,,,,,,,,,
155,Tristan Beetge,IRENE VILLAGERS 4,,IRENE VILLAGERS 4,4,3,0,13,39,4.33,33.33,8,0,0,0,0,1,0,1
,IRENE VILLAGERS 4,,,,,,,,,,,,,,,,,,
156,Julian Ato,SINOVILLE 3,,SINOVILLE 3,1,1,0,12,16,12.00,75.00,12,0,0,0,0,0,0,3
,SINOVILLE 3,,,,,,,,,,,,,,,,,,
157,Stefan Strydom,IRENE VILLAGERS 3,,IRENE VILLAGERS 3,1,1,0,12,25,12.00,48.00,12,0,0,0,0,0,0,1
,IRENE VILLAGERS 3,,,,,,,,,,,,,,,,,,
158,Neil Jansen,IRENE VILLAGERS 3,,IRENE VILLAGERS 3,2,1,1,11,5,--,220.00,11,0,0,0,0,0,1,1
,IRENE VILLAGERS 3,,,,,,,,,,,,,,,,,,
159,Hyman Cbc,CBCOB 3,,CBCOB 3,1,1,1,11,16,--,68.75,11,0,0,0,0,0,0,0
,CBCOB 3,,,,,,,,,,,,,,,,,,
160,Juan Van den berg,SINOVILLE 3,,SINOVILLE 3,1,1,0,11,17,11.00,64.71,11,0,0,0,0,0,0,1
,SINOVILLE 3,,,,,,,,,,,,,,,,,,
161,Werner Cbc,CBCOB 3,,CBCOB 3,1,1,0,11,17,11.00,64.71,11,0,0,0,0,0,0,0
,CBCOB 3,,,,,,,,,,,,,,,,,,
162,Andre Kruyshaar,SINOVILLE 3,,SINOVILLE 3,2,2,0,11,21,5.50,52.38,9,0,0,0,0,0,0,1
,SINOVILLE 3,,,,,,,,,,,,,,,,,,
163,Jaco de Vos,TUKS 5,,TUKS 5,2,2,0,11,27,5.50,40.74,6,0,0,0,0,0,0,2
,TUKS 5,,,,,,,,,,,,,,,,,,
164,Andre Van wyk,TUKS 5,,TUKS 5,8,6,2,11,33,2.75,33.33,4,0,0,0,0,0,0,1
,TUKS 5,,,,,,,,,,,,,,,,,,
165,Devin Almeida,TUT 3,,TUT 3,2,2,0,11,34,5.50,32.35,10,0,0,0,0,0,0,1
,TUT 3,,,,,,,,,,,,,,,,,,
166,Reghardt Jordaan,CBCOB 3,,CBCOB 3,1,1,0,10,7,10.00,142.86,10,0,0,0,0,0,1,1
,CBCOB 3,,,,,,,,,,,,,,,,,,
167,David Diemont,HARLEQUINS 3,,HARLEQUINS 3,1,1,0,10,12,10.00,83.33,10,0,0,0,0,0,1,1
,HARLEQUINS 3,,,,,,,,,,,,,,,,,,
168,Franco Ferriera,PHSOB 3,,PHSOB 3,1,1,1,10,19,--,52.63,10,0,0,0,0,0,0,0
,PHSOB 3,,,,,,,,,,,,,,,,,,
169,Kholisile Khuzwayo,HARLEQUINS 3,,HARLEQUINS 3,5,4,2,10,33,5.00,30.30,3,0,0,0,0,0,0,0
,HARLEQUINS 3,,,,,,,,,,,,,,,,,,
170,Carvel Pillay,TUKS 5,,TUKS 5,2,2,0,10,33,5.00,30.30,8,0,0,0,0,0,0,1
,TUKS 5,,,,,,,,,,,,,,,,,,
171,Keegan Pickard,CBCOB 3,,CBCOB 3,1,1,1,10,34,--,29.41,10,0,0,0,0,0,0,1
,CBCOB 3,,,,,,,,,,,,,,,,,,
172,Rickus Engelbrecht,TUKS 5,,TUKS 5,1,1,0,9,11,9.00,81.82,9,0,0,0,0,0,0,2
,TUKS 5,,,,,,,,,,,,,,,,,,
173,Puseletso Mogofe,TUKS 5,,TUKS 5,1,1,0,9,13,9.00,69.23,9,0,0,0,0,0,0,1
,TUKS 5,,,,,,,,,,,,,,,,,,
174,Devon Horn,HARLEQUINS 3,,HARLEQUINS 3,1,1,1,9,22,--,40.91,9,0,0,0,0,0,0,1
,HARLEQUINS 3,,,,,,,,,,,,,,,,,,
175,Neo Ngarize,HARLEQUINS 3,,HARLEQUINS 3,1,1,0,9,52,9.00,17.31,9,0,0,0,0,0,0,1
,HARLEQUINS 3,,,,,,,,,,,,,,,,,,
176,Ivan Snyman,HARLEQUINS 3,,HARLEQUINS 3,1,1,0,8,7,8.00,114.29,8,0,0,0,0,0,0,2
,HARLEQUINS 3,,,,,,,,,,,,,,,,,,
177,Haadi Abdul,HARLEQUINS 3,,HARLEQUINS 3,2,2,0,8,13,4.00,61.54,7,0,0,0,0,0,0,1
,HARLEQUINS 3,,,,,,,,,,,,,,,,,,
178,Jody Buys,HARLEQUINS 3,,HARLEQUINS 3,1,1,0,8,17,8.00,47.06,8,0,0,0,0,0,0,1
,HARLEQUINS 3,,,,,,,,,,,,,,,,,,
179,Ian Dorfling,SINOVILLE 3,,SINOVILLE 3,3,3,1,8,26,4.00,30.77,6,0,0,0,0,0,0,1
,SINOVILLE 3,,,,,,,,,,,,,,,,,,
180,Heinz Hellmann,PHSOB 3,,PHSOB 3,1,1,1,7,14,--,50.00,7,0,0,0,0,0,0,1
,PHSOB 3,,,,,,,,,,,,,,,,,,
181,Christoper Bouwer,PHSOB 3,,PHSOB 3,4,2,0,7,14,3.50,50.00,4,0,0,0,0,0,0,1
,PHSOB 3,,,,,,,,,,,,,,,,,,
182,Braam Sinoville,SINOVILLE 3,,SINOVILLE 3,1,1,0,7,21,7.00,33.33,7,0,0,0,0,0,0,0
,SINOVILLE 3,,,,,,,,,,,,,,,,,,
183,Eben Botha,TUKS 5,,TUKS 5,1,1,0,7,28,7.00,25.00,7,0,0,0,0,0,0,1
,TUKS 5,,,,,,,,,,,,,,,,,,
184,Nico Minnaar,TUT 3,,TUT 3,1,1,0,6,5,6.00,120.00,6,0,0,0,0,0,0,1
,TUT 3,,,,,,,,,,,,,,,,,,
185,Matthew Field,CBCOB 3,,CBCOB 3,1,1,0,6,7,6.00,85.71,6,0,0,0,0,0,1,0
,CBCOB 3,,,,,,,,,,,,,,,,,,
186,Devon Horn,IRENE VILLAGERS 3,,IRENE VILLAGERS 3,2,2,0,6,9,3.00,66.67,6,0,0,0,0,1,0,1
,IRENE VILLAGERS 3,,,,,,,,,,,,,,,,,,
187,Ruben Erasmus,SINOVILLE 3,,SINOVILLE 3,1,1,0,6,10,6.00,60.00,6,0,0,0,0,0,0,1
,SINOVILLE 3,,,,,,,,,,,,,,,,,,
188,Calvin Govender,HARLEQUINS 3,,HARLEQUINS 3,2,2,0,6,12,3.00,50.00,6,0,0,0,0,1,0,1
,HARLEQUINS 3,,,,,,,,,,,,,,,,,,
189,Josua Marx,IRENE VILLAGERS 3,,IRENE VILLAGERS 3,2,1,0,6,24,6.00,25.00,6,0,0,0,0,0,0,0
,IRENE VILLAGERS 3,,,,,,,,,,,,,,,,,,
190,Dewald Basson,TUT 3,,TUT 3,8,3,2,6,26,6.00,23.08,4,0,0,0,0,0,0,0
,TUT 3,,,,,,,,,,,,,,,,,,
191,Daylan Scheepers,TUT 3,,TUT 3,1,1,1,5,2,--,250.00,5,0,0,0,0,0,0,1
,TUT 3,,,,,,,,,,,,,,,,,,
192,Senekal Cbc,CBCOB 3,,CBCOB 3,2,2,0,5,6,2.50,83.33,3,0,0,0,0,0,0,0
,CBCOB 3,,,,,,,,,,,,,,,,,,
193,Antonie Minnaar,SINOVILLE 3,,SINOVILLE 3,1,1,1,5,7,--,71.43,5,0,0,0,0,0,0,0
,SINOVILLE 3,,,,,,,,,,,,,,,,,,
194,Henry Knell,HARLEQUINS 3,,HARLEQUINS 3,1,1,0,5,9,5.00,55.56,5,0,0,0,0,0,0,0
,HARLEQUINS 3,,,,,,,,,,,,,,,,,,
195,James van der Merwe,SINOVILLE 3,,SINOVILLE 3,1,1,0,5,15,5.00,33.33,5,0,0,0,0,0,0,0
,SINOVILLE 3,,,,,,,,,,,,,,,,,,
196,Dillon Kotze,CBCOB 3,,CBCOB 3,2,1,0,5,16,5.00,31.25,5,0,0,0,0,0,0,0
,CBCOB 3,,,,,,,,,,,,,,,,,,
197,Derick Pienaar,CBCOB 3,,CBCOB 3,1,1,0,5,16,5.00,31.25,5,0,0,0,0,0,0,1
,CBCOB 3,,,,,,,,,,,,,,,,,,
198,Rigardt Saaiman,CBCOB 3,,CBCOB 3,2,1,0,5,19,5.00,26.32,5,0,0,0,0,0,0,0
,CBCOB 3,,,,,,,,,,,,,,,,,,
199,Coert du Plessis,PHSOB 3,,PHSOB 3,2,1,0,5,30,5.00,16.67,5,0,0,0,0,0,0,0
,PHSOB 3,,,,,,,,,,,,,,,,,,
200,Nathan Stryfom,HARLEQUINS 3,,HARLEQUINS 3,1,1,0,4,3,4.00,133.33,4,0,0,0,0,0,0,1
,HARLEQUINS 3,,,,,,,,,,,,,,,,,,
201,Kai Trumplemann,CBCOB 3,,CBCOB 3,1,1,0,4,4,4.00,100.00,4,0,0,0,0,0,0,1
,CBCOB 3,,,,,,,,,,,,,,,,,,
202,Dante Meyer,HARLEQUINS 3,,HARLEQUINS 3,1,1,0,4,5,4.00,80.00,4,0,0,0,0,0,0,1
,HARLEQUINS 3,,,,,,,,,,,,,,,,,,
203,Altys Cbc,CBCOB 3,,CBCOB 3,1,1,0,4,6,4.00,66.67,4,0,0,0,0,0,0,0
,CBCOB 3,,,,,,,,,,,,,,,,,,
204,Jock de Jager,TUKS 5,,TUKS 5,1,1,1,4,7,--,57.14,4,0,0,0,0,0,0,1
,TUKS 5,,,,,,,,,,,,,,,,,,
205,Pj Richter,SINOVILLE 3,,SINOVILLE 3,2,2,0,4,11,2.00,36.36,4,0,0,0,0,1,0,1
,SINOVILLE 3,,,,,,,,,,,,,,,,,,
206,Zandré Nel,SINOVILLE 3,,SINOVILLE 3,1,1,0,4,12,4.00,33.33,4,0,0,0,0,0,0,0
,SINOVILLE 3,,,,,,,,,,,,,,,,,,
207,Neil Jansen,IRENE VILLAGERS 3,,IRENE VILLAGERS 3,2,1,0,4,14,4.00,28.57,4,0,0,0,0,0,0,0
,IRENE VILLAGERS 3,,,,,,,,,,,,,,,,,,
208,Ivan Bekker,CBCOB 3,,CBCOB 3,1,1,0,4,16,4.00,25.00,4,0,0,0,0,0,0,1
,CBCOB 3,,,,,,,,,,,,,,,,,,
209,Peet Snyman,HARLEQUINS 3,,HARLEQUINS 3,2,2,0,4,19,2.00,21.05,4,0,0,0,0,1,0,1
,HARLEQUINS 3,,,,,,,,,,,,,,,,,,
210,Wian Van Der Merwe,HARLEQUINS 3,,HARLEQUINS 3,1,1,0,4,19,4.00,21.05,4,0,0,0,0,0,0,0
,HARLEQUINS 3,,,,,,,,,,,,,,,,,,
211,JD van Wyk,SINOVILLE 3,,SINOVILLE 3,1,1,0,3,4,3.00,75.00,3,0,0,0,0,0,0,0
,SINOVILLE 3,,,,,,,,,,,,,,,,,,
212,Richard Bean,CBCOB 3,,CBCOB 3,1,1,0,3,4,3.00,75.00,3,0,0,0,0,0,0,0
,CBCOB 3,,,,,,,,,,,,,,,,,,
213,Gunter Geyer,IRENE VILLAGERS 3,,IRENE VILLAGERS 3,1,1,0,3,5,3.00,60.00,3,0,0,0,0,0,0,0
,IRENE VILLAGERS 3,,,,,,,,,,,,,,,,,,
214,Jordan Cbc,CBCOB 3,,CBCOB 3,1,1,1,3,5,--,60.00,3,0,0,0,0,0,0,0
,CBCOB 3,,,,,,,,,,,,,,,,,,
215,Johann Hattingh,IRENE VILLAGERS 4,,IRENE VILLAGERS 4,1,1,0,3,10,3.00,30.00,3,0,0,0,0,0,0,0
,IRENE VILLAGERS 4,,,,,,,,,,,,,,,,,,
216,Benjamin Coertze,SINOVILLE 3,,SINOVILLE 3,1,1,0,3,11,3.00,27.27,3,0,0,0,0,0,0,0
,SINOVILLE 3,,,,,,,,,,,,,,,,,,
217,Mike Brink,PHSOB 3,,PHSOB 3,1,1,1,3,14,--,21.43,3,0,0,0,0,0,0,0
,PHSOB 3,,,,,,,,,,,,,,,,,,
218,Rian Klopper,IRENE VILLAGERS 4,,IRENE VILLAGERS 4,2,2,1,3,16,3.00,18.75,2,0,0,0,0,0,0,0
,IRENE VILLAGERS 4,,,,,,,,,,,,,,,,,,
219,Mj Maree,TUKS 5,,TUKS 5,1,1,0,3,16,3.00,18.75,3,0,0,0,0,0,0,0
,TUKS 5,,,,,,,,,,,,,,,,,,
220,Rohan Van Der Walt,CBCOB 3,,CBCOB 3,4,3,2,3,22,3.00,13.64,2,0,0,0,0,1,0,0
,CBCOB 3,,,,,,,,,,,,,,,,,,
221,Xavier Dido,IRENE VILLAGERS 4,,IRENE VILLAGERS 4,2,2,2,2,2,--,100.00,2,0,0,0,0,0,0,0
,IRENE VILLAGERS 4,,,,,,,,,,,,,,,,,,
222,Mika Human,SINOVILLE 3,,SINOVILLE 3,1,1,0,2,2,2.00,100.00,2,0,0,0,0,0,0,0
,SINOVILLE 3,,,,,,,,,,,,,,,,,,
223,Mike Cbc,CBCOB 3,,CBCOB 3,1,1,0,2,4,2.00,50.00,2,0,0,0,0,0,0,0
,CBCOB 3,,,,,,,,,,,,,,,,,,
224,Stefan Van Jaarsveld,HARLEQUINS 3,,HARLEQUINS 3,1,1,1,2,5,--,40.00,2,0,0,0,0,0,0,0
,HARLEQUINS 3,,,,,,,,,,,,,,,,,,
225,Jacques Van Rooyen,IRENE VILLAGERS 4,,IRENE VILLAGERS 4,2,1,0,2,6,2.00,33.33,2,0,0,0,0,0,0,0
,IRENE VILLAGERS 4,,,,,,,,,,,,,,,,,,
226,Austin Prins,IRENE VILLAGERS 4,,IRENE VILLAGERS 4,1,1,0,2,6,2.00,33.33,2,0,0,0,0,0,0,0
,IRENE VILLAGERS 4,,,,,,,,,,,,,,,,,,
227,Juan Human,HARLEQUINS 3,,HARLEQUINS 3,1,1,0,2,8,2.00,25.00,2,0,0,0,0,0,0,0
,HARLEQUINS 3,,,,,,,,,,,,,,,,,,
228,Ryan Blyth,TUKS 5,,TUKS 5,1,1,1,2,9,--,22.22,2,0,0,0,0,0,0,0
,TUKS 5,,,,,,,,,,,,,,,,,,
229,Liam Klackers,HARLEQUINS 3,,HARLEQUINS 3,4,3,1,2,16,1.00,12.50,2,0,0,0,0,1,0,0
,HARLEQUINS 3,,,,,,,,,,,,,,,,,,
230,Juan Venter,SINOVILLE 3,,SINOVILLE 3,1,1,1,1,1,--,100.00,1,0,0,0,0,0,0,0
,SINOVILLE 3,,,,,,,,,,,,,,,,,,
231,JD Buys,HARLEQUINS 3,,HARLEQUINS 3,1,1,0,1,2,1.00,50.00,1,0,0,0,0,0,0,0
,HARLEQUINS 3,,,,,,,,,,,,,,,,,,
232,Simeon Jena,HARLEQUINS 3,,HARLEQUINS 3,1,1,1,1,2,--,50.00,1,0,0,0,0,0,0,0
,HARLEQUINS 3,,,,,,,,,,,,,,,,,,
233,Ulrich Louw,SINOVILLE 3,,SINOVILLE 3,1,1,0,1,2,1.00,50.00,1,0,0,0,0,0,0,0
,SINOVILLE 3,,,,,,,,,,,,,,,,,,
234,Mulalo Mavhalane,IRENE VILLAGERS 4,,IRENE VILLAGERS 4,3,1,1,1,2,--,50.00,1,0,0,0,0,0,0,0
,IRENE VILLAGERS 4,,,,,,,,,,,,,,,,,,
235,Henco Erasmus,HARLEQUINS 3,,HARLEQUINS 3,1,1,0,1,2,1.00,50.00,1,0,0,0,0,0,0,0
,HARLEQUINS 3,,,,,,,,,,,,,,,,,,
236,Juandre Schoultz,SINOVILLE 3,,SINOVILLE 3,1,1,0,1,3,1.00,33.33,1,0,0,0,0,0,0,0
,SINOVILLE 3,,,,,,,,,,,,,,,,,,
237,Arno La Cock,TUKS 5,,TUKS 5,2,2,2,1,3,--,33.33,1,0,0,0,0,0,0,0
,TUKS 5,,,,,,,,,,,,,,,,,,
238,Andre Schoombee,SINOVILLE 3,,SINOVILLE 3,1,1,0,1,4,1.00,25.00,1,0,0,0,0,0,0,0
,SINOVILLE 3,,,,,,,,,,,,,,,,,,
239,Ian Diemont,HARLEQUINS 3,,HARLEQUINS 3,1,1,0,1,4,1.00,25.00,1,0,0,0,0,0,0,0
,HARLEQUINS 3,,,,,,,,,,,,,,,,,,
240,Alexander Koekemoer,SINOVILLE 3,,SINOVILLE 3,1,1,1,1,5,--,20.00,1,0,0,0,0,0,0,0
,SINOVILLE 3,,,,,,,,,,,,,,,,,,
241,Fritz De Villiers,HARLEQUINS 3,,HARLEQUINS 3,2,1,0,1,5,1.00,20.00,1,0,0,0,0,0,0,0
,HARLEQUINS 3,,,,,,,,,,,,,,,,,,
242,Franco Vd Mescht,CBCOB 3,,CBCOB 3,1,1,0,1,6,1.00,16.67,1,0,0,0,0,0,0,0
,CBCOB 3,,,,,,,,,,,,,,,,,,
243,Matt Thurbon,IRENE VILLAGERS 3,,IRENE VILLAGERS 3,1,1,0,1,7,1.00,14.29,1,0,0,0,0,0,0,0
,IRENE VILLAGERS 3,,,,,,,,,,,,,,,,,,
244,Tiaan Lotter,SINOVILLE 3,,SINOVILLE 3,1,1,0,1,10,1.00,10.00,1,0,0,0,0,0,0,0
,SINOVILLE 3,,,,,,,,,,,,,,,,,,
245,Hendré van Niekerk,IRENE VILLAGERS 3,,IRENE VILLAGERS 3,1,1,0,1,11,1.00,9.09,1,0,0,0,0,0,0,0
,IRENE VILLAGERS 3,,,,,,,,,,,,,,,,,,
246,Brent Ogle,HARLEQUINS 3,,HARLEQUINS 3,1,1,0,1,12,1.00,8.33,1,0,0,0,0,0,0,0
,HARLEQUINS 3,,,,,,,,,,,,,,,,,,
247,Nico Kruger,TUKS 5,,TUKS 5,2,0,0,0,0,--,0.00,0,0,0,0,0,0,0,0
,TUKS 5,,,,,,,,,,,,,,,,,,
248,Gerrie Viljoen,IRENE VILLAGERS 3,,IRENE VILLAGERS 3,1,0,0,0,0,--,0.00,0,0,0,0,0,0,0,0
,IRENE VILLAGERS 3,,,,,,,,,,,,,,,,,,
249,MJ Kruger,TUKS 5,,TUKS 5,1,0,0,0,0,--,0.00,0,0,0,0,0,0,0,0
,TUKS 5,,,,,,,,,,,,,,,,,,
250,Justin Reynolds,IRENE VILLAGERS 3,,IRENE VILLAGERS 3,1,0,0,0,0,--,0.00,0,0,0,0,0,0,0,0
,IRENE VILLAGERS 3,,,,,,,,,,,,,,,,,,
251,Albert Myburgh,IRENE VILLAGERS 3,,IRENE VILLAGERS 3,1,0,0,0,0,--,0.00,0,0,0,0,0,0,0,0
,IRENE VILLAGERS 3,,,,,,,,,,,,,,,,,,
252,Wendell Plaatjies,CBCOB 3,,CBCOB 3,1,0,0,0,0,--,0.00,0,0,0,0,0,0,0,0
,CBCOB 3,,,,,,,,,,,,,,,,,,
253,Cj Jordaan,IRENE VILLAGERS 3,,IRENE VILLAGERS 3,1,0,0,0,0,--,0.00,0,0,0,0,0,0,0,0
,IRENE VILLAGERS 3,,,,,,,,,,,,,,,,,,
254,Shaanthe Thumbiran,IRENE VILLAGERS 4,,IRENE VILLAGERS 4,1,0,0,0,0,--,0.00,0,0,0,0,0,0,0,0
,IRENE VILLAGERS 4,,,,,,,,,,,,,,,,,,
255,Brian Chataika,PHSOB 3,,PHSOB 3,1,0,0,0,0,--,0.00,0,0,0,0,0,0,0,0
,PHSOB 3,,,,,,,,,,,,,,,,,,
256,Joshua Hall,IRENE VILLAGERS 3,,IRENE VILLAGERS 3,1,0,0,0,0,--,0.00,0,0,0,0,0,0,0,0
,IRENE VILLAGERS 3,,,,,,,,,,,,,,,,,,
257,Pierre Coetzer,IRENE VILLAGERS 3,,IRENE VILLAGERS 3,1,0,0,0,0,--,0.00,0,0,0,0,0,0,0,0
,IRENE VILLAGERS 3,,,,,,,,,,,,,,,,,,
258,Eugene Botha,IRENE VILLAGERS 3,,IRENE VILLAGERS 3,1,0,0,0,0,--,0.00,0,0,0,0,0,0,0,0
,IRENE VILLAGERS 3,,,,,,,,,,,,,,,,,,
259,Rykers Voges,CBCOB 3,,CBCOB 3,2,0,0,0,0,--,0.00,0,0,0,0,0,0,0,0
,CBCOB 3,,,,,,,,,,,,,,,,,,
260,Keegan Skinner,CBCOB 3,,CBCOB 3,1,0,0,0,0,--,0.00,0,0,0,0,0,0,0,0
,CBCOB 3,,,,,,,,,,,,,,,,,,
261,Alex Brown,CBCOB 3,,CBCOB 3,1,0,0,0,0,--,0.00,0,0,0,0,0,0,0,0
,CBCOB 3,,,,,,,,,,,,,,,,,,
262,Philip Orffer,CBCOB 3,,CBCOB 3,1,0,0,0,0,--,0.00,0,0,0,0,0,0,0,0
,CBCOB 3,,,,,,,,,,,,,,,,,,
263,Dean Van Bassen,CBCOB 3,,CBCOB 3,1,0,0,0,0,--,0.00,0,0,0,0,0,0,0,0
,CBCOB 3,,,,,,,,,,,,,,,,,,
264,Wilhelm Best,PHSOB 3,,PHSOB 3,2,0,0,0,0,--,0.00,0,0,0,0,0,0,0,0
,PHSOB 3,,,,,,,,,,,,,,,,,,
265,Louan Nel,CBCOB 3,,CBCOB 3,1,0,0,0,0,--,0.00,0,0,0,0,0,0,0,0
,CBCOB 3,,,,,,,,,,,,,,,,,,
266,Jeandre Pfister,CBCOB 3,,CBCOB 3,1,0,0,0,0,--,0.00,0,0,0,0,0,0,0,0
,CBCOB 3,,,,,,,,,,,,,,,,,,
267,Jp De Viliers,CBCOB 3,,CBCOB 3,1,0,0,0,0,--,0.00,0,0,0,0,0,0,0,0
,CBCOB 3,,,,,,,,,,,,,,,,,,
268,Cieran Roundtree,IRENE VILLAGERS 3,,IRENE VILLAGERS 3,1,0,0,0,0,--,0.00,0,0,0,0,0,0,0,0
,IRENE VILLAGERS 3,,,,,,,,,,,,,,,,,,
269,Barend Pelser,IRENE VILLAGERS 3,,IRENE VILLAGERS 3,1,0,0,0,0,--,0.00,0,0,0,0,0,0,0,0
,IRENE VILLAGERS 3,,,,,,,,,,,,,,,,,,
270,Devon Horn,IRENE VILLAGERS 4,,IRENE VILLAGERS 4,1,0,0,0,0,--,0.00,0,0,0,0,0,0,0,0
,IRENE VILLAGERS 4,,,,,,,,,,,,,,,,,,
271,Robert Vermeulen,IRENE VILLAGERS 4,,IRENE VILLAGERS 4,1,0,0,0,0,--,0.00,0,0,0,0,0,0,0,0
,IRENE VILLAGERS 4,,,,,,,,,,,,,,,,,,
272,Jean Steyn,TUT 3,,TUT 3,2,0,0,0,0,--,0.00,0,0,0,0,0,0,0,0
,TUT 3,,,,,,,,,,,,,,,,,,
273,Eugene Pelzer,IRENE VILLAGERS 3,,IRENE VILLAGERS 3,1,0,0,0,0,--,0.00,0,0,0,0,0,0,0,0
,IRENE VILLAGERS 3,,,,,,,,,,,,,,,,,,
274,Gerhard Bezuidenhout,PHSOB 3,,PHSOB 3,1,0,0,0,0,--,0.00,0,0,0,0,0,0,0,0
,PHSOB 3,,,,,,,,,,,,,,,,,,
275,Nikheel Singh,IRENE VILLAGERS 4,,IRENE VILLAGERS 4,1,0,0,0,0,--,0.00,0,0,0,0,0,0,0,0
,IRENE VILLAGERS 4,,,,,,,,,,,,,,,,,,
276,Cj Jordaan,IRENE VILLAGERS 4,,IRENE VILLAGERS 4,1,0,0,0,0,--,0.00,0,0,0,0,0,0,0,0
,IRENE VILLAGERS 4,,,,,,,,,,,,,,,,,,
277,Elijah De Lucchi,IRENE VILLAGERS 4,,IRENE VILLAGERS 4,1,0,0,0,0,--,0.00,0,0,0,0,0,0,0,0
,IRENE VILLAGERS 4,,,,,,,,,,,,,,,,,,
278,Brian Panashe,PHSOB 3,,PHSOB 3,1,0,0,0,0,--,0.00,0,0,0,0,0,0,0,0
,PHSOB 3,,,,,,,,,,,,,,,,,,
279,Lee Bukes,SINOVILLE 3,,SINOVILLE 3,1,0,0,0,0,--,0.00,0,0,0,0,0,0,0,0
,SINOVILLE 3,,,,,,,,,,,,,,,,,,
280,Jean Cbc,CBCOB 3,,CBCOB 3,1,0,0,0,0,--,0.00,0,0,0,0,0,0,0,0
,CBCOB 3,,,,,,,,,,,,,,,,,,
281,Duanne Cbc,CBCOB 3,,CBCOB 3,1,0,0,0,0,--,0.00,0,0,0,0,0,0,0,0
,CBCOB 3,,,,,,,,,,,,,,,,,,
282,Altus Cbc,CBCOB 3,,CBCOB 3,1,0,0,0,0,--,0.00,0,0,0,0,0,0,0,0
,CBCOB 3,,,,,,,,,,,,,,,,,,
283,Danru Cbc,CBCOB 3,,CBCOB 3,1,0,0,0,0,--,0.00,0,0,0,0,0,0,0,0
,CBCOB 3,,,,,,,,,,,,,,,,,,
284,Aj Annandale,IRENE VILLAGERS 4,,IRENE VILLAGERS 4,1,0,0,0,0,--,0.00,0,0,0,0,0,0,0,0
,IRENE VILLAGERS 4,,,,,,,,,,,,,,,,,,
285,Connor Walker,PHSOB 3,,PHSOB 3,1,0,0,0,0,--,0.00,0,0,0,0,0,0,0,0
,PHSOB 3,,,,,,,,,,,,,,,,,,
286,RUAN PIETERS,SINOVILLE 3,,SINOVILLE 3,2,1,0,0,1,0.00,0.00,0,0,0,0,0,1,0,0
,SINOVILLE 3,,,,,,,,,,,,,,,,,,
287,Regan Pruss,PHSOB 3,,PHSOB 3,3,1,0,0,1,0.00,0.00,0,0,0,0,0,1,0,0
,PHSOB 3,,,,,,,,,,,,,,,,,,
288,Calyle Stolze,HARLEQUINS 3,,HARLEQUINS 3,1,1,0,0,1,0.00,0.00,0,0,0,0,0,1,0,0
,HARLEQUINS 3,,,,,,,,,,,,,,,,,,
289,Kholi Willows,HARLEQUINS 3,,HARLEQUINS 3,2,1,0,0,1,0.00,0.00,0,0,0,0,0,1,0,0
,HARLEQUINS 3,,,,,,,,,,,,,,,,,,
290,Aamir Samaai,HARLEQUINS 3,,HARLEQUINS 3,1,1,0,0,1,0.00,0.00,0,0,0,0,0,1,0,0
,HARLEQUINS 3,,,,,,,,,,,,,,,,,,
291,Leo Pelser,HARLEQUINS 3,,HARLEQUINS 3,2,1,0,0,1,0.00,0.00,0,0,0,0,0,1,0,0
,HARLEQUINS 3,,,,,,,,,,,,,,,,,,
292,Ricardo Pretorius,SINOVILLE 3,,SINOVILLE 3,1,1,0,0,1,0.00,0.00,0,0,0,0,0,1,0,0
,SINOVILLE 3,,,,,,,,,,,,,,,,,,
293,Sydney Stanley,TUKS 5,,TUKS 5,2,1,0,0,1,0.00,0.00,0,0,0,0,0,1,0,0
,TUKS 5,,,,,,,,,,,,,,,,,,
294,Dewet Lombaard,TUT 3,,TUT 3,4,1,0,0,1,0.00,0.00,0,0,0,0,0,1,0,0
,TUT 3,,,,,,,,,,,,,,,,,,
295,Pieter Oosthuizen,SINOVILLE 3,,SINOVILLE 3,1,1,0,0,2,0.00,0.00,0,0,0,0,0,1,0,0
,SINOVILLE 3,,,,,,,,,,,,,,,,,,
296,Rolf Behrens,TUKS 5,,TUKS 5,1,1,1,0,2,--,0.00,0,0,0,0,0,0,0,0
,TUKS 5,,,,,,,,,,,,,,,,,,
297,Tristan Voshee,SINOVILLE 3,,SINOVILLE 3,1,1,1,0,2,--,0.00,0,0,0,0,0,0,0,0
,SINOVILLE 3,,,,,,,,,,,,,,,,,,
298,Miane Smit,IRENE VILLAGERS 4,,IRENE VILLAGERS 4,1,1,0,0,2,0.00,0.00,0,0,0,0,0,1,0,0
,IRENE VILLAGERS 4,,,,,,,,,,,,,,,,,,
299,Alex Steenkamp,HARLEQUINS 3,,HARLEQUINS 3,1,1,0,0,2,0.00,0.00,0,0,0,0,0,1,0,0
,HARLEQUINS 3,,,,,,,,,,,,,,,,,,
300,Cullen Els,CBCOB 3,,CBCOB 3,2,2,0,0,2,0.00,0.00,0,0,0,0,0,2,0,0
,CBCOB 3,,,,,,,,,,,,,,,,,,
301,Heinrich du Toit,SINOVILLE 3,,SINOVILLE 3,1,1,0,0,3,0.00,0.00,0,0,0,0,0,1,0,0
,SINOVILLE 3,,,,,,,,,,,,,,,,,,
302,Jean Botes,IRENE VILLAGERS 4,,IRENE VILLAGERS 4,2,1,0,0,3,0.00,0.00,0,0,0,0,0,1,0,0
,IRENE VILLAGERS 4,,,,,,,,,,,,,,,,,,
303,Lucky Coetzee,CBCOB 3,,CBCOB 3,1,1,0,0,3,0.00,0.00,0,0,0,0,0,1,0,0
,CBCOB 3,,,,,,,,,,,,,,,,,,
304,Ben Hough,PHSOB 3,,PHSOB 3,2,1,0,0,3,0.00,0.00,0,0,0,0,0,1,0,0
,PHSOB 3,,,,,,,,,,,,,,,,,,
305,Andre Klopper,IRENE VILLAGERS 4,,IRENE VILLAGERS 4,2,1,0,0,4,0.00,0.00,0,0,0,0,0,1,0,0
,IRENE VILLAGERS 4,,,,,,,,,,,,,,,,,,
306,Barend Pelser,IRENE VILLAGERS 4,,IRENE VILLAGERS 4,2,1,0,0,4,0.00,0.00,0,0,0,0,0,1,0,0
,IRENE VILLAGERS 4,,,,,,,,,,,,,,,,,,
307,Yaffee Cbc,CBCOB 3,,CBCOB 3,1,1,1,0,5,--,0.00,0,0,0,0,0,0,0,0
,CBCOB 3,,,,,,,,,,,,,,,,,,
308,Ruan Venter,SINOVILLE 3,,SINOVILLE 3,2,2,0,0,8,0.00,0.00,0,0,0,0,0,2,0,0
,SINOVILLE 3,,,,,,,,,,,,,,,,,,
309,Leon Smith,TUT 3,,TUT 3,6,2,0,0,18,0.00,0.00,0,0,0,0,0,2,0,0
,TUT 3,,,,,,,,,,,,,,,,,,
