MATCH_ID,LEAGUE_ID,LEAGUE_NAME,LEAGUE_YEAR,CLUB_ID,MATCH_TYPE,MATCH_DATE,MATCH_DATE_KEY,RESULT,INNINGS,BATTING_TEAM_ID,BOWLING_TEAM_ID,BATTING_TEAM_NAME,BOWLING_TEAM_NAME,TOTAL_RUNS,TOTAL_BALLS,BYES,LEG_BYES,WICKETS,WIDES,NO_BALLS,PENALTY
8795,949,2025/2026 TITANS SECOND LEAGUE,2025,32995,League,21/03/2026,20260321,Abandoned.,1,5429,5428,SINOVILLE 3,PHSOB 3,0,0,0,0,0,0,0,0
8795,949,2025/2026 TITANS SECOND LEAGUE,2025,32995,League,21/03/2026,20260321,Abandoned.,2,5428,5429,PHSOB 3,SINOVILLE 3,0,0,0,0,0,0,0,0
8620,949,2025/2026 TITANS SECOND LEAGUE,2025,32995,League,07/03/2026,20260307,IRENE VILLAGERS 3 won by 12 Runs,1,5427,5428,IRENE VILLAGERS 3,PHSOB 3,210,240,0,0,7,20,1,0
8620,949,2025/2026 TITANS SECOND LEAGUE,2025,32995,League,07/03/2026,20260307,IRENE VILLAGERS 3 won by 12 Runs,2,5428,5427,PHSOB 3,IRENE VILLAGERS 3,198,236,0,2,10,16,0,0
8557,949,2025/2026 TITANS SECOND LEAGUE,2025,32995,League,28/02/2026,20260228,Forfeited. Winner: TUT 3,1,5429,5431,SINOVILLE 3,TUT 3,0,0,0,0,0,0,0,0
8557,949,2025/2026 TITANS SECOND LEAGUE,2025,32995,League,28/02/2026,20260228,Forfeited. Winner: TUT 3,2,5431,5429,TUT 3,SINOVILLE 3,0,0,0,0,0,0,0,0
8556,949,2025/2026 TITANS SECOND LEAGUE,2025,32995,League,28/02/2026,20260228,Abandoned.,1,5426,5432,HARLEQUINS 3,IRENE VILLAGERS 4,211,192,0,0,3,8,1,0
8556,949,2025/2026 TITANS SECOND LEAGUE,2025,32995,League,28/02/2026,20260228,Abandoned.,2,5432,5426,IRENE VILLAGERS 4,HARLEQUINS 3,0,0,0,0,0,0,0,0
8553,949,2025/2026 TITANS SECOND LEAGUE,2025,32995,League,28/02/2026,20260228,Abandoned.,1,5430,5425,TUKS 5,CBCOB 3,95,154,0,0,10,13,0,0
8553,949,2025/2026 TITANS SECOND LEAGUE,2025,32995,League,28/02/2026,20260228,Abandoned.,2,5425,5430,CBCOB 3,TUKS 5,31,48,0,2,4,1,0,0
8500,949,2025/2026 TITANS SECOND LEAGUE,2025,32995,League,21/02/2026,20260221,TUKS 5 won by 22 Runs,1,5430,5429,TUKS 5,SINOVILLE 3,129,174,0,2,10,19,1,0
8500,949,2025/2026 TITANS SECOND LEAGUE,2025,32995,League,21/02/2026,20260221,TUKS 5 won by 22 Runs,2,5429,5430,SINOVILLE 3,TUKS 5,107,156,1,2,10,16,0,0
8483,949,2025/2026 TITANS SECOND LEAGUE,2025,32995,League,21/02/2026,20260221,CBCOB 3 won by 113 Runs,1,5425,5432,CBCOB 3,IRENE VILLAGERS 4,155,181,5,5,10,14,2,0
8483,949,2025/2026 TITANS SECOND LEAGUE,2025,32995,League,21/02/2026,20260221,CBCOB 3 won by 113 Runs,2,5432,5425,IRENE VILLAGERS 4,CBCOB 3,42,91,0,4,10,8,0,0
8480,949,2025/2026 TITANS SECOND LEAGUE,2025,32995,League,21/02/2026,20260221,IRENE VILLAGERS 3 won by 94 Runs,1,5427,5431,IRENE VILLAGERS 3,TUT 3,220,240,0,2,8,6,1,0
8480,949,2025/2026 TITANS SECOND LEAGUE,2025,32995,League,21/02/2026,20260221,IRENE VILLAGERS 3 won by 94 Runs,2,5431,5427,TUT 3,IRENE VILLAGERS 3,126,221,0,0,10,13,3,0
8474,949,2025/2026 TITANS SECOND LEAGUE,2025,32995,League,21/02/2026,20260221,PHSOB 3 won by 6 Wickets,1,5426,5428,HARLEQUINS 3,PHSOB 3,124,133,4,1,10,18,0,0
8474,949,2025/2026 TITANS SECOND LEAGUE,2025,32995,League,21/02/2026,20260221,PHSOB 3 won by 6 Wickets,2,5428,5426,PHSOB 3,HARLEQUINS 3,125,113,0,0,4,19,1,0
8411,949,2025/2026 TITANS SECOND LEAGUE,2025,32995,League,14/02/2026,20260214,Abandoned.,1,5432,5429,IRENE VILLAGERS 4,SINOVILLE 3,0,0,0,0,0,0,0,0
8411,949,2025/2026 TITANS SECOND LEAGUE,2025,32995,League,14/02/2026,20260214,Abandoned.,2,5429,5432,SINOVILLE 3,IRENE VILLAGERS 4,0,0,0,0,0,0,0,0
8398,949,2025/2026 TITANS SECOND LEAGUE,2025,32995,League,14/02/2026,20260214,CBCOB 3 won by 81 Runs,1,5425,5426,CBCOB 3,HARLEQUINS 3,169,195,0,1,10,11,0,0
8398,949,2025/2026 TITANS SECOND LEAGUE,2025,32995,League,14/02/2026,20260214,CBCOB 3 won by 81 Runs,2,5426,5425,HARLEQUINS 3,CBCOB 3,88,147,0,0,10,17,0,0
8392,949,2025/2026 TITANS SECOND LEAGUE,2025,32995,League,14/02/2026,20260214,IRENE VILLAGERS 3 won by 7 Wickets,1,5430,5427,TUKS 5,IRENE VILLAGERS 3,98,221,1,0,10,12,0,0
8392,949,2025/2026 TITANS SECOND LEAGUE,2025,32995,League,14/02/2026,20260214,IRENE VILLAGERS 3 won by 7 Wickets,2,5427,5430,IRENE VILLAGERS 3,TUKS 5,101,167,0,1,3,8,0,0
8391,949,2025/2026 TITANS SECOND LEAGUE,2025,32995,League,14/02/2026,20260214,Abandoned.,1,5431,5428,TUT 3,PHSOB 3,0,0,0,0,0,0,0,0
8391,949,2025/2026 TITANS SECOND LEAGUE,2025,32995,League,14/02/2026,20260214,Abandoned.,2,5428,5431,PHSOB 3,TUT 3,0,0,0,0,0,0,0,0
8318,949,2025/2026 TITANS SECOND LEAGUE,2025,32995,League,07/02/2026,20260207,SINOVILLE 3 won by 3 Wickets,1,5426,5429,HARLEQUINS 3,SINOVILLE 3,247,240,0,1,8,28,4,0
8318,949,2025/2026 TITANS SECOND LEAGUE,2025,32995,League,07/02/2026,20260207,SINOVILLE 3 won by 3 Wickets,2,5429,5426,SINOVILLE 3,HARLEQUINS 3,248,240,2,4,7,15,4,0
8313,949,2025/2026 TITANS SECOND LEAGUE,2025,32995,League,07/02/2026,20260207,PHSOB 3 won by 195 Runs,1,5428,5425,PHSOB 3,CBCOB 3,301,270,1,4,9,47,2,0
8313,949,2025/2026 TITANS SECOND LEAGUE,2025,32995,League,07/02/2026,20260207,PHSOB 3 won by 195 Runs,2,5425,5428,CBCOB 3,PHSOB 3,106,151,1,2,9,20,0,0
8311,949,2025/2026 TITANS SECOND LEAGUE,2025,32995,League,07/02/2026,20260207,TUT 3 won by 8 Wickets,1,5430,5431,TUKS 5,TUT 3,168,208,0,1,10,20,2,0
8311,949,2025/2026 TITANS SECOND LEAGUE,2025,32995,League,07/02/2026,20260207,TUT 3 won by 8 Wickets,2,5431,5430,TUT 3,TUKS 5,169,217,4,0,2,16,2,0
8309,949,2025/2026 TITANS SECOND LEAGUE,2025,32995,League,07/02/2026,20260207,IRENE VILLAGERS 3 won by 4 Wickets,1,5432,5427,IRENE VILLAGERS 4,IRENE VILLAGERS 3,175,270,1,0,9,21,0,0
8309,949,2025/2026 TITANS SECOND LEAGUE,2025,32995,League,07/02/2026,20260207,IRENE VILLAGERS 3 won by 4 Wickets,2,5427,5432,IRENE VILLAGERS 3,IRENE VILLAGERS 4,176,181,7,0,6,13,2,0
8733,949,2025/2026 TITANS SECOND LEAGUE,2025,32995,League,31/01/2026,20260131,Abandoned.,1,5425,5429,CBCOB 3,SINOVILLE 3,0,0,0,0,0,0,0,0
8733,949,2025/2026 TITANS SECOND LEAGUE,2025,32995,League,31/01/2026,20260131,Abandoned.,2,5429,5425,SINOVILLE 3,CBCOB 3,0,0,0,0,0,0,0,0
8261,949,2025/2026 TITANS SECOND LEAGUE,2025,32995,League,31/01/2026,20260131,TUT 3 won by 7 Wickets,1,5432,5431,IRENE VILLAGERS 4,TUT 3,187,240,0,2,6,19,1,0
8261,949,2025/2026 TITANS SECOND LEAGUE,2025,32995,League,31/01/2026,20260131,TUT 3 won by 7 Wickets,2,5431,5432,TUT 3,IRENE VILLAGERS 4,189,175,0,0,3,0,0,0
8256,949,2025/2026 TITANS SECOND LEAGUE,2025,32995,League,31/01/2026,20260131,IRENE VILLAGERS 3 won by 295 Runs,1,5427,5426,IRENE VILLAGERS 3,HARLEQUINS 3,389,270,0,0,7,20,4,0
8256,949,2025/2026 TITANS SECOND LEAGUE,2025,32995,League,31/01/2026,20260131,IRENE VILLAGERS 3 won by 295 Runs,2,5426,5427,HARLEQUINS 3,IRENE VILLAGERS 3,94,133,1,1,10,13,0,0
8254,949,2025/2026 TITANS SECOND LEAGUE,2025,32995,League,31/01/2026,20260131,PHSOB 3 won by 2 Wickets,1,5430,5428,TUKS 5,PHSOB 3,216,237,9,0,10,9,2,0
8254,949,2025/2026 TITANS SECOND LEAGUE,2025,32995,League,31/01/2026,20260131,PHSOB 3 won by 2 Wickets,2,5428,5430,PHSOB 3,TUKS 5,218,267,10,2,8,21,0,0
8212,949,2025/2026 TITANS SECOND LEAGUE,2025,32995,League,24/01/2026,20260124,PHSOB 3 won by 138 Runs,1,5428,5429,PHSOB 3,SINOVILLE 3,284,240,4,4,9,28,4,0
8212,949,2025/2026 TITANS SECOND LEAGUE,2025,32995,League,24/01/2026,20260124,PHSOB 3 won by 138 Runs,2,5429,5428,SINOVILLE 3,PHSOB 3,146,148,5,2,10,7,1,0
8210,949,2025/2026 TITANS SECOND LEAGUE,2025,32995,League,24/01/2026,20260124,TUKS 5 won by 7 Wickets,1,5432,5430,IRENE VILLAGERS 4,TUKS 5,147,166,2,1,10,12,1,0
8210,949,2025/2026 TITANS SECOND LEAGUE,2025,32995,League,24/01/2026,20260124,TUKS 5 won by 7 Wickets,2,5430,5432,TUKS 5,IRENE VILLAGERS 4,150,101,0,2,3,10,1,0
8208,949,2025/2026 TITANS SECOND LEAGUE,2025,32995,League,24/01/2026,20260124,IRENE VILLAGERS 3 won by 4 Wickets,1,5425,5427,CBCOB 3,IRENE VILLAGERS 3,147,192,0,2,10,22,0,0
8208,949,2025/2026 TITANS SECOND LEAGUE,2025,32995,League,24/01/2026,20260124,IRENE VILLAGERS 3 won by 4 Wickets,2,5427,5425,IRENE VILLAGERS 3,CBCOB 3,152,189,0,1,6,9,0,0
8207,949,2025/2026 TITANS SECOND LEAGUE,2025,32995,League,24/01/2026,20260124,TUT 3 won by 10 Wickets,1,5426,5431,HARLEQUINS 3,TUT 3,83,152,4,1,10,6,3,0
8207,949,2025/2026 TITANS SECOND LEAGUE,2025,32995,League,24/01/2026,20260124,TUT 3 won by 10 Wickets,2,5431,5426,TUT 3,HARLEQUINS 3,84,111,0,0,0,11,2,0
8170,949,2025/2026 TITANS SECOND LEAGUE,2025,32995,League,06/12/2025,20251206,IRENE VILLAGERS 4 won by 38 Runs,1,5432,5428,IRENE VILLAGERS 4,PHSOB 3,256,270,1,0,9,22,4,0
8170,949,2025/2026 TITANS SECOND LEAGUE,2025,32995,League,06/12/2025,20251206,IRENE VILLAGERS 4 won by 38 Runs,2,5428,5432,PHSOB 3,IRENE VILLAGERS 4,218,231,0,0,10,3,0,0
8168,949,2025/2026 TITANS SECOND LEAGUE,2025,32995,League,06/12/2025,20251206,CBCOB 3 won by 22 Runs,1,5425,5429,CBCOB 3,SINOVILLE 3,177,221,0,0,10,12,6,0
8168,949,2025/2026 TITANS SECOND LEAGUE,2025,32995,League,06/12/2025,20251206,CBCOB 3 won by 22 Runs,2,5429,5425,SINOVILLE 3,CBCOB 3,155,143,6,0,10,23,0,0
8127,949,2025/2026 TITANS SECOND LEAGUE,2025,32995,League,29/11/2025,20251129,TUT 3 won by 109 Runs,1,5431,5425,TUT 3,CBCOB 3,208,240,0,0,7,0,0,0
8127,949,2025/2026 TITANS SECOND LEAGUE,2025,32995,League,29/11/2025,20251129,TUT 3 won by 109 Runs,2,5425,5431,CBCOB 3,TUT 3,99,170,0,0,10,0,0,0
8118,949,2025/2026 TITANS SECOND LEAGUE,2025,32995,League,29/11/2025,20251129,Abandoned.,1,5429,5427,SINOVILLE 3,IRENE VILLAGERS 3,0,0,0,0,0,0,0,0
8118,949,2025/2026 TITANS SECOND LEAGUE,2025,32995,League,29/11/2025,20251129,Abandoned.,2,5427,5429,IRENE VILLAGERS 3,SINOVILLE 3,0,0,0,0,0,0,0,0
8102,949,2025/2026 TITANS SECOND LEAGUE,2025,32995,League,29/11/2025,20251129,HARLEQUINS 3 won by 39 Runs,1,5426,5430,HARLEQUINS 3,TUKS 5,221,240,0,1,5,18,1,0
8102,949,2025/2026 TITANS SECOND LEAGUE,2025,32995,League,29/11/2025,20251129,HARLEQUINS 3 won by 39 Runs,2,5430,5426,TUKS 5,HARLEQUINS 3,182,188,0,1,10,15,5,0
8035,949,2025/2026 TITANS SECOND LEAGUE,2025,32995,League,22/11/2025,20251122,TUT 3 won by 7 Wickets,1,5429,5431,SINOVILLE 3,TUT 3,150,160,0,0,10,0,0,0
8035,949,2025/2026 TITANS SECOND LEAGUE,2025,32995,League,22/11/2025,20251122,TUT 3 won by 7 Wickets,2,5431,5429,TUT 3,SINOVILLE 3,155,176,0,0,3,0,0,0
8012,949,2025/2026 TITANS SECOND LEAGUE,2025,32995,League,22/11/2025,20251122,HARLEQUINS 3 won by 87 Runs,1,5426,5432,HARLEQUINS 3,IRENE VILLAGERS 4,198,237,1,5,10,31,4,0
8012,949,2025/2026 TITANS SECOND LEAGUE,2025,32995,League,22/11/2025,20251122,HARLEQUINS 3 won by 87 Runs,2,5432,5426,IRENE VILLAGERS 4,HARLEQUINS 3,111,120,0,0,4,14,2,0
8011,949,2025/2026 TITANS SECOND LEAGUE,2025,32995,League,22/11/2025,20251122,Winner: PHSOB 3,1,5427,5428,IRENE VILLAGERS 3,PHSOB 3,234,254,5,1,10,22,2,0
8011,949,2025/2026 TITANS SECOND LEAGUE,2025,32995,League,22/11/2025,20251122,Winner: PHSOB 3,2,5428,5427,PHSOB 3,IRENE VILLAGERS 3,114,138,0,0,4,15,0,0
7967,949,2025/2026 TITANS SECOND LEAGUE,2025,32995,League,15/11/2025,20251115,Abandoned.,1,5431,5427,TUT 3,IRENE VILLAGERS 3,0,0,0,0,0,0,0,0
7967,949,2025/2026 TITANS SECOND LEAGUE,2025,32995,League,15/11/2025,20251115,Abandoned.,2,5427,5431,IRENE VILLAGERS 3,TUT 3,0,0,0,0,0,0,0,0
7901,949,2025/2026 TITANS SECOND LEAGUE,2025,32995,League,15/11/2025,20251115,Abandoned.,1,5432,5425,IRENE VILLAGERS 4,CBCOB 3,32,47,0,2,2,7,0,0
7901,949,2025/2026 TITANS SECOND LEAGUE,2025,32995,League,15/11/2025,20251115,Abandoned.,2,5425,5432,CBCOB 3,IRENE VILLAGERS 4,0,0,0,0,0,0,0,0
7898,949,2025/2026 TITANS SECOND LEAGUE,2025,32995,League,15/11/2025,20251115,PHSOB 3 won by 5 Wickets,1,5426,5428,HARLEQUINS 3,PHSOB 3,53,65,4,0,10,9,1,0
7898,949,2025/2026 TITANS SECOND LEAGUE,2025,32995,League,15/11/2025,20251115,PHSOB 3 won by 5 Wickets,2,5428,5426,PHSOB 3,HARLEQUINS 3,55,82,1,0,5,3,0,0
7896,949,2025/2026 TITANS SECOND LEAGUE,2025,32995,League,15/11/2025,20251115,TUKS 5 won by 8 Wickets,1,5429,5430,SINOVILLE 3,TUKS 5,64,111,4,2,10,7,0,0
7896,949,2025/2026 TITANS SECOND LEAGUE,2025,32995,League,15/11/2025,20251115,TUKS 5 won by 8 Wickets,2,5430,5429,TUKS 5,SINOVILLE 3,67,44,0,1,2,5,0,0
7838,949,2025/2026 TITANS SECOND LEAGUE,2025,32995,League,08/11/2025,20251108,Abandoned.,1,5425,5426,CBCOB 3,HARLEQUINS 3,0,0,0,0,0,0,0,0
7838,949,2025/2026 TITANS SECOND LEAGUE,2025,32995,League,08/11/2025,20251108,Abandoned.,2,5426,5425,HARLEQUINS 3,CBCOB 3,0,0,0,0,0,0,0,0
7790,949,2025/2026 TITANS SECOND LEAGUE,2025,32995,League,08/11/2025,20251108,PHSOB 3 won by 4 Wickets,1,5431,5428,TUT 3,PHSOB 3,205,240,10,9,10,11,3,0
7790,949,2025/2026 TITANS SECOND LEAGUE,2025,32995,League,08/11/2025,20251108,PHSOB 3 won by 4 Wickets,2,5428,5431,PHSOB 3,TUT 3,206,190,0,6,6,15,1,0
7777,949,2025/2026 TITANS SECOND LEAGUE,2025,32995,League,08/11/2025,20251108,TUKS 5 won by 4 Wickets,1,5427,5430,IRENE VILLAGERS 3,TUKS 5,143,224,0,2,10,10,0,0
7777,949,2025/2026 TITANS SECOND LEAGUE,2025,32995,League,08/11/2025,20251108,TUKS 5 won by 4 Wickets,2,5430,5427,TUKS 5,IRENE VILLAGERS 3,144,187,1,2,6,10,0,0
7775,949,2025/2026 TITANS SECOND LEAGUE,2025,32995,League,08/11/2025,20251108,SINOVILLE 3 won by 4 Runs,1,5429,5432,SINOVILLE 3,IRENE VILLAGERS 4,257,235,0,3,10,30,3,0
7775,949,2025/2026 TITANS SECOND LEAGUE,2025,32995,League,08/11/2025,20251108,SINOVILLE 3 won by 4 Runs,2,5432,5429,IRENE VILLAGERS 4,SINOVILLE 3,253,240,1,1,8,7,0,0
7677,949,2025/2026 TITANS SECOND LEAGUE,2025,32995,League,01/11/2025,20251101,CBCOB 3 won by 7 Wickets,1,5428,5425,PHSOB 3,CBCOB 3,232,270,0,1,7,23,1,0
7677,949,2025/2026 TITANS SECOND LEAGUE,2025,32995,League,01/11/2025,20251101,CBCOB 3 won by 7 Wickets,2,5425,5428,CBCOB 3,PHSOB 3,234,219,5,1,3,22,1,0
7654,949,2025/2026 TITANS SECOND LEAGUE,2025,32995,League,01/11/2025,20251101,IRENE VILLAGERS 4 won by 49 Runs,1,5432,5427,IRENE VILLAGERS 4,IRENE VILLAGERS 3,176,240,7,1,8,19,1,0
7654,949,2025/2026 TITANS SECOND LEAGUE,2025,32995,League,01/11/2025,20251101,IRENE VILLAGERS 4 won by 49 Runs,2,5427,5432,IRENE VILLAGERS 3,IRENE VILLAGERS 4,127,170,0,1,10,15,0,0
7649,949,2025/2026 TITANS SECOND LEAGUE,2025,32995,League,01/11/2025,20251101,SINOVILLE 3 won by 165 Runs,1,5429,5426,SINOVILLE 3,HARLEQUINS 3,327,240,4,5,8,27,1,0
7649,949,2025/2026 TITANS SECOND LEAGUE,2025,32995,League,01/11/2025,20251101,SINOVILLE 3 won by 165 Runs,2,5426,5429,HARLEQUINS 3,SINOVILLE 3,162,148,2,0,10,17,1,0
7648,949,2025/2026 TITANS SECOND LEAGUE,2025,32995,League,01/11/2025,20251101,TUT 3 won by 4 Wickets,1,5430,5431,TUKS 5,TUT 3,229,240,0,1,7,14,0,0
7648,949,2025/2026 TITANS SECOND LEAGUE,2025,32995,League,01/11/2025,20251101,TUT 3 won by 4 Wickets,2,5431,5430,TUT 3,TUKS 5,230,234,4,2,6,18,0,0
7488,949,2025/2026 TITANS SECOND LEAGUE,2025,32995,League,25/10/2025,20251025,TUT 3 won by 172 Runs,1,5431,5432,TUT 3,IRENE VILLAGERS 4,277,240,0,0,7,32,4,0
7488,949,2025/2026 TITANS SECOND LEAGUE,2025,32995,League,25/10/2025,20251025,TUT 3 won by 172 Runs,2,5432,5431,IRENE VILLAGERS 4,TUT 3,105,144,0,0,10,18,3,0
7486,949,2025/2026 TITANS SECOND LEAGUE,2025,32995,League,25/10/2025,20251025,IRENE VILLAGERS 3 won by 8 Wickets,1,5426,5427,HARLEQUINS 3,IRENE VILLAGERS 3,68,102,1,1,10,6,3,0
7486,949,2025/2026 TITANS SECOND LEAGUE,2025,32995,League,25/10/2025,20251025,IRENE VILLAGERS 3 won by 8 Wickets,2,5427,5426,IRENE VILLAGERS 3,HARLEQUINS 3,71,64,1,0,2,18,0,0
7484,949,2025/2026 TITANS SECOND LEAGUE,2025,32995,League,25/10/2025,20251025,PHSOB 3 won by 76 Runs,1,5428,5430,PHSOB 3,TUKS 5,313,265,12,1,10,22,0,0
7484,949,2025/2026 TITANS SECOND LEAGUE,2025,32995,League,25/10/2025,20251025,PHSOB 3 won by 76 Runs,2,5430,5428,TUKS 5,PHSOB 3,237,210,1,3,10,21,1,0
7452,949,2025/2026 TITANS SECOND LEAGUE,2025,32995,League,18/10/2025,20251018,Abandoned.,1,5425,5427,CBCOB 3,IRENE VILLAGERS 3,0,0,0,0,0,0,0,0
7452,949,2025/2026 TITANS SECOND LEAGUE,2025,32995,League,18/10/2025,20251018,Abandoned.,2,5427,5425,IRENE VILLAGERS 3,CBCOB 3,0,0,0,0,0,0,0,0
7430,949,2025/2026 TITANS SECOND LEAGUE,2025,32995,League,18/10/2025,20251018,Abandoned.,1,5431,5426,TUT 3,HARLEQUINS 3,0,0,0,0,0,0,0,0
7430,949,2025/2026 TITANS SECOND LEAGUE,2025,32995,League,18/10/2025,20251018,Abandoned.,2,5426,5431,HARLEQUINS 3,TUT 3,0,0,0,0,0,0,0,0
7428,949,2025/2026 TITANS SECOND LEAGUE,2025,32995,League,18/10/2025,20251018,Abandoned.,1,5430,5432,TUKS 5,IRENE VILLAGERS 4,0,0,0,0,0,0,0,0
7428,949,2025/2026 TITANS SECOND LEAGUE,2025,32995,League,18/10/2025,20251018,Abandoned.,2,5432,5430,IRENE VILLAGERS 4,TUKS 5,0,0,0,0,0,0,0,0
7373,949,2025/2026 TITANS SECOND LEAGUE,2025,32995,League,11/10/2025,20251011,CBCOB 3 won by 35 Runs,1,5425,5431,CBCOB 3,TUT 3,137,205,5,1,10,24,3,0
7373,949,2025/2026 TITANS SECOND LEAGUE,2025,32995,League,11/10/2025,20251011,CBCOB 3 won by 35 Runs,2,5431,5425,TUT 3,CBCOB 3,102,139,1,0,10,4,1,0
7368,949,2025/2026 TITANS SECOND LEAGUE,2025,32995,League,11/10/2025,20251011,IRENE VILLAGERS 3 won by 7 Wickets,1,5429,5427,SINOVILLE 3,IRENE VILLAGERS 3,88,111,0,2,10,14,0,0
7368,949,2025/2026 TITANS SECOND LEAGUE,2025,32995,League,11/10/2025,20251011,IRENE VILLAGERS 3 won by 7 Wickets,2,5427,5429,IRENE VILLAGERS 3,SINOVILLE 3,90,70,2,0,3,8,1,0
7365,949,2025/2026 TITANS SECOND LEAGUE,2025,32995,League,11/10/2025,20251011,PHSOB 3 won by 2 Wickets,1,5432,5428,IRENE VILLAGERS 4,PHSOB 3,249,244,6,1,10,39,5,0
7365,949,2025/2026 TITANS SECOND LEAGUE,2025,32995,League,11/10/2025,20251011,PHSOB 3 won by 2 Wickets,2,5428,5432,PHSOB 3,IRENE VILLAGERS 4,250,234,0,1,8,42,1,0
7359,949,2025/2026 TITANS SECOND LEAGUE,2025,32995,League,11/10/2025,20251011,HARLEQUINS 3 won by 25 Runs,1,5426,5430,HARLEQUINS 3,TUKS 5,186,236,0,0,10,19,4,0
7359,949,2025/2026 TITANS SECOND LEAGUE,2025,32995,League,11/10/2025,20251011,HARLEQUINS 3 won by 25 Runs,2,5430,5426,TUKS 5,HARLEQUINS 3,161,157,1,6,10,30,3,0
7144,790,2024 Titans Second League,unknown,32995,,,,CBCOB 3 228/3(30.5 overs),1,4552,4560,CBCOB 3,CENTURION KAVALIERS 3,228,185,0,1,3,15,1,0
7144,790,2024 Titans Second League,unknown,32995,,,,CBCOB 3 228/3(30.5 overs),2,4560,4552,CENTURION KAVALIERS 3,CBCOB 3,0,0,0,0,0,0,0,0
7116,790,2024 Titans Second League,2024,32995,League,30/03/2025,20250330,Abandoned.,1,4556,4552,SINOVILLE 3,CBCOB 3,0,0,0,0,0,0,0,0
7116,790,2024 Titans Second League,2024,32995,League,30/03/2025,20250330,Abandoned.,2,4552,4556,CBCOB 3,SINOVILLE 3,0,0,0,0,0,0,0,0
7143,790,2024 Titans Second League,2024,32995,League,29/03/2025,20250329,CBCOB 3 won by 6 Wickets,1,4560,4552,CENTURION KAVALIERS 3,CBCOB 3,63,81,2,0,10,11,1,0
7143,790,2024 Titans Second League,2024,32995,League,29/03/2025,20250329,CBCOB 3 won by 6 Wickets,2,4552,4560,CBCOB 3,CENTURION KAVALIERS 3,64,67,0,0,4,2,0,0
7096,790,2024 Titans Second League,2024,32995,League,29/03/2025,20250329,Abandoned. Winner: SINOVILLE 4,1,4560,4557,CENTURION KAVALIERS 3,SINOVILLE 4,0,0,0,0,0,0,0,0
7096,790,2024 Titans Second League,2024,32995,League,29/03/2025,20250329,Abandoned. Winner: SINOVILLE 4,2,4557,4560,SINOVILLE 4,CENTURION KAVALIERS 3,0,0,0,0,0,0,0,0
7079,790,2024 Titans Second League,2024,32995,League,23/03/2025,20250323,Abandoned.,1,4560,4555,CENTURION KAVALIERS 3,PHSOB 3,0,0,0,0,0,0,0,0
7079,790,2024 Titans Second League,2024,32995,League,23/03/2025,20250323,Abandoned.,2,4555,4560,PHSOB 3,CENTURION KAVALIERS 3,0,0,0,0,0,0,0,0
7090,790,2024 Titans Second League,2024,32995,League,22/03/2025,20250322,Forfeited. Winner: SINOVILLE 4,1,4557,4555,SINOVILLE 4,PHSOB 3,0,0,0,0,0,0,0,0
7090,790,2024 Titans Second League,2024,32995,League,22/03/2025,20250322,Forfeited. Winner: SINOVILLE 4,2,4555,4557,PHSOB 3,SINOVILLE 4,0,0,0,0,0,0,0,0
7087,790,2024 Titans Second League,2024,32995,League,22/03/2025,20250322,CBCOB 3 won by 5 Wickets,1,4556,4552,SINOVILLE 3,CBCOB 3,162,208,4,0,10,6,7,0
7087,790,2024 Titans Second League,2024,32995,League,22/03/2025,20250322,CBCOB 3 won by 5 Wickets,2,4552,4556,CBCOB 3,SINOVILLE 3,163,127,0,0,5,10,3,0
7080,790,2024 Titans Second League,2024,32995,League,22/03/2025,20250322,Forfeited. Winner: SINOVILLE 4,1,4557,4561,SINOVILLE 4,PHSOB 4,0,0,0,0,0,0,0,0
7080,790,2024 Titans Second League,2024,32995,League,22/03/2025,20250322,Forfeited. Winner: SINOVILLE 4,2,4561,4557,PHSOB 4,SINOVILLE 4,0,0,0,0,0,0,0,0
7094,790,2024 Titans Second League,2024,32995,League,16/03/2025,20250316,Abandoned. Winner: IRENE VILLAGERS 3,1,4560,4554,CENTURION KAVALIERS 3,IRENE VILLAGERS 3,0,0,0,0,0,0,0,0
7094,790,2024 Titans Second League,2024,32995,League,16/03/2025,20250316,Abandoned. Winner: IRENE VILLAGERS 3,2,4554,4560,IRENE VILLAGERS 3,CENTURION KAVALIERS 3,0,0,0,0,0,0,0,0
7032,790,2024 Titans Second League,2024,32995,League,15/03/2025,20250315,PHSOB 3 won by 3 Wickets,1,4554,4555,IRENE VILLAGERS 3,PHSOB 3,166,253,0,0,10,18,0,0
7032,790,2024 Titans Second League,2024,32995,League,15/03/2025,20250315,PHSOB 3 won by 3 Wickets,2,4555,4554,PHSOB 3,IRENE VILLAGERS 3,167,141,0,0,7,7,1,0
7031,790,2024 Titans Second League,2024,32995,League,15/03/2025,20250315,HARLEQUINS 3 won by 15 Runs,1,4553,4558,HARLEQUINS 3,TUKS 5,163,214,0,0,10,15,0,0
7031,790,2024 Titans Second League,2024,32995,League,15/03/2025,20250315,HARLEQUINS 3 won by 15 Runs,2,4558,4553,TUKS 5,HARLEQUINS 3,148,220,0,2,10,15,2,0
7029,790,2024 Titans Second League,2024,32995,League,15/03/2025,20250315,Abandoned. Winner: TUT 3,1,4559,4560,TUT 3,CENTURION KAVALIERS 3,0,0,0,0,0,0,0,0
7029,790,2024 Titans Second League,2024,32995,League,15/03/2025,20250315,Abandoned. Winner: TUT 3,2,4560,4559,CENTURION KAVALIERS 3,TUT 3,0,0,0,0,0,0,0,0
6992,790,2024 Titans Second League,2024,32995,League,15/03/2025,20250315,Forfeited. Winner: SINOVILLE 3,1,4561,4556,PHSOB 4,SINOVILLE 3,0,0,0,0,0,0,0,0
6992,790,2024 Titans Second League,2024,32995,League,15/03/2025,20250315,Forfeited. Winner: SINOVILLE 3,2,4556,4561,SINOVILLE 3,PHSOB 4,0,0,0,0,0,0,0,0
7005,790,2024 Titans Second League,2024,32995,League,08/03/2025,20250308,PHSOB 3 won by 8 Wickets,1,4559,4555,TUT 3,PHSOB 3,203,270,0,0,9,0,0,0
7005,790,2024 Titans Second League,2024,32995,League,08/03/2025,20250308,PHSOB 3 won by 8 Wickets,2,4555,4559,PHSOB 3,TUT 3,208,150,0,0,2,0,0,0
6965,790,2024 Titans Second League,2024,32995,League,08/03/2025,20250308,IRENE VILLAGERS 3 won by 21 Runs,1,4554,4553,IRENE VILLAGERS 3,HARLEQUINS 3,259,270,5,2,5,13,0,0
6965,790,2024 Titans Second League,2024,32995,League,08/03/2025,20250308,IRENE VILLAGERS 3 won by 21 Runs,2,4553,4554,HARLEQUINS 3,IRENE VILLAGERS 3,238,270,6,8,9,20,1,0
6962,790,2024 Titans Second League,2024,32995,League,08/03/2025,20250308,SINOVILLE 3 won by 55 Runs,1,4556,4558,SINOVILLE 3,TUKS 5,252,270,4,1,10,18,1,0
6962,790,2024 Titans Second League,2024,32995,League,08/03/2025,20250308,SINOVILLE 3 won by 55 Runs,2,4558,4556,TUKS 5,SINOVILLE 3,197,226,0,2,10,23,1,0
6960,790,2024 Titans Second League,2024,32995,League,08/03/2025,20250308,Forfeited. Winner: SINOVILLE 4,1,4557,4561,SINOVILLE 4,PHSOB 4,0,0,0,0,0,0,0,0
6960,790,2024 Titans Second League,2024,32995,League,08/03/2025,20250308,Forfeited. Winner: SINOVILLE 4,2,4561,4557,PHSOB 4,SINOVILLE 4,0,0,0,0,0,0,0,0
7006,790,2024 Titans Second League,2024,32995,League,01/03/2025,20250301,Abandoned.,1,4555,4552,PHSOB 3,CBCOB 3,0,0,0,0,0,0,0,0
7006,790,2024 Titans Second League,2024,32995,League,01/03/2025,20250301,Abandoned.,2,4552,4555,CBCOB 3,PHSOB 3,0,0,0,0,0,0,0,0
6998,790,2024 Titans Second League,2024,32995,League,01/03/2025,20250301,Forfeited. Winner: CENTURION KAVALIERS 3,1,4560,4561,CENTURION KAVALIERS 3,PHSOB 4,0,0,0,0,0,0,0,0
6998,790,2024 Titans Second League,2024,32995,League,01/03/2025,20250301,Forfeited. Winner: CENTURION KAVALIERS 3,2,4561,4560,PHSOB 4,CENTURION KAVALIERS 3,0,0,0,0,0,0,0,0
6879,790,2024 Titans Second League,2024,32995,League,01/03/2025,20250301,TUT 3 won by 5 Wickets,1,4554,4559,IRENE VILLAGERS 3,TUT 3,99,158,0,1,10,8,2,0
6879,790,2024 Titans Second League,2024,32995,League,01/03/2025,20250301,TUT 3 won by 5 Wickets,2,4559,4554,TUT 3,IRENE VILLAGERS 3,100,146,0,0,5,16,0,0
6875,790,2024 Titans Second League,2024,32995,League,01/03/2025,20250301,TUKS 5 won by 10 Wickets,1,4557,4558,SINOVILLE 4,TUKS 5,46,102,0,0,10,0,0,0
6875,790,2024 Titans Second League,2024,32995,League,01/03/2025,20250301,TUKS 5 won by 10 Wickets,2,4558,4557,TUKS 5,SINOVILLE 4,52,34,0,0,0,3,0,0
6874,790,2024 Titans Second League,2024,32995,League,01/03/2025,20250301,HARLEQUINS 3 won by 91 Runs,1,4553,4556,HARLEQUINS 3,SINOVILLE 3,168,203,3,2,10,11,2,0
6874,790,2024 Titans Second League,2024,32995,League,01/03/2025,20250301,HARLEQUINS 3 won by 91 Runs,2,4556,4553,SINOVILLE 3,HARLEQUINS 3,77,132,5,2,9,13,2,0
7013,790,2024 Titans Second League,2024,32995,League,22/02/2025,20250222,Abandoned.,1,4554,4556,IRENE VILLAGERS 3,SINOVILLE 3,0,0,0,0,0,0,0,0
7013,790,2024 Titans Second League,2024,32995,League,22/02/2025,20250222,Abandoned.,2,4556,4554,SINOVILLE 3,IRENE VILLAGERS 3,0,0,0,0,0,0,0,0
6848,790,2024 Titans Second League,2024,32995,League,22/02/2025,20250222,Abandoned. Winner: PHSOB 3,1,4561,4555,PHSOB 4,PHSOB 3,0,0,0,0,0,0,0,0
6848,790,2024 Titans Second League,2024,32995,League,22/02/2025,20250222,Abandoned. Winner: PHSOB 3,2,4555,4561,PHSOB 3,PHSOB 4,0,0,0,0,0,0,0,0
6822,790,2024 Titans Second League,2024,32995,League,22/02/2025,20250222,Abandoned.,1,4558,4560,TUKS 5,CENTURION KAVALIERS 3,0,0,0,0,0,0,0,0
6822,790,2024 Titans Second League,2024,32995,League,22/02/2025,20250222,Abandoned.,2,4560,4558,CENTURION KAVALIERS 3,TUKS 5,0,0,0,0,0,0,0,0
6821,790,2024 Titans Second League,2024,32995,League,22/02/2025,20250222,Abandoned.,1,4552,4559,CBCOB 3,TUT 3,0,0,0,0,0,0,0,0
6821,790,2024 Titans Second League,2024,32995,League,22/02/2025,20250222,Abandoned.,2,4559,4552,TUT 3,CBCOB 3,0,0,0,0,0,0,0,0
6795,790,2024 Titans Second League,2024,32995,League,22/02/2025,20250222,Abandoned.,1,4557,4553,SINOVILLE 4,HARLEQUINS 3,0,0,0,0,0,0,0,0
6795,790,2024 Titans Second League,2024,32995,League,22/02/2025,20250222,Abandoned.,2,4553,4557,HARLEQUINS 3,SINOVILLE 4,0,0,0,0,0,0,0,0
6792,790,2024 Titans Second League,2024,32995,League,15/02/2025,20250215,Abandoned.,1,4552,4554,CBCOB 3,IRENE VILLAGERS 3,0,0,0,0,0,0,0,0
6792,790,2024 Titans Second League,2024,32995,League,15/02/2025,20250215,Abandoned.,2,4554,4552,IRENE VILLAGERS 3,CBCOB 3,0,0,0,0,0,0,0,0
6783,790,2024 Titans Second League,2024,32995,League,15/02/2025,20250215,HARLEQUINS 3 won by 128 Runs,1,4553,4560,HARLEQUINS 3,CENTURION KAVALIERS 3,241,198,0,0,4,0,0,0
6783,790,2024 Titans Second League,2024,32995,League,15/02/2025,20250215,HARLEQUINS 3 won by 128 Runs,2,4560,4553,CENTURION KAVALIERS 3,HARLEQUINS 3,113,174,0,0,10,0,0,0
6765,790,2024 Titans Second League,2024,32995,League,15/02/2025,20250215,Abandoned.,1,4556,4557,SINOVILLE 3,SINOVILLE 4,0,0,0,0,0,0,0,0
6765,790,2024 Titans Second League,2024,32995,League,15/02/2025,20250215,Abandoned.,2,4557,4556,SINOVILLE 4,SINOVILLE 3,0,0,0,0,0,0,0,0
6724,790,2024 Titans Second League,2024,32995,League,15/02/2025,20250215,Forfeited. Winner: TUT 3,1,4559,4561,TUT 3,PHSOB 4,0,0,0,0,0,0,0,0
6724,790,2024 Titans Second League,2024,32995,League,15/02/2025,20250215,Forfeited. Winner: TUT 3,2,4561,4559,PHSOB 4,TUT 3,0,0,0,0,0,0,0,0
6708,790,2024 Titans Second League,2024,32995,League,09/02/2025,20250209,PHSOB 3 won by 88 Runs,1,4555,4553,PHSOB 3,HARLEQUINS 3,171,165,38,0,10,0,0,0
6708,790,2024 Titans Second League,2024,32995,League,09/02/2025,20250209,PHSOB 3 won by 88 Runs,2,4553,4555,HARLEQUINS 3,PHSOB 3,83,96,32,0,10,0,0,0
6716,790,2024 Titans Second League,2024,32995,League,08/02/2025,20250208,Forfeited. Winner: CBCOB 3,1,4561,4552,PHSOB 4,CBCOB 3,0,0,0,0,0,0,0,0
6716,790,2024 Titans Second League,2024,32995,League,08/02/2025,20250208,Forfeited. Winner: CBCOB 3,2,4552,4561,CBCOB 3,PHSOB 4,0,0,0,0,0,0,0,0
6706,790,2024 Titans Second League,2024,32995,League,08/02/2025,20250208,CENTURION KAVALIERS 3 won by 4 Runs,1,4560,4556,CENTURION KAVALIERS 3,SINOVILLE 3,284,270,0,0,9,0,0,0
6706,790,2024 Titans Second League,2024,32995,League,08/02/2025,20250208,CENTURION KAVALIERS 3 won by 4 Runs,2,4556,4560,SINOVILLE 3,CENTURION KAVALIERS 3,280,234,0,0,10,0,0,0
6678,790,2024 Titans Second League,2024,32995,League,08/02/2025,20250208,SINOVILLE 4 won by 31 Runs,1,4557,4554,SINOVILLE 4,IRENE VILLAGERS 3,218,261,1,0,10,7,1,0
6678,790,2024 Titans Second League,2024,32995,League,08/02/2025,20250208,SINOVILLE 4 won by 31 Runs,2,4554,4557,IRENE VILLAGERS 3,SINOVILLE 4,187,249,9,3,10,15,0,0
6674,790,2024 Titans Second League,2024,32995,League,08/02/2025,20250208,Abandoned. Winner: TUKS 5,1,4558,4559,TUKS 5,TUT 3,228,270,5,1,7,11,0,0
6674,790,2024 Titans Second League,2024,32995,League,08/02/2025,20250208,Abandoned. Winner: TUKS 5,2,4559,4558,TUT 3,TUKS 5,197,246,0,3,8,28,0,0
6630,790,2024 Titans Second League,2024,32995,League,02/02/2025,20250202,SINOVILLE 4 won by 10 Wickets,1,4560,4557,CENTURION KAVALIERS 3,SINOVILLE 4,100,183,0,0,10,4,1,0
6630,790,2024 Titans Second League,2024,32995,League,02/02/2025,20250202,SINOVILLE 4 won by 10 Wickets,2,4557,4560,SINOVILLE 4,CENTURION KAVALIERS 3,103,66,0,0,0,5,0,0
6640,790,2024 Titans Second League,2024,32995,League,01/02/2025,20250201,Forfeited. Winner: IRENE VILLAGERS 3,1,4561,4554,PHSOB 4,IRENE VILLAGERS 3,0,0,0,0,0,0,0,0
6640,790,2024 Titans Second League,2024,32995,League,01/02/2025,20250201,Forfeited. Winner: IRENE VILLAGERS 3,2,4554,4561,IRENE VILLAGERS 3,PHSOB 4,0,0,0,0,0,0,0,0
6633,790,2024 Titans Second League,2024,32995,League,01/02/2025,20250201,HARLEQUINS 3 won by 3 Wickets,1,4559,4553,TUT 3,HARLEQUINS 3,255,240,0,0,9,0,0,0
6633,790,2024 Titans Second League,2024,32995,League,01/02/2025,20250201,HARLEQUINS 3 won by 3 Wickets,2,4553,4559,HARLEQUINS 3,TUT 3,258,239,0,0,7,0,0,0
6632,790,2024 Titans Second League,2024,32995,League,01/02/2025,20250201,PHSOB 3 won by 220 Runs,1,4555,4556,PHSOB 3,SINOVILLE 3,327,0,0,0,0,0,0,0
6632,790,2024 Titans Second League,2024,32995,League,01/02/2025,20250201,PHSOB 3 won by 220 Runs,2,4556,4555,SINOVILLE 3,PHSOB 3,107,0,0,0,10,0,0,0
6604,790,2024 Titans Second League,2024,32995,League,01/02/2025,20250201,CBCOB 3 won by 6 Wickets,1,4558,4552,TUKS 5,CBCOB 3,183,234,9,0,10,19,2,0
6604,790,2024 Titans Second League,2024,32995,League,01/02/2025,20250201,CBCOB 3 won by 6 Wickets,2,4552,4558,CBCOB 3,TUKS 5,184,156,3,3,4,9,1,0
6698,790,2024 Titans Second League,2024,32995,League,25/01/2025,20250125,Forfeited. Winner: TUKS 5,1,4558,4561,TUKS 5,PHSOB 4,0,0,0,0,0,0,0,0
6698,790,2024 Titans Second League,2024,32995,League,25/01/2025,20250125,Forfeited. Winner: TUKS 5,2,4561,4558,PHSOB 4,TUKS 5,0,0,0,0,0,0,0,0
6564,790,2024 Titans Second League,2024,32995,League,25/01/2025,20250125,HARLEQUINS 3 won by 117 Runs,1,4553,4552,HARLEQUINS 3,CBCOB 3,314,270,0,3,10,0,0,0
6564,790,2024 Titans Second League,2024,32995,League,25/01/2025,20250125,HARLEQUINS 3 won by 117 Runs,2,4552,4553,CBCOB 3,HARLEQUINS 3,197,219,0,0,8,0,0,0
6563,790,2024 Titans Second League,2024,32995,League,25/01/2025,20250125,TUT 3 won by 173 Runs,1,4559,4556,TUT 3,SINOVILLE 3,377,270,0,0,4,0,0,0
6563,790,2024 Titans Second League,2024,32995,League,25/01/2025,20250125,TUT 3 won by 173 Runs,2,4556,4559,SINOVILLE 3,TUT 3,204,237,0,0,10,0,0,0
6552,790,2024 Titans Second League,2024,32995,League,25/01/2025,20250125,Forfeited. Winner: PHSOB 3,1,4555,4557,PHSOB 3,SINOVILLE 4,0,0,0,0,0,0,0,0
6552,790,2024 Titans Second League,2024,32995,League,25/01/2025,20250125,Forfeited. Winner: PHSOB 3,2,4557,4555,SINOVILLE 4,PHSOB 3,0,0,0,0,0,0,0,0
6547,790,2024 Titans Second League,2024,32995,League,25/01/2025,20250125,IRENE VILLAGERS 3 won by 126 Runs,1,4554,4560,IRENE VILLAGERS 3,CENTURION KAVALIERS 3,272,270,1,0,9,20,4,0
6547,790,2024 Titans Second League,2024,32995,League,25/01/2025,20250125,IRENE VILLAGERS 3 won by 126 Runs,2,4560,4554,CENTURION KAVALIERS 3,IRENE VILLAGERS 3,146,176,7,2,10,7,7,0
6707,790,2024 Titans Second League,2024,32995,League,18/01/2025,20250118,Forfeited. Winner: HARLEQUINS 3,1,4561,4553,PHSOB 4,HARLEQUINS 3,0,0,0,0,0,0,0,0
6707,790,2024 Titans Second League,2024,32995,League,18/01/2025,20250118,Forfeited. Winner: HARLEQUINS 3,2,4553,4561,HARLEQUINS 3,PHSOB 4,0,0,0,0,0,0,0,0
6499,790,2024 Titans Second League,2024,32995,League,18/01/2025,20250118,IRENE VILLAGERS 3 won by 94 Runs,1,4554,4558,IRENE VILLAGERS 3,TUKS 5,224,237,1,1,10,19,1,0
6499,790,2024 Titans Second League,2024,32995,League,18/01/2025,20250118,IRENE VILLAGERS 3 won by 94 Runs,2,4558,4554,TUKS 5,IRENE VILLAGERS 3,130,175,0,3,10,15,2,0
6486,790,2024 Titans Second League,2024,32995,League,18/01/2025,20250118,Abandoned.,1,4559,4557,TUT 3,SINOVILLE 4,0,0,0,0,0,0,0,0
6486,790,2024 Titans Second League,2024,32995,League,18/01/2025,20250118,Abandoned.,2,4557,4559,SINOVILLE 4,TUT 3,0,0,0,0,0,0,0,0
6641,790,2024 Titans Second League,2024,32995,League,11/01/2025,20250111,Abandoned.,1,4554,4555,IRENE VILLAGERS 3,PHSOB 3,0,0,0,0,0,0,0,0
6641,790,2024 Titans Second League,2024,32995,League,11/01/2025,20250111,Abandoned.,2,4555,4554,PHSOB 3,IRENE VILLAGERS 3,0,0,0,0,0,0,0,0
6479,790,2024 Titans Second League,2024,32995,League,11/01/2025,20250111,Abandoned.,1,4559,4560,TUT 3,CENTURION KAVALIERS 3,0,0,0,0,0,0,0,0
6479,790,2024 Titans Second League,2024,32995,League,11/01/2025,20250111,Abandoned.,2,4560,4559,CENTURION KAVALIERS 3,TUT 3,0,0,0,0,0,0,0,0
6477,790,2024 Titans Second League,2024,32995,League,11/01/2025,20250111,Abandoned.,1,4552,4557,CBCOB 3,SINOVILLE 4,0,0,0,0,0,0,0,0
6477,790,2024 Titans Second League,2024,32995,League,11/01/2025,20250111,Abandoned.,2,4557,4552,SINOVILLE 4,CBCOB 3,0,0,0,0,0,0,0,0
6476,790,2024 Titans Second League,2024,32995,League,11/01/2025,20250111,Abandoned.,1,4556,4561,SINOVILLE 3,PHSOB 4,0,0,0,0,0,0,0,0
6476,790,2024 Titans Second League,2024,32995,League,11/01/2025,20250111,Abandoned.,2,4561,4556,PHSOB 4,SINOVILLE 3,0,0,0,0,0,0,0,0
6443,790,2024 Titans Second League,2024,32995,League,11/01/2025,20250111,Abandoned.,1,4553,4558,HARLEQUINS 3,TUKS 5,0,0,0,0,0,0,0,0
6443,790,2024 Titans Second League,2024,32995,League,11/01/2025,20250111,Abandoned.,2,4558,4553,TUKS 5,HARLEQUINS 3,0,0,0,0,0,0,0,0
6382,790,2024 Titans Second League,2024,32995,League,30/11/2024,20241130,TUT 3 won by 122 Runs,1,4559,4555,TUT 3,PHSOB 3,267,276,0,0,8,0,0,0
6382,790,2024 Titans Second League,2024,32995,League,30/11/2024,20241130,TUT 3 won by 122 Runs,2,4555,4559,PHSOB 3,TUT 3,145,0,0,0,10,0,0,0
6359,790,2024 Titans Second League,2024,32995,League,30/11/2024,20241130,SINOVILLE 3 won by 59 Runs,1,4556,4558,SINOVILLE 3,TUKS 5,256,270,0,7,9,19,0,0
6359,790,2024 Titans Second League,2024,32995,League,30/11/2024,20241130,SINOVILLE 3 won by 59 Runs,2,4558,4556,TUKS 5,SINOVILLE 3,197,209,0,4,10,14,1,0
6357,790,2024 Titans Second League,2024,32995,League,30/11/2024,20241130,IRENE VILLAGERS 3 won by 55 Runs,1,4554,4553,IRENE VILLAGERS 3,HARLEQUINS 3,218,227,2,0,10,23,2,0
6357,790,2024 Titans Second League,2024,32995,League,30/11/2024,20241130,IRENE VILLAGERS 3 won by 55 Runs,2,4553,4554,HARLEQUINS 3,IRENE VILLAGERS 3,163,194,0,0,10,0,0,0
6997,790,2024 Titans Second League,2024,32995,League,23/11/2024,20241123,Forfeited. Winner: CENTURION KAVALIERS 3,1,4561,4560,PHSOB 4,CENTURION KAVALIERS 3,0,0,0,0,0,0,0,0
6997,790,2024 Titans Second League,2024,32995,League,23/11/2024,20241123,Forfeited. Winner: CENTURION KAVALIERS 3,2,4560,4561,CENTURION KAVALIERS 3,PHSOB 4,0,0,0,0,0,0,0,0
6700,790,2024 Titans Second League,2024,32995,League,23/11/2024,20241123,Forfeited. Winner: TUKS 5,1,4558,4557,TUKS 5,SINOVILLE 4,0,0,0,0,0,0,0,0
6700,790,2024 Titans Second League,2024,32995,League,23/11/2024,20241123,Forfeited. Winner: TUKS 5,2,4557,4558,SINOVILLE 4,TUKS 5,0,0,0,0,0,0,0,0
6333,790,2024 Titans Second League,2024,32995,League,23/11/2024,20241123,TUT 3 won by 4 Wickets,1,4554,4559,IRENE VILLAGERS 3,TUT 3,206,232,0,0,10,0,0,0
6333,790,2024 Titans Second League,2024,32995,League,23/11/2024,20241123,TUT 3 won by 4 Wickets,2,4559,4554,TUT 3,IRENE VILLAGERS 3,207,215,0,0,6,0,0,0
6332,790,2024 Titans Second League,2024,32995,League,23/11/2024,20241123,SINOVILLE 3 won by 2 Wickets,1,4553,4556,HARLEQUINS 3,SINOVILLE 3,251,270,0,0,6,0,0,0
6332,790,2024 Titans Second League,2024,32995,League,23/11/2024,20241123,SINOVILLE 3 won by 2 Wickets,2,4556,4553,SINOVILLE 3,HARLEQUINS 3,254,264,0,0,8,0,0,0
6287,790,2024 Titans Second League,2024,32995,League,23/11/2024,20241123,CBCOB 3 won by 64 Runs,1,4552,4555,CBCOB 3,PHSOB 3,195,211,0,2,10,6,0,0
6287,790,2024 Titans Second League,2024,32995,League,23/11/2024,20241123,CBCOB 3 won by 64 Runs,2,4555,4552,PHSOB 3,CBCOB 3,131,229,1,2,10,5,1,0
7078,790,2024 Titans Second League,2024,32995,League,16/11/2024,20241116,Forfeited. Winner: PHSOB 3,1,4555,4561,PHSOB 3,PHSOB 4,0,0,0,0,0,0,0,0
7078,790,2024 Titans Second League,2024,32995,League,16/11/2024,20241116,Forfeited. Winner: PHSOB 3,2,4561,4555,PHSOB 4,PHSOB 3,0,0,0,0,0,0,0,0
6236,790,2024 Titans Second League,2024,32995,League,16/11/2024,20241116,Abandoned.,1,4559,4552,TUT 3,CBCOB 3,181,246,0,0,4,0,0,0
6236,790,2024 Titans Second League,2024,32995,League,16/11/2024,20241116,Abandoned.,2,4552,4559,CBCOB 3,TUT 3,0,0,0,0,0,0,0,0
6223,790,2024 Titans Second League,2024,32995,League,16/11/2024,20241116,IRENE VILLAGERS 3 won by 91 Runs,1,4554,4556,IRENE VILLAGERS 3,SINOVILLE 3,245,224,0,0,10,16,0,0
6223,790,2024 Titans Second League,2024,32995,League,16/11/2024,20241116,IRENE VILLAGERS 3 won by 91 Runs,2,4556,4554,SINOVILLE 3,IRENE VILLAGERS 3,154,171,0,2,10,10,0,0
6219,790,2024 Titans Second League,2024,32995,League,16/11/2024,20241116,Abandoned.,1,4553,4557,HARLEQUINS 3,SINOVILLE 4,211,152,4,3,5,11,0,0
6219,790,2024 Titans Second League,2024,32995,League,16/11/2024,20241116,Abandoned.,2,4557,4553,SINOVILLE 4,HARLEQUINS 3,0,0,0,0,0,0,0,0
6217,790,2024 Titans Second League,2024,32995,League,16/11/2024,20241116,TUKS 5 won by 43 Runs,1,4558,4560,TUKS 5,CENTURION KAVALIERS 3,240,186,0,1,5,29,3,0
6217,790,2024 Titans Second League,2024,32995,League,16/11/2024,20241116,TUKS 5 won by 43 Runs,2,4560,4558,CENTURION KAVALIERS 3,TUKS 5,197,186,0,0,8,7,0,0
6168,790,2024 Titans Second League,2024,32995,League,09/11/2024,20241109,Forfeited. Winner: HARLEQUINS 3,1,4553,4560,HARLEQUINS 3,CENTURION KAVALIERS 3,0,0,0,0,0,0,0,0
6168,790,2024 Titans Second League,2024,32995,League,09/11/2024,20241109,Forfeited. Winner: HARLEQUINS 3,2,4560,4553,CENTURION KAVALIERS 3,HARLEQUINS 3,0,0,0,0,0,0,0,0
6153,790,2024 Titans Second League,2024,32995,League,09/11/2024,20241109,TUT 3 won by 133 Runs,1,4559,4561,TUT 3,PHSOB 4,283,210,0,0,8,0,0,0
6153,790,2024 Titans Second League,2024,32995,League,09/11/2024,20241109,TUT 3 won by 133 Runs,2,4561,4559,PHSOB 4,TUT 3,150,123,0,0,10,0,0,0
6140,790,2024 Titans Second League,2024,32995,League,09/11/2024,20241109,CBCOB 3 won by 155 Runs,1,4552,4554,CBCOB 3,IRENE VILLAGERS 3,296,270,2,4,5,25,2,0
6140,790,2024 Titans Second League,2024,32995,League,09/11/2024,20241109,CBCOB 3 won by 155 Runs,2,4554,4552,IRENE VILLAGERS 3,CBCOB 3,141,173,2,1,9,4,1,0
6135,790,2024 Titans Second League,2024,32995,League,09/11/2024,20241109,SINOVILLE 4 won by 124 Runs,1,4557,4556,SINOVILLE 4,SINOVILLE 3,250,270,4,3,10,15,4,0
6135,790,2024 Titans Second League,2024,32995,League,09/11/2024,20241109,SINOVILLE 4 won by 124 Runs,2,4556,4557,SINOVILLE 3,SINOVILLE 4,126,164,0,4,10,9,0,0
6133,790,2024 Titans Second League,2024,32995,League,09/11/2024,20241109,PHSOB 3 won by 6 Wickets,1,4558,4555,TUKS 5,PHSOB 3,120,224,3,3,10,15,2,0
6133,790,2024 Titans Second League,2024,32995,League,09/11/2024,20241109,PHSOB 3 won by 6 Wickets,2,4555,4558,PHSOB 3,TUKS 5,121,159,0,2,4,6,0,0
6071,790,2024 Titans Second League,2024,32995,League,03/11/2024,20241103,SINOVILLE 3 won by 26 Runs,1,4556,4560,SINOVILLE 3,CENTURION KAVALIERS 3,242,252,0,11,10,20,3,0
6071,790,2024 Titans Second League,2024,32995,League,03/11/2024,20241103,SINOVILLE 3 won by 26 Runs,2,4560,4556,CENTURION KAVALIERS 3,SINOVILLE 3,216,221,0,1,8,3,0,0
6082,790,2024 Titans Second League,2024,32995,League,02/11/2024,20241102,PHSOB 3 won by 42 Runs,1,4555,4553,PHSOB 3,HARLEQUINS 3,245,264,0,0,10,0,0,0
6082,790,2024 Titans Second League,2024,32995,League,02/11/2024,20241102,PHSOB 3 won by 42 Runs,2,4553,4555,HARLEQUINS 3,PHSOB 3,203,241,0,0,10,0,0,0
6069,790,2024 Titans Second League,2024,32995,League,02/11/2024,20241102,CBCOB 3 won by 9 Wickets,1,4561,4552,PHSOB 4,CBCOB 3,197,180,0,0,9,0,0,0
6069,790,2024 Titans Second League,2024,32995,League,02/11/2024,20241102,CBCOB 3 won by 9 Wickets,2,4552,4561,CBCOB 3,PHSOB 4,199,134,0,0,1,0,0,0
6050,790,2024 Titans Second League,2024,32995,League,02/11/2024,20241102,IRENE VILLAGERS 3 won by 149 Runs,1,4554,4557,IRENE VILLAGERS 3,SINOVILLE 4,323,270,0,0,4,35,0,0
6050,790,2024 Titans Second League,2024,32995,League,02/11/2024,20241102,IRENE VILLAGERS 3 won by 149 Runs,2,4557,4554,SINOVILLE 4,IRENE VILLAGERS 3,174,189,1,8,10,27,0,0
6045,790,2024 Titans Second League,2024,32995,League,02/11/2024,20241102,TUT 3 won by 205 Runs,1,4559,4558,TUT 3,TUKS 5,323,270,0,3,7,39,2,0
6045,790,2024 Titans Second League,2024,32995,League,02/11/2024,20241102,TUT 3 won by 205 Runs,2,4558,4559,TUKS 5,TUT 3,118,181,9,0,10,15,0,0
5971,790,2024 Titans Second League,2024,32995,League,27/10/2024,20241027,TUKS 5 won by 43 Runs,1,4558,4552,TUKS 5,CBCOB 3,238,254,3,1,10,27,2,0
5971,790,2024 Titans Second League,2024,32995,League,27/10/2024,20241027,TUKS 5 won by 43 Runs,2,4552,4558,CBCOB 3,TUKS 5,195,237,4,4,10,17,2,0
5983,790,2024 Titans Second League,2024,32995,League,26/10/2024,20241026,HARLEQUINS 3 won by 31 Runs,1,4553,4559,HARLEQUINS 3,TUT 3,157,217,0,0,10,0,0,0
5983,790,2024 Titans Second League,2024,32995,League,26/10/2024,20241026,HARLEQUINS 3 won by 31 Runs,2,4559,4553,TUT 3,HARLEQUINS 3,126,207,0,0,10,0,0,0
5965,790,2024 Titans Second League,2024,32995,League,26/10/2024,20241026,IRENE VILLAGERS 3 won by 5 Wickets,1,4561,4554,PHSOB 4,IRENE VILLAGERS 3,87,162,0,0,10,0,0,0
5965,790,2024 Titans Second League,2024,32995,League,26/10/2024,20241026,IRENE VILLAGERS 3 won by 5 Wickets,2,4554,4561,IRENE VILLAGERS 3,PHSOB 4,88,58,0,0,5,0,0,0
5957,790,2024 Titans Second League,2024,32995,League,26/10/2024,20241026,SINOVILLE 3 won by 5 Wickets,1,4555,4556,PHSOB 3,SINOVILLE 3,236,270,2,0,9,18,2,0
5957,790,2024 Titans Second League,2024,32995,League,26/10/2024,20241026,SINOVILLE 3 won by 5 Wickets,2,4556,4555,SINOVILLE 3,PHSOB 3,237,246,3,1,5,19,1,0
5874,790,2024 Titans Second League,2024,32995,League,19/10/2024,20241019,HARLEQUINS 3 won by 5 Wickets,1,4552,4553,CBCOB 3,HARLEQUINS 3,269,210,4,0,4,33,4,0
5874,790,2024 Titans Second League,2024,32995,League,19/10/2024,20241019,HARLEQUINS 3 won by 5 Wickets,2,4553,4552,HARLEQUINS 3,CBCOB 3,273,192,0,0,5,7,4,0
5856,790,2024 Titans Second League,2024,32995,League,19/10/2024,20241019,TUT 3 won by 4 Wickets,1,4556,4559,SINOVILLE 3,TUT 3,127,216,2,5,10,9,2,0
5856,790,2024 Titans Second League,2024,32995,League,19/10/2024,20241019,TUT 3 won by 4 Wickets,2,4559,4556,TUT 3,SINOVILLE 3,128,146,0,0,6,24,3,0
5852,790,2024 Titans Second League,2024,32995,League,19/10/2024,20241019,TUKS 5 won by 24 Runs,1,4558,4561,TUKS 5,PHSOB 4,272,250,3,10,10,22,1,0
5852,790,2024 Titans Second League,2024,32995,League,19/10/2024,20241019,TUKS 5 won by 24 Runs,2,4561,4558,PHSOB 4,TUKS 5,248,270,0,2,8,13,0,0
6480,790,2024 Titans Second League,2024,32995,League,12/10/2024,20241012,Winner: PHSOB 3,1,4555,4560,PHSOB 3,CENTURION KAVALIERS 3,0,0,0,0,0,0,0,0
6480,790,2024 Titans Second League,2024,32995,League,12/10/2024,20241012,Winner: PHSOB 3,2,4560,4555,CENTURION KAVALIERS 3,PHSOB 3,0,0,0,0,0,0,0,0
5701,790,2024 Titans Second League,2024,32995,League,12/10/2024,20241012,HARLEQUINS 3 won by 140 Runs,1,4553,4561,HARLEQUINS 3,PHSOB 4,266,259,0,0,10,0,0,0
5701,790,2024 Titans Second League,2024,32995,League,12/10/2024,20241012,HARLEQUINS 3 won by 140 Runs,2,4561,4553,PHSOB 4,HARLEQUINS 3,126,187,0,0,10,0,0,0
5675,790,2024 Titans Second League,2024,32995,League,12/10/2024,20241012,TUT 3 won by 69 Runs,1,4559,4557,TUT 3,SINOVILLE 4,260,240,0,0,5,0,0,0
5675,790,2024 Titans Second League,2024,32995,League,12/10/2024,20241012,TUT 3 won by 69 Runs,2,4557,4559,SINOVILLE 4,TUT 3,191,230,0,0,10,0,0,0
5661,790,2024 Titans Second League,2024,32995,League,12/10/2024,20241012,IRENE VILLAGERS 3 won by 65 Runs,1,4554,4558,IRENE VILLAGERS 3,TUKS 5,225,270,3,1,9,27,1,0
5661,790,2024 Titans Second League,2024,32995,League,12/10/2024,20241012,IRENE VILLAGERS 3 won by 65 Runs,2,4558,4554,TUKS 5,IRENE VILLAGERS 3,160,200,5,0,10,10,2,0
5042,576,2023 Titans Second League,2023,32995,League,07/04/2024,20240407,Abandoned.,1,3302,3303,SINOVILLE 3,SINOVILLE 4,0,0,0,0,0,0,0,0
5042,576,2023 Titans Second League,2023,32995,League,07/04/2024,20240407,Abandoned.,2,3303,3302,SINOVILLE 4,SINOVILLE 3,0,0,0,0,0,0,0,0
5043,576,2023 Titans Second League,2023,32995,League,06/04/2024,20240406,SINOVILLE 4 won by 8 Wickets,1,3298,3303,CBCOB 3,SINOVILLE 4,131,174,0,0,10,0,0,0
5043,576,2023 Titans Second League,2023,32995,League,06/04/2024,20240406,SINOVILLE 4 won by 8 Wickets,2,3303,3298,SINOVILLE 4,CBCOB 3,133,96,0,0,2,0,0,0
4935,576,2023 Titans Second League,2023,32995,League,31/03/2024,20240331,SINOVILLE 4 won by 9 Wickets,1,3306,3303,HARLEQUINS 3,SINOVILLE 4,264,270,5,1,8,18,0,0
4935,576,2023 Titans Second League,2023,32995,League,31/03/2024,20240331,SINOVILLE 4 won by 9 Wickets,2,3303,3306,SINOVILLE 4,HARLEQUINS 3,265,131,0,0,1,16,1,0
4934,576,2023 Titans Second League,2023,32995,League,30/03/2024,20240330,HARLEQUINS 3 won by 100 Runs,1,3306,3307,HARLEQUINS 3,IRENE VILLAGERS 4,276,270,0,1,7,13,2,0
4934,576,2023 Titans Second League,2023,32995,League,30/03/2024,20240330,HARLEQUINS 3 won by 100 Runs,2,3307,3306,IRENE VILLAGERS 4,HARLEQUINS 3,176,204,1,2,10,24,1,0
4916,576,2023 Titans Second League,2023,32995,League,24/03/2024,20240324,PHSOB 3 won by 6 Wickets,1,3303,3300,SINOVILLE 4,PHSOB 3,162,180,0,2,10,22,0,0
4916,576,2023 Titans Second League,2023,32995,League,24/03/2024,20240324,PHSOB 3 won by 6 Wickets,2,3300,3303,PHSOB 3,SINOVILLE 4,164,99,0,5,4,15,0,0
4933,576,2023 Titans Second League,2023,32995,League,23/03/2024,20240323,Forfeited. Winner: CBCOB 3,1,3298,3302,CBCOB 3,SINOVILLE 3,0,0,0,0,0,0,0,0
4933,576,2023 Titans Second League,2023,32995,League,23/03/2024,20240323,Forfeited. Winner: CBCOB 3,2,3302,3298,SINOVILLE 3,CBCOB 3,0,0,0,0,0,0,0,0
4910,576,2023 Titans Second League,2023,32995,League,23/03/2024,20240323,IRENE VILLAGERS 3 won by 45 Runs,1,3299,3303,IRENE VILLAGERS 3,SINOVILLE 4,226,270,0,0,9,4,4,0
4910,576,2023 Titans Second League,2023,32995,League,23/03/2024,20240323,IRENE VILLAGERS 3 won by 45 Runs,2,3303,3299,SINOVILLE 4,IRENE VILLAGERS 3,181,270,0,4,9,21,1,0
4906,576,2023 Titans Second League,2023,32995,League,23/03/2024,20240323,TUKS 5 won by 2 Wickets,1,3300,3304,PHSOB 3,TUKS 5,103,220,2,1,10,4,0,0
4906,576,2023 Titans Second League,2023,32995,League,23/03/2024,20240323,TUKS 5 won by 2 Wickets,2,3304,3300,TUKS 5,PHSOB 3,105,138,0,3,8,5,0,0
4811,576,2023 Titans Second League,2023,32995,League,17/03/2024,20240317,SINOVILLE 4 won by 14 Runs,1,3303,3304,SINOVILLE 4,TUKS 5,297,270,1,0,6,7,0,0
4811,576,2023 Titans Second League,2023,32995,League,17/03/2024,20240317,SINOVILLE 4 won by 14 Runs,2,3304,3303,TUKS 5,SINOVILLE 4,283,247,7,1,10,29,1,0
4830,576,2023 Titans Second League,2023,32995,League,16/03/2024,20240316,HARLEQUINS 3 won by 2 Wickets,1,3302,3306,SINOVILLE 3,HARLEQUINS 3,121,208,0,0,10,0,0,0
4830,576,2023 Titans Second League,2023,32995,League,16/03/2024,20240316,HARLEQUINS 3 won by 2 Wickets,2,3306,3302,HARLEQUINS 3,SINOVILLE 3,122,188,0,0,8,0,0,0
4800,576,2023 Titans Second League,2023,32995,League,16/03/2024,20240316,IRENE VILLAGERS 3 won by 38 Runs,1,3299,3298,IRENE VILLAGERS 3,CBCOB 3,203,230,0,1,10,22,4,0
4800,576,2023 Titans Second League,2023,32995,League,16/03/2024,20240316,IRENE VILLAGERS 3 won by 38 Runs,2,3298,3299,CBCOB 3,IRENE VILLAGERS 3,165,230,4,0,10,14,1,0
4798,576,2023 Titans Second League,2023,32995,League,16/03/2024,20240316,IRENE VILLAGERS 4 won by 60 Runs,1,3307,3304,IRENE VILLAGERS 4,TUKS 5,203,268,1,0,10,37,0,0
4798,576,2023 Titans Second League,2023,32995,League,16/03/2024,20240316,IRENE VILLAGERS 4 won by 60 Runs,2,3304,3307,TUKS 5,IRENE VILLAGERS 4,143,192,0,0,10,17,0,0
5040,576,2023 Titans Second League,2023,32995,League,09/03/2024,20240309,Winner: IRENE VILLAGERS 4,1,3307,3303,IRENE VILLAGERS 4,SINOVILLE 4,0,0,0,0,0,0,0,0
5040,576,2023 Titans Second League,2023,32995,League,09/03/2024,20240309,Winner: IRENE VILLAGERS 4,2,3303,3307,SINOVILLE 4,IRENE VILLAGERS 4,0,0,0,0,0,0,0,0
4738,576,2023 Titans Second League,2023,32995,League,09/03/2024,20240309,HARLEQUINS 3 won by 6 Wickets,1,3305,3306,TUT 3,HARLEQUINS 3,219,240,0,0,6,0,0,0
4738,576,2023 Titans Second League,2023,32995,League,09/03/2024,20240309,HARLEQUINS 3 won by 6 Wickets,2,3306,3305,HARLEQUINS 3,TUT 3,221,216,0,0,4,0,0,0
4723,576,2023 Titans Second League,2023,32995,League,09/03/2024,20240309,IRENE VILLAGERS 3 won by 128 Runs,1,3299,3302,IRENE VILLAGERS 3,SINOVILLE 3,224,248,6,1,10,12,3,0
4723,576,2023 Titans Second League,2023,32995,League,09/03/2024,20240309,IRENE VILLAGERS 3 won by 128 Runs,2,3302,3299,SINOVILLE 3,IRENE VILLAGERS 3,96,133,0,1,10,10,2,0
4721,576,2023 Titans Second League,2023,32995,League,09/03/2024,20240309,PHSOB 3 won by 224 Runs,1,3300,3298,PHSOB 3,CBCOB 3,342,270,1,0,7,8,1,0
4721,576,2023 Titans Second League,2023,32995,League,09/03/2024,20240309,PHSOB 3 won by 224 Runs,2,3298,3300,CBCOB 3,PHSOB 3,118,167,0,5,10,15,1,0
5041,576,2023 Titans Second League,2023,32995,League,02/03/2024,20240302,Forfeited. Winner: TUT 3,1,3302,3305,SINOVILLE 3,TUT 3,0,0,0,0,0,0,0,0
5041,576,2023 Titans Second League,2023,32995,League,02/03/2024,20240302,Forfeited. Winner: TUT 3,2,3305,3302,TUT 3,SINOVILLE 3,0,0,0,0,0,0,0,0
4644,576,2023 Titans Second League,2023,32995,League,02/03/2024,20240302,IRENE VILLAGERS 3 won by 7 Wickets,1,3300,3299,PHSOB 3,IRENE VILLAGERS 3,133,153,1,3,10,16,4,0
4644,576,2023 Titans Second League,2023,32995,League,02/03/2024,20240302,IRENE VILLAGERS 3 won by 7 Wickets,2,3299,3300,IRENE VILLAGERS 3,PHSOB 3,139,105,0,0,3,10,1,0
4640,576,2023 Titans Second League,2023,32995,League,02/03/2024,20240302,CBCOB 3 won by 51 Runs,1,3298,3307,CBCOB 3,IRENE VILLAGERS 4,223,220,0,1,10,30,0,0
4640,576,2023 Titans Second League,2023,32995,League,02/03/2024,20240302,CBCOB 3 won by 51 Runs,2,3307,3298,IRENE VILLAGERS 4,CBCOB 3,172,213,2,1,10,22,1,0
4638,576,2023 Titans Second League,2023,32995,League,02/03/2024,20240302,HARLEQUINS 3 won by 4 Wickets,1,3304,3306,TUKS 5,HARLEQUINS 3,145,219,0,2,10,10,0,0
4638,576,2023 Titans Second League,2023,32995,League,02/03/2024,20240302,HARLEQUINS 3 won by 4 Wickets,2,3306,3304,HARLEQUINS 3,TUKS 5,146,159,0,1,6,7,0,0
4594,576,2023 Titans Second League,2023,32995,League,25/02/2024,20240225,PHSOB 3 won by 121 Runs,1,3300,3302,PHSOB 3,SINOVILLE 3,275,270,0,0,7,0,0,0
4594,576,2023 Titans Second League,2023,32995,League,25/02/2024,20240225,PHSOB 3 won by 121 Runs,2,3302,3300,SINOVILLE 3,PHSOB 3,154,210,0,0,10,0,0,0
4561,576,2023 Titans Second League,2023,32995,League,24/02/2024,20240224,IRENE VILLAGERS 3 won by 9 Wickets,1,3307,3299,IRENE VILLAGERS 4,IRENE VILLAGERS 3,80,152,1,1,10,12,1,0
4561,576,2023 Titans Second League,2023,32995,League,24/02/2024,20240224,IRENE VILLAGERS 3 won by 9 Wickets,2,3299,3307,IRENE VILLAGERS 3,IRENE VILLAGERS 4,81,67,0,1,1,12,0,0
4553,576,2023 Titans Second League,2023,32995,League,24/02/2024,20240224,TUKS 5 won by 4 Wickets,1,3305,3304,TUT 3,TUKS 5,243,270,1,1,8,14,2,0
4553,576,2023 Titans Second League,2023,32995,League,24/02/2024,20240224,TUKS 5 won by 4 Wickets,2,3304,3305,TUKS 5,TUT 3,244,259,2,4,6,14,0,0
4506,576,2023 Titans Second League,2023,32995,League,17/02/2024,20240217,HARLEQUINS 3 won by 54 Runs,1,3306,3298,HARLEQUINS 3,CBCOB 3,288,270,0,0,6,0,0,0
4506,576,2023 Titans Second League,2023,32995,League,17/02/2024,20240217,HARLEQUINS 3 won by 54 Runs,2,3298,3306,CBCOB 3,HARLEQUINS 3,234,270,0,0,9,0,0,0
4487,576,2023 Titans Second League,2023,32995,League,17/02/2024,20240217,PHSOB 3 won by 140 Runs,1,3300,3307,PHSOB 3,IRENE VILLAGERS 4,301,240,0,0,6,17,1,0
4487,576,2023 Titans Second League,2023,32995,League,17/02/2024,20240217,PHSOB 3 won by 140 Runs,2,3307,3300,IRENE VILLAGERS 4,PHSOB 3,161,168,0,0,10,22,2,0
4470,576,2023 Titans Second League,2023,32995,League,17/02/2024,20240217,SINOVILLE 3 won by 4 Wickets,1,3304,3302,TUKS 5,SINOVILLE 3,168,241,1,2,10,16,0,0
4470,576,2023 Titans Second League,2023,32995,League,17/02/2024,20240217,SINOVILLE 3 won by 4 Wickets,2,3302,3304,SINOVILLE 3,TUKS 5,173,238,3,3,6,15,0,0
4442,576,2023 Titans Second League,2023,32995,League,17/02/2024,20240217,Forfeited. Winner: TUT 3,1,3303,3305,SINOVILLE 4,TUT 3,0,0,0,0,0,0,0,0
4442,576,2023 Titans Second League,2023,32995,League,17/02/2024,20240217,Forfeited. Winner: TUT 3,2,3305,3303,TUT 3,SINOVILLE 4,0,0,0,0,0,0,0,0
4528,576,2023 Titans Second League,2023,32995,League,10/02/2024,20240210,CBCOB 3 won by 72 Runs,1,3298,3305,CBCOB 3,TUT 3,236,253,0,0,10,0,0,0
4528,576,2023 Titans Second League,2023,32995,League,10/02/2024,20240210,CBCOB 3 won by 72 Runs,2,3305,3298,TUT 3,CBCOB 3,164,239,0,0,10,0,0,0
4424,576,2023 Titans Second League,2023,32995,League,10/02/2024,20240210,Abandoned.,1,3306,3299,HARLEQUINS 3,IRENE VILLAGERS 3,0,0,0,0,0,0,0,0
4424,576,2023 Titans Second League,2023,32995,League,10/02/2024,20240210,Abandoned.,2,3299,3306,IRENE VILLAGERS 3,HARLEQUINS 3,0,0,0,0,0,0,0,0
4386,576,2023 Titans Second League,2023,32995,League,10/02/2024,20240210,IRENE VILLAGERS 4 won by 3 Wickets,1,3302,3307,SINOVILLE 3,IRENE VILLAGERS 4,162,266,2,0,10,11,1,0
4386,576,2023 Titans Second League,2023,32995,League,10/02/2024,20240210,IRENE VILLAGERS 4 won by 3 Wickets,2,3307,3302,IRENE VILLAGERS 4,SINOVILLE 3,163,199,0,1,7,13,0,0
4327,576,2023 Titans Second League,2023,32995,League,03/02/2024,20240203,PHSOB 3 won by 45 Runs (D/L),1,3300,3306,PHSOB 3,HARLEQUINS 3,411,270,0,0,5,0,0,0
4327,576,2023 Titans Second League,2023,32995,League,03/02/2024,20240203,PHSOB 3 won by 45 Runs (D/L),2,3306,3300,HARLEQUINS 3,PHSOB 3,309,222,0,0,6,0,0,0
4300,576,2023 Titans Second League,2023,32995,League,03/02/2024,20240203,TUT 3 won by 2 Wickets,1,3299,3305,IRENE VILLAGERS 3,TUT 3,244,270,0,3,8,45,0,0
4300,576,2023 Titans Second League,2023,32995,League,03/02/2024,20240203,TUT 3 won by 2 Wickets,2,3305,3299,TUT 3,IRENE VILLAGERS 3,245,261,9,1,8,25,0,0
4299,576,2023 Titans Second League,2023,32995,League,03/02/2024,20240203,TUKS 5 won by 5 Wickets,1,3298,3304,CBCOB 3,TUKS 5,202,259,0,1,10,26,1,0
4299,576,2023 Titans Second League,2023,32995,League,03/02/2024,20240203,TUKS 5 won by 5 Wickets,2,3304,3298,TUKS 5,CBCOB 3,206,247,0,2,5,13,1,0
4254,576,2023 Titans Second League,2023,32995,League,27/01/2024,20240127,TUT 3 won by 10 Wickets,1,3300,3305,PHSOB 3,TUT 3,118,200,0,0,10,0,0,0
4254,576,2023 Titans Second League,2023,32995,League,27/01/2024,20240127,TUT 3 won by 10 Wickets,2,3305,3300,TUT 3,PHSOB 3,121,106,0,0,0,0,0,0
4242,576,2023 Titans Second League,2023,32995,League,27/01/2024,20240127,Abandoned. Winner: IRENE VILLAGERS 3,1,3304,3299,TUKS 5,IRENE VILLAGERS 3,157,270,2,1,10,10,1,0
4242,576,2023 Titans Second League,2023,32995,League,27/01/2024,20240127,Abandoned. Winner: IRENE VILLAGERS 3,2,3299,3304,IRENE VILLAGERS 3,TUKS 5,136,176,0,0,6,6,0,0
4174,576,2023 Titans Second League,2023,32995,League,21/01/2024,20240121,PHSOB 3 won by 62 Runs,1,3300,3304,PHSOB 3,TUKS 5,226,270,0,0,10,19,0,0
4174,576,2023 Titans Second League,2023,32995,League,21/01/2024,20240121,PHSOB 3 won by 62 Runs,2,3304,3300,TUKS 5,PHSOB 3,164,254,0,4,10,2,0,0
4495,576,2023 Titans Second League,2023,32995,League,20/01/2024,20240120,Forfeited. Winner: IRENE VILLAGERS 3,1,3299,3303,IRENE VILLAGERS 3,SINOVILLE 4,0,0,0,0,0,0,0,0
4495,576,2023 Titans Second League,2023,32995,League,20/01/2024,20240120,Forfeited. Winner: IRENE VILLAGERS 3,2,3303,3299,SINOVILLE 4,IRENE VILLAGERS 3,0,0,0,0,0,0,0,0
4173,576,2023 Titans Second League,2023,32995,League,20/01/2024,20240120,SINOVILLE 3 won by 4 Wickets,1,3298,3302,CBCOB 3,SINOVILLE 3,141,102,0,0,6,16,0,0
4173,576,2023 Titans Second League,2023,32995,League,20/01/2024,20240120,SINOVILLE 3 won by 4 Wickets,2,3302,3298,SINOVILLE 3,CBCOB 3,144,102,0,3,6,14,0,0
4158,576,2023 Titans Second League,2023,32995,League,20/01/2024,20240120,TUT 3 won by 5 Wickets,1,3307,3305,IRENE VILLAGERS 4,TUT 3,125,162,0,2,10,27,1,0
4158,576,2023 Titans Second League,2023,32995,League,20/01/2024,20240120,TUT 3 won by 5 Wickets,2,3305,3307,TUT 3,IRENE VILLAGERS 4,129,147,0,1,5,8,3,0
4137,576,2023 Titans Second League,2023,32995,League,13/01/2024,20240113,Abandoned.,1,3306,3302,HARLEQUINS 3,SINOVILLE 3,0,0,0,0,0,0,0,0
4137,576,2023 Titans Second League,2023,32995,League,13/01/2024,20240113,Abandoned.,2,3302,3306,SINOVILLE 3,HARLEQUINS 3,0,0,0,0,0,0,0,0
4126,576,2023 Titans Second League,2023,32995,League,13/01/2024,20240113,Abandoned.,1,3299,3298,IRENE VILLAGERS 3,CBCOB 3,241,249,1,1,8,19,3,0
4126,576,2023 Titans Second League,2023,32995,League,13/01/2024,20240113,Abandoned.,2,3298,3299,CBCOB 3,IRENE VILLAGERS 3,0,0,0,0,0,0,0,0
4122,576,2023 Titans Second League,2023,32995,League,13/01/2024,20240113,Abandoned.,1,3304,3307,TUKS 5,IRENE VILLAGERS 4,320,270,0,3,7,24,4,0
4122,576,2023 Titans Second League,2023,32995,League,13/01/2024,20240113,Abandoned.,2,3307,3304,IRENE VILLAGERS 4,TUKS 5,50,96,0,0,5,4,0,0
4003,576,2023 Titans Second League,2023,32995,League,02/12/2023,20231202,SINOVILLE 3 won by 163 Runs,1,3302,3303,SINOVILLE 3,SINOVILLE 4,321,262,0,6,7,11,1,0
4003,576,2023 Titans Second League,2023,32995,League,02/12/2023,20231202,SINOVILLE 3 won by 163 Runs,2,3303,3302,SINOVILLE 4,SINOVILLE 3,158,161,3,1,10,5,0,0
3944,576,2023 Titans Second League,2023,32995,League,25/11/2023,20231125,HARLEQUINS 3 won by 3 Wickets,1,3305,3306,TUT 3,HARLEQUINS 3,213,252,0,0,10,0,0,0
3944,576,2023 Titans Second League,2023,32995,League,25/11/2023,20231125,HARLEQUINS 3 won by 3 Wickets,2,3306,3305,HARLEQUINS 3,TUT 3,214,182,0,0,7,0,0,0
3906,576,2023 Titans Second League,2023,32995,League,25/11/2023,20231125,SINOVILLE 3 won by 3 Runs,1,3302,3299,SINOVILLE 3,IRENE VILLAGERS 3,225,238,0,3,10,24,2,0
3906,576,2023 Titans Second League,2023,32995,League,25/11/2023,20231125,SINOVILLE 3 won by 3 Runs,2,3299,3302,IRENE VILLAGERS 3,SINOVILLE 3,222,245,6,0,10,29,3,0
3901,576,2023 Titans Second League,2023,32995,League,25/11/2023,20231125,PHSOB 3 won by 8 Wickets,1,3298,3300,CBCOB 3,PHSOB 3,159,203,7,0,10,16,0,0
3901,576,2023 Titans Second League,2023,32995,League,25/11/2023,20231125,PHSOB 3 won by 8 Wickets,2,3300,3298,PHSOB 3,CBCOB 3,161,159,0,0,2,30,1,0
3892,576,2023 Titans Second League,2023,32995,League,25/11/2023,20231125,SINOVILLE 4 won by 48 Runs,1,3303,3307,SINOVILLE 4,IRENE VILLAGERS 4,199,219,0,0,10,17,3,0
3892,576,2023 Titans Second League,2023,32995,League,25/11/2023,20231125,SINOVILLE 4 won by 48 Runs,2,3307,3303,IRENE VILLAGERS 4,SINOVILLE 4,151,229,0,0,10,31,0,0
3834,576,2023 Titans Second League,2023,32995,League,18/11/2023,20231118,TUT 3 won by 1 Run (D/L),1,3302,3305,SINOVILLE 3,TUT 3,183,216,0,0,10,0,0,0
3834,576,2023 Titans Second League,2023,32995,League,18/11/2023,20231118,TUT 3 won by 1 Run (D/L),2,3305,3302,TUT 3,SINOVILLE 3,112,120,0,0,6,0,0,0
3807,576,2023 Titans Second League,2023,32995,League,18/11/2023,20231118,Winner: TUKS 5,1,3306,3304,HARLEQUINS 3,TUKS 5,275,270,4,6,4,28,0,0
3807,576,2023 Titans Second League,2023,32995,League,18/11/2023,20231118,Winner: TUKS 5,2,3304,3306,TUKS 5,HARLEQUINS 3,215,186,0,3,4,28,0,0
3806,576,2023 Titans Second League,2023,32995,League,18/11/2023,20231118,CBCOB 3 won by 33 Runs,1,3298,3307,CBCOB 3,IRENE VILLAGERS 4,161,165,0,3,10,11,0,0
3806,576,2023 Titans Second League,2023,32995,League,18/11/2023,20231118,CBCOB 3 won by 33 Runs,2,3307,3298,IRENE VILLAGERS 4,CBCOB 3,128,207,0,1,9,23,1,0
3795,576,2023 Titans Second League,2023,32995,League,18/11/2023,20231118,IRENE VILLAGERS 3 won by 7 Wickets (D/L),1,3300,3299,PHSOB 3,IRENE VILLAGERS 3,237,264,7,0,8,25,0,0
3795,576,2023 Titans Second League,2023,32995,League,18/11/2023,20231118,IRENE VILLAGERS 3 won by 7 Wickets (D/L),2,3299,3300,IRENE VILLAGERS 3,PHSOB 3,142,132,1,2,3,9,1,0
3746,576,2023 Titans Second League,2023,32995,League,11/11/2023,20231111,HARLEQUINS 3 won by 157 Runs,1,3306,3303,HARLEQUINS 3,SINOVILLE 4,264,239,0,0,10,0,0,0
3746,576,2023 Titans Second League,2023,32995,League,11/11/2023,20231111,HARLEQUINS 3 won by 157 Runs,2,3303,3306,SINOVILLE 4,HARLEQUINS 3,107,141,0,0,10,0,0,0
3691,576,2023 Titans Second League,2023,32995,League,11/11/2023,20231111,TUKS 5 won by 8 Wickets,1,3305,3304,TUT 3,TUKS 5,135,221,0,0,10,18,1,0
3691,576,2023 Titans Second League,2023,32995,League,11/11/2023,20231111,TUKS 5 won by 8 Wickets,2,3304,3305,TUKS 5,TUT 3,136,116,0,2,2,7,1,0
3689,576,2023 Titans Second League,2023,32995,League,11/11/2023,20231111,PHSOB 3 won by 121 Runs,1,3300,3302,PHSOB 3,SINOVILLE 3,306,262,13,0,10,14,3,0
3689,576,2023 Titans Second League,2023,32995,League,11/11/2023,20231111,PHSOB 3 won by 121 Runs,2,3302,3300,SINOVILLE 3,PHSOB 3,185,146,12,9,10,9,0,0
3683,576,2023 Titans Second League,2023,32995,League,11/11/2023,20231111,IRENE VILLAGERS 3 won by 4 Wickets,1,3307,3299,IRENE VILLAGERS 4,IRENE VILLAGERS 3,201,234,1,1,10,18,0,0
3683,576,2023 Titans Second League,2023,32995,League,11/11/2023,20231111,IRENE VILLAGERS 3 won by 4 Wickets,2,3299,3307,IRENE VILLAGERS 3,IRENE VILLAGERS 4,202,203,1,9,6,15,0,0
3625,576,2023 Titans Second League,2023,32995,League,04/11/2023,20231104,IRENE VILLAGERS 4 won by 80 Runs,1,3307,3300,IRENE VILLAGERS 4,PHSOB 3,339,270,0,0,8,0,0,0
3625,576,2023 Titans Second League,2023,32995,League,04/11/2023,20231104,IRENE VILLAGERS 4 won by 80 Runs,2,3300,3307,PHSOB 3,IRENE VILLAGERS 4,259,229,0,0,10,0,0,0
3620,576,2023 Titans Second League,2023,32995,League,04/11/2023,20231104,CBCOB 3 won by 19 Runs,1,3298,3306,CBCOB 3,HARLEQUINS 3,218,270,0,0,9,0,0,0
3620,576,2023 Titans Second League,2023,32995,League,04/11/2023,20231104,CBCOB 3 won by 19 Runs,2,3306,3298,HARLEQUINS 3,CBCOB 3,199,236,0,0,10,0,0,0
3604,576,2023 Titans Second League,2023,32995,League,04/11/2023,20231104,TUT 3 won by 6 Wickets,1,3303,3305,SINOVILLE 4,TUT 3,225,270,0,0,9,0,0,0
3604,576,2023 Titans Second League,2023,32995,League,04/11/2023,20231104,TUT 3 won by 6 Wickets,2,3305,3303,TUT 3,SINOVILLE 4,226,111,0,0,4,0,0,0
3581,576,2023 Titans Second League,2023,32995,League,04/11/2023,20231104,SINOVILLE 3 won by 7 Runs,1,3302,3304,SINOVILLE 3,TUKS 5,159,181,0,0,10,13,0,0
3581,576,2023 Titans Second League,2023,32995,League,04/11/2023,20231104,SINOVILLE 3 won by 7 Runs,2,3304,3302,TUKS 5,SINOVILLE 3,152,203,0,0,10,11,1,0
3428,576,2023 Titans Second League,2023,32995,League,28/10/2023,20231028,HARLEQUINS 3 won by 3 Wickets,1,3299,3306,IRENE VILLAGERS 3,HARLEQUINS 3,154,185,1,3,10,11,3,0
3428,576,2023 Titans Second League,2023,32995,League,28/10/2023,20231028,HARLEQUINS 3 won by 3 Wickets,2,3306,3299,HARLEQUINS 3,IRENE VILLAGERS 3,155,195,4,3,7,16,1,0
3426,576,2023 Titans Second League,2023,32995,League,28/10/2023,20231028,SINOVILLE 3 won by 4 Wickets,1,3307,3302,IRENE VILLAGERS 4,SINOVILLE 3,210,240,2,1,8,15,2,0
3426,576,2023 Titans Second League,2023,32995,League,28/10/2023,20231028,SINOVILLE 3 won by 4 Wickets,2,3302,3307,SINOVILLE 3,IRENE VILLAGERS 4,211,145,0,1,6,21,1,0
3425,576,2023 Titans Second League,2023,32995,League,28/10/2023,20231028,SINOVILLE 4 won by 112 Runs,1,3303,3304,SINOVILLE 4,TUKS 5,270,252,1,0,9,8,0,0
3425,576,2023 Titans Second League,2023,32995,League,28/10/2023,20231028,SINOVILLE 4 won by 112 Runs,2,3304,3303,TUKS 5,SINOVILLE 4,158,168,0,0,10,18,2,0
3327,576,2023 Titans Second League,2023,32995,League,21/10/2023,20231021,PHSOB 3 won by 88 Runs,1,3300,3306,PHSOB 3,HARLEQUINS 3,296,270,0,0,9,0,0,0
3327,576,2023 Titans Second League,2023,32995,League,21/10/2023,20231021,PHSOB 3 won by 88 Runs,2,3306,3300,HARLEQUINS 3,PHSOB 3,208,270,0,0,10,0,0,0
3281,576,2023 Titans Second League,2023,32995,League,21/10/2023,20231021,IRENE VILLAGERS 3 won by 50 Runs,1,3299,3305,IRENE VILLAGERS 3,TUT 3,195,229,0,0,10,19,0,0
3281,576,2023 Titans Second League,2023,32995,League,21/10/2023,20231021,IRENE VILLAGERS 3 won by 50 Runs,2,3305,3299,TUT 3,IRENE VILLAGERS 3,145,193,2,8,10,19,1,0
3278,576,2023 Titans Second League,2023,32995,League,21/10/2023,20231021,CBCOB 3 won by 8 Wickets,1,3304,3298,TUKS 5,CBCOB 3,193,250,3,2,10,16,0,0
3278,576,2023 Titans Second League,2023,32995,League,21/10/2023,20231021,CBCOB 3 won by 8 Wickets,2,3298,3304,CBCOB 3,TUKS 5,197,218,1,3,2,17,0,0
3210,576,2023 Titans Second League,2023,32995,League,14/10/2023,20231014,SINOVILLE 4 won by 34 Runs,1,3303,3298,SINOVILLE 4,CBCOB 3,283,270,0,0,9,0,0,0
3210,576,2023 Titans Second League,2023,32995,League,14/10/2023,20231014,SINOVILLE 4 won by 34 Runs,2,3298,3303,CBCOB 3,SINOVILLE 4,249,264,0,0,10,0,0,0
3202,576,2023 Titans Second League,2023,32995,League,14/10/2023,20231014,HARLEQUINS 3 won by 67 Runs,1,3306,3307,HARLEQUINS 3,IRENE VILLAGERS 4,252,240,0,0,7,0,0,0
3202,576,2023 Titans Second League,2023,32995,League,14/10/2023,20231014,HARLEQUINS 3 won by 67 Runs,2,3307,3306,IRENE VILLAGERS 4,HARLEQUINS 3,185,214,0,0,10,0,0,0
3157,576,2023 Titans Second League,2023,32995,League,14/10/2023,20231014,IRENE VILLAGERS 3 won by 4 Wickets,1,3304,3299,TUKS 5,IRENE VILLAGERS 3,91,113,0,3,10,16,0,0
3157,576,2023 Titans Second League,2023,32995,League,14/10/2023,20231014,IRENE VILLAGERS 3 won by 4 Wickets,2,3299,3304,IRENE VILLAGERS 3,TUKS 5,95,94,2,1,6,8,0,0
3155,576,2023 Titans Second League,2023,32995,League,14/10/2023,20231014,TUT 3 won by 4 Wickets,1,3300,3305,PHSOB 3,TUT 3,145,236,4,6,10,17,3,0
3155,576,2023 Titans Second League,2023,32995,League,14/10/2023,20231014,TUT 3 won by 4 Wickets,2,3305,3300,TUT 3,PHSOB 3,147,146,4,0,6,9,0,0
2327,18,Titans Second League,unknown,32995,League,25/03/2023,20230325,Abandoned.,1,1195,1861,IRENE VILLAGERS 3,TUKS 6,0,0,0,0,0,0,0,0
2327,18,Titans Second League,unknown,32995,League,25/03/2023,20230325,Abandoned.,2,1861,1195,TUKS 6,IRENE VILLAGERS 3,0,0,0,0,0,0,0,0
2320,18,Titans Second League,unknown,32995,League,25/03/2023,20230325,Abandoned.,1,1196,1197,CBCOB 3,TUT 3,40,24,0,1,1,6,0,0
2320,18,Titans Second League,unknown,32995,League,25/03/2023,20230325,Abandoned.,2,1197,1196,TUT 3,CBCOB 3,0,0,0,0,0,0,0,0
2313,18,Titans Second League,unknown,32995,League,25/03/2023,20230325,Abandoned.,1,1194,1200,SINOVILLE 3,SINOVILLE 4,0,0,0,0,0,0,0,0
2313,18,Titans Second League,unknown,32995,League,25/03/2023,20230325,Abandoned.,2,1200,1194,SINOVILLE 4,SINOVILLE 3,0,0,0,0,0,0,0,0
2250,18,Titans Second League,unknown,32995,League,25/03/2023,20230325,Forfeited. Winner: PHSOB 3,1,1193,1201,PHSOB 3,POLICE 3,0,120,0,0,0,0,0,0
2250,18,Titans Second League,unknown,32995,League,25/03/2023,20230325,Forfeited. Winner: PHSOB 3,2,1201,1193,POLICE 3,PHSOB 3,0,120,0,0,0,0,0,0
2132,18,Titans Second League,unknown,32995,League,25/03/2023,20230325,Forfeited. Winner: TUKS 5,1,1860,1192,TUKS 5,REFILWE 1,0,0,0,0,0,0,0,0
2132,18,Titans Second League,unknown,32995,League,25/03/2023,20230325,Forfeited. Winner: TUKS 5,2,1192,1860,REFILWE 1,TUKS 5,0,0,0,0,0,0,0,0
2364,18,Titans Second League,unknown,32995,League,18/03/2023,20230318,Abandoned.,1,1192,1200,REFILWE 1,SINOVILLE 4,0,0,0,0,0,0,0,0
2364,18,Titans Second League,unknown,32995,League,18/03/2023,20230318,Abandoned.,2,1200,1192,SINOVILLE 4,REFILWE 1,0,0,0,0,0,0,0,0
2363,18,Titans Second League,unknown,32995,League,18/03/2023,20230318,Abandoned.,1,1195,1201,IRENE VILLAGERS 3,POLICE 3,0,0,0,0,0,0,0,0
2363,18,Titans Second League,unknown,32995,League,18/03/2023,20230318,Abandoned.,2,1201,1195,POLICE 3,IRENE VILLAGERS 3,0,0,0,0,0,0,0,0
2230,18,Titans Second League,unknown,32995,League,18/03/2023,20230318,SINOVILLE 3 won by 10 Wickets,1,1861,1194,TUKS 6,SINOVILLE 3,24,57,0,1,6,3,0,0
2230,18,Titans Second League,unknown,32995,League,18/03/2023,20230318,SINOVILLE 3 won by 10 Wickets,2,1194,1861,SINOVILLE 3,TUKS 6,26,19,0,0,0,3,1,0
2226,18,Titans Second League,unknown,32995,League,18/03/2023,20230318,TUT 3 won by 7 Wickets,1,1860,1197,TUKS 5,TUT 3,119,120,0,2,6,7,0,0
2226,18,Titans Second League,unknown,32995,League,18/03/2023,20230318,TUT 3 won by 7 Wickets,2,1197,1860,TUT 3,TUKS 5,125,105,0,1,3,6,0,0
2224,18,Titans Second League,unknown,32995,League,18/03/2023,20230318,PHSOB 3 won by 60 Runs,1,1193,1196,PHSOB 3,CBCOB 3,191,120,0,1,5,18,0,0
2224,18,Titans Second League,unknown,32995,League,18/03/2023,20230318,PHSOB 3 won by 60 Runs,2,1196,1193,CBCOB 3,PHSOB 3,131,109,0,3,10,4,0,0
2133,18,Titans Second League,unknown,32995,League,11/03/2023,20230311,Forfeited. Winner: TUKS 6,1,1861,1192,TUKS 6,REFILWE 1,0,0,0,0,0,0,0,0
2133,18,Titans Second League,unknown,32995,League,11/03/2023,20230311,Forfeited. Winner: TUKS 6,2,1192,1861,REFILWE 1,TUKS 6,0,0,0,0,0,0,0,0
2104,18,Titans Second League,unknown,32995,League,11/03/2023,20230311,SINOVILLE 4 won by 9 Wickets,1,1197,1200,TUT 3,SINOVILLE 4,105,120,2,0,8,10,2,0
2104,18,Titans Second League,unknown,32995,League,11/03/2023,20230311,SINOVILLE 4 won by 9 Wickets,2,1200,1197,SINOVILLE 4,TUT 3,106,79,3,0,1,1,1,0
2101,18,Titans Second League,unknown,32995,League,11/03/2023,20230311,PHSOB 3 won by 5 Wickets,1,1195,1193,IRENE VILLAGERS 3,PHSOB 3,98,120,3,0,4,6,0,0
2101,18,Titans Second League,unknown,32995,League,11/03/2023,20230311,PHSOB 3 won by 5 Wickets,2,1193,1195,PHSOB 3,IRENE VILLAGERS 3,101,114,0,1,5,4,0,0
2099,18,Titans Second League,unknown,32995,League,11/03/2023,20230311,CBCOB 3 won by 9 Wickets,1,1860,1196,TUKS 5,CBCOB 3,120,120,5,0,8,7,0,0
2099,18,Titans Second League,unknown,32995,League,11/03/2023,20230311,CBCOB 3 won by 9 Wickets,2,1196,1860,CBCOB 3,TUKS 5,121,80,7,1,1,2,0,0
2077,18,Titans Second League,unknown,32995,League,11/03/2023,20230311,Forfeited. Winner: SINOVILLE 3,1,1201,1194,POLICE 3,SINOVILLE 3,0,0,0,0,0,0,0,0
2077,18,Titans Second League,unknown,32995,League,11/03/2023,20230311,Forfeited. Winner: SINOVILLE 3,2,1194,1201,SINOVILLE 3,POLICE 3,0,0,0,0,0,0,0,0
2009,18,Titans Second League,unknown,32995,League,05/03/2023,20230305,PHSOB 3 won by 11 Runs,1,1193,1194,PHSOB 3,SINOVILLE 3,135,120,1,1,6,9,3,0
2009,18,Titans Second League,unknown,32995,League,05/03/2023,20230305,PHSOB 3 won by 11 Runs,2,1194,1193,SINOVILLE 3,PHSOB 3,124,120,2,2,8,6,0,0
2365,18,Titans Second League,unknown,32995,League,04/03/2023,20230304,Abandoned.,1,1192,1201,REFILWE 1,POLICE 3,0,0,0,0,0,0,0,0
2365,18,Titans Second League,unknown,32995,League,04/03/2023,20230304,Abandoned.,2,1201,1192,POLICE 3,REFILWE 1,0,0,0,0,0,0,0,0
2028,18,Titans Second League,unknown,32995,League,04/03/2023,20230304,TUT 3 won by 8 Wickets,1,1861,1197,TUKS 6,TUT 3,88,111,0,0,10,0,0,0
2028,18,Titans Second League,unknown,32995,League,04/03/2023,20230304,TUT 3 won by 8 Wickets,2,1197,1861,TUT 3,TUKS 6,89,96,0,0,2,0,0,0
1998,18,Titans Second League,unknown,32995,League,04/03/2023,20230304,CBCOB 3 won by 9 Wickets,1,1195,1196,IRENE VILLAGERS 3,CBCOB 3,107,120,3,1,5,15,1,0
1998,18,Titans Second League,unknown,32995,League,04/03/2023,20230304,CBCOB 3 won by 9 Wickets,2,1196,1195,CBCOB 3,IRENE VILLAGERS 3,109,100,0,0,1,12,0,0
1986,18,Titans Second League,unknown,32995,League,04/03/2023,20230304,TUKS 5 won by 53 Runs,1,1860,1200,TUKS 5,SINOVILLE 4,178,121,2,2,5,17,3,0
1986,18,Titans Second League,unknown,32995,League,04/03/2023,20230304,TUKS 5 won by 53 Runs,2,1200,1860,SINOVILLE 4,TUKS 5,125,120,0,0,4,17,0,0
2366,18,Titans Second League,unknown,32995,League,25/02/2023,20230225,Abandoned.,1,1194,1195,SINOVILLE 3,IRENE VILLAGERS 3,0,0,0,0,0,0,0,0
2366,18,Titans Second League,unknown,32995,League,25/02/2023,20230225,Abandoned.,2,1195,1194,IRENE VILLAGERS 3,SINOVILLE 3,0,0,0,0,0,0,0,0
1914,18,Titans Second League,unknown,32995,League,25/02/2023,20230225,TUKS 6 won by 4 Wickets,1,1860,1861,TUKS 5,TUKS 6,175,120,7,1,5,11,1,0
1914,18,Titans Second League,unknown,32995,League,25/02/2023,20230225,TUKS 6 won by 4 Wickets,2,1861,1860,TUKS 6,TUKS 5,177,119,4,0,6,13,1,0
1910,18,Titans Second League,unknown,32995,League,25/02/2023,20230225,CBCOB 3 won by 9 Wickets,1,1200,1196,SINOVILLE 4,CBCOB 3,124,120,4,0,8,6,0,0
1910,18,Titans Second League,unknown,32995,League,25/02/2023,20230225,CBCOB 3 won by 9 Wickets,2,1196,1200,CBCOB 3,SINOVILLE 4,125,74,0,1,1,4,0,0
1893,18,Titans Second League,unknown,32995,League,25/02/2023,20230225,Forfeited. Winner: TUT 3,1,1197,1201,TUT 3,POLICE 3,0,0,0,0,0,0,0,0
1893,18,Titans Second League,unknown,32995,League,25/02/2023,20230225,Forfeited. Winner: TUT 3,2,1201,1197,POLICE 3,TUT 3,0,0,0,0,0,0,0,0
1881,18,Titans Second League,unknown,32995,League,25/02/2023,20230225,Forfeited. Winner: PHSOB 3,1,1192,1193,REFILWE 1,PHSOB 3,0,120,0,0,0,0,0,0
1881,18,Titans Second League,unknown,32995,League,25/02/2023,20230225,Forfeited. Winner: PHSOB 3,2,1193,1192,PHSOB 3,REFILWE 1,0,120,0,0,0,0,0,0
1873,18,Titans Second League,unknown,32995,League,19/02/2023,20230219,PHSOB 3 won by 30 Runs,1,1193,1197,PHSOB 3,TUT 3,148,120,0,0,4,0,0,0
1873,18,Titans Second League,unknown,32995,League,19/02/2023,20230219,PHSOB 3 won by 30 Runs,2,1197,1193,TUT 3,PHSOB 3,118,120,0,0,7,0,0,0
1861,18,Titans Second League,unknown,32995,League,19/02/2023,20230219,CBCOB 3 won by 4 Wickets,1,1194,1196,SINOVILLE 3,CBCOB 3,116,106,0,2,10,10,0,0
1861,18,Titans Second League,unknown,32995,League,19/02/2023,20230219,CBCOB 3 won by 4 Wickets,2,1196,1194,CBCOB 3,SINOVILLE 3,117,111,0,2,6,3,3,0
2367,18,Titans Second League,unknown,32995,League,18/02/2023,20230218,Abandoned.,1,1195,1192,IRENE VILLAGERS 3,REFILWE 1,0,0,0,0,0,0,0,0
2367,18,Titans Second League,unknown,32995,League,18/02/2023,20230218,Abandoned.,2,1192,1195,REFILWE 1,IRENE VILLAGERS 3,0,0,0,0,0,0,0,0
2131,18,Titans Second League,unknown,32995,League,18/02/2023,20230218,Forfeited. Winner: TUKS 5,1,1201,1860,POLICE 3,TUKS 5,0,0,0,0,0,0,0,0
2131,18,Titans Second League,unknown,32995,League,18/02/2023,20230218,Forfeited. Winner: TUKS 5,2,1860,1201,TUKS 5,POLICE 3,0,0,0,0,0,0,0,0
1839,18,Titans Second League,unknown,32995,League,18/02/2023,20230218,SINOVILLE 4 won by 10 Wickets,1,1861,1200,TUKS 6,SINOVILLE 4,106,120,1,0,9,2,1,0
1839,18,Titans Second League,unknown,32995,League,18/02/2023,20230218,SINOVILLE 4 won by 10 Wickets,2,1200,1861,SINOVILLE 4,TUKS 6,107,40,0,2,0,9,2,0
1734,18,Titans Second League,unknown,32995,League,12/02/2023,20230212,Abandoned.,1,1193,1860,PHSOB 3,TUKS 5,0,120,0,0,0,0,0,0
1734,18,Titans Second League,unknown,32995,League,12/02/2023,20230212,Abandoned.,2,1860,1193,TUKS 5,PHSOB 3,0,120,0,0,0,0,0,0
1757,18,Titans Second League,unknown,32995,League,11/02/2023,20230211,Abandoned.,1,1861,1196,TUKS 6,CBCOB 3,0,120,0,0,0,0,0,0
1757,18,Titans Second League,unknown,32995,League,11/02/2023,20230211,Abandoned.,2,1196,1861,CBCOB 3,TUKS 6,0,120,0,0,0,0,0,0
1738,18,Titans Second League,unknown,32995,League,11/02/2023,20230211,Abandoned.,1,1197,1195,TUT 3,IRENE VILLAGERS 3,0,0,0,0,0,0,0,0
1738,18,Titans Second League,unknown,32995,League,11/02/2023,20230211,Abandoned.,2,1195,1197,IRENE VILLAGERS 3,TUT 3,0,0,0,0,0,0,0,0
1699,18,Titans Second League,unknown,32995,League,11/02/2023,20230211,Abandoned.,1,1200,1201,SINOVILLE 4,POLICE 3,0,0,0,0,0,0,0,0
1699,18,Titans Second League,unknown,32995,League,11/02/2023,20230211,Abandoned.,2,1201,1200,POLICE 3,SINOVILLE 4,0,0,0,0,0,0,0,0
1689,18,Titans Second League,unknown,32995,League,11/02/2023,20230211,Forfeited. Winner: SINOVILLE 3,1,1192,1194,REFILWE 1,SINOVILLE 3,0,0,0,0,0,0,0,0
1689,18,Titans Second League,unknown,32995,League,11/02/2023,20230211,Forfeited. Winner: SINOVILLE 3,2,1194,1192,SINOVILLE 3,REFILWE 1,0,0,0,0,0,0,0,0
1651,18,Titans Second League,unknown,32995,League,05/02/2023,20230205,SINOVILLE 4 won by 3 Runs,1,1200,1193,SINOVILLE 4,PHSOB 3,164,120,2,1,6,8,0,0
1651,18,Titans Second League,unknown,32995,League,05/02/2023,20230205,SINOVILLE 4 won by 3 Runs,2,1193,1200,PHSOB 3,SINOVILLE 4,161,120,0,0,7,5,0,0
1758,18,Titans Second League,unknown,32995,League,04/02/2023,20230204,Abandoned.,1,1201,1861,POLICE 3,TUKS 6,0,120,0,0,0,0,0,0
1758,18,Titans Second League,unknown,32995,League,04/02/2023,20230204,Abandoned.,2,1861,1201,TUKS 6,POLICE 3,0,120,0,0,0,0,0,0
1646,18,Titans Second League,unknown,32995,League,04/02/2023,20230204,Forfeited. Winner: CBCOB 3,1,1196,1192,CBCOB 3,REFILWE 1,0,0,0,0,0,0,0,0
1646,18,Titans Second League,unknown,32995,League,04/02/2023,20230204,Forfeited. Winner: CBCOB 3,2,1192,1196,REFILWE 1,CBCOB 3,0,0,0,0,0,0,0,0
1644,18,Titans Second League,unknown,32995,League,04/02/2023,20230204,Forfeited. Winner: TUT 3,1,1197,1194,TUT 3,SINOVILLE 3,0,0,0,0,0,0,0,0
1644,18,Titans Second League,unknown,32995,League,04/02/2023,20230204,Forfeited. Winner: TUT 3,2,1194,1197,SINOVILLE 3,TUT 3,0,0,0,0,0,0,0,0
1624,18,Titans Second League,unknown,32995,League,04/02/2023,20230204,IRENE VILLAGERS 3 won by 81 Runs,1,1195,1860,IRENE VILLAGERS 3,TUKS 5,144,120,0,0,7,5,0,0
1624,18,Titans Second League,unknown,32995,League,04/02/2023,20230204,IRENE VILLAGERS 3 won by 81 Runs,2,1860,1195,TUKS 5,IRENE VILLAGERS 3,63,95,2,1,10,2,1,0
2025,18,Titans Second League,unknown,32995,League,28/01/2023,20230128,Forfeited. Winner: CBCOB 3,1,1201,1196,POLICE 3,CBCOB 3,0,0,0,0,0,0,0,0
2025,18,Titans Second League,unknown,32995,League,28/01/2023,20230128,Forfeited. Winner: CBCOB 3,2,1196,1201,CBCOB 3,POLICE 3,0,0,0,0,0,0,0,0
1530,18,Titans Second League,unknown,32995,League,28/01/2023,20230128,SINOVILLE 3 won by 6 Wickets,1,1860,1194,TUKS 5,SINOVILLE 3,137,120,0,0,8,15,0,0
1530,18,Titans Second League,unknown,32995,League,28/01/2023,20230128,SINOVILLE 3 won by 6 Wickets,2,1194,1860,SINOVILLE 3,TUKS 5,138,101,0,2,4,7,0,0
1528,18,Titans Second League,unknown,32995,League,28/01/2023,20230128,PHSOB 3 won by 7 Wickets,1,1861,1193,TUKS 6,PHSOB 3,131,120,0,1,8,19,2,0
1528,18,Titans Second League,unknown,32995,League,28/01/2023,20230128,PHSOB 3 won by 7 Wickets,2,1193,1861,PHSOB 3,TUKS 6,136,111,0,2,3,9,1,0
1527,18,Titans Second League,unknown,32995,League,28/01/2023,20230128,SINOVILLE 4 won by 64 Runs,1,1200,1195,SINOVILLE 4,IRENE VILLAGERS 3,228,120,0,2,2,9,0,0
1527,18,Titans Second League,unknown,32995,League,28/01/2023,20230128,SINOVILLE 4 won by 64 Runs,2,1195,1200,IRENE VILLAGERS 3,SINOVILLE 4,164,120,4,3,7,15,0,0
1496,18,Titans Second League,unknown,32995,League,28/01/2023,20230128,Forfeited. Winner: TUT 3,1,1197,1192,TUT 3,REFILWE 1,0,0,0,0,0,0,0,0
1496,18,Titans Second League,unknown,32995,League,28/01/2023,20230128,Forfeited. Winner: TUT 3,2,1192,1197,REFILWE 1,TUT 3,0,0,0,0,0,0,0,0
1690,18,Titans Second League,unknown,32995,League,22/01/2023,20230122,Winner: SINOVILLE 4,1,1194,1200,SINOVILLE 3,SINOVILLE 4,189,174,0,0,10,0,0,0
1690,18,Titans Second League,unknown,32995,League,22/01/2023,20230122,Winner: SINOVILLE 4,2,1200,1194,SINOVILLE 4,SINOVILLE 3,199,146,0,0,10,0,0,0
1760,18,Titans Second League,unknown,32995,League,21/01/2023,20230121,Abandoned.,1,1192,1860,REFILWE 1,TUKS 5,0,120,0,0,0,0,0,0
1760,18,Titans Second League,unknown,32995,League,21/01/2023,20230121,Abandoned.,2,1860,1192,TUKS 5,REFILWE 1,0,120,0,0,0,0,0,0
1436,18,Titans Second League,unknown,32995,League,21/01/2023,20230121,TUT 3 won by 2 Wickets,1,1196,1197,CBCOB 3,TUT 3,184,255,0,0,10,0,0,0
1436,18,Titans Second League,unknown,32995,League,21/01/2023,20230121,TUT 3 won by 2 Wickets,2,1197,1196,TUT 3,CBCOB 3,185,261,0,0,8,0,0,0
1429,18,Titans Second League,unknown,32995,League,21/01/2023,20230121,IRENE VILLAGERS 3 won by 70 Runs,1,1195,1861,IRENE VILLAGERS 3,TUKS 6,231,259,0,0,10,33,0,0
1429,18,Titans Second League,unknown,32995,League,21/01/2023,20230121,IRENE VILLAGERS 3 won by 70 Runs,2,1861,1195,TUKS 6,IRENE VILLAGERS 3,161,168,0,0,9,4,0,0
1405,18,Titans Second League,unknown,32995,League,21/01/2023,20230121,Forfeited. Winner: PHSOB 3,1,1201,1193,POLICE 3,PHSOB 3,0,270,0,0,0,0,0,0
1405,18,Titans Second League,unknown,32995,League,21/01/2023,20230121,Forfeited. Winner: PHSOB 3,2,1193,1201,PHSOB 3,POLICE 3,0,270,0,0,0,0,0,0
1761,18,Titans Second League,unknown,32995,League,15/01/2023,20230115,Forfeited. Winner: SINOVILLE 3,1,1194,1861,SINOVILLE 3,TUKS 6,0,120,0,0,0,0,0,0
1761,18,Titans Second League,unknown,32995,League,15/01/2023,20230115,Forfeited. Winner: SINOVILLE 3,2,1861,1194,TUKS 6,SINOVILLE 3,0,120,0,0,0,0,0,0
1763,18,Titans Second League,unknown,32995,League,14/01/2023,20230114,Abandoned. Winner: SINOVILLE 4,1,1200,1192,SINOVILLE 4,REFILWE 1,0,120,0,0,0,0,0,0
1763,18,Titans Second League,unknown,32995,League,14/01/2023,20230114,Abandoned. Winner: SINOVILLE 4,2,1192,1200,REFILWE 1,SINOVILLE 4,0,120,0,0,0,0,0,0
1762,18,Titans Second League,unknown,32995,League,14/01/2023,20230114,Abandoned.,1,1201,1195,POLICE 3,IRENE VILLAGERS 3,0,120,0,0,0,0,0,0
1762,18,Titans Second League,unknown,32995,League,14/01/2023,20230114,Abandoned.,2,1195,1201,IRENE VILLAGERS 3,POLICE 3,0,120,0,0,0,0,0,0
1360,18,Titans Second League,unknown,32995,League,14/01/2023,20230114,TUKS 5 won by 2 Wickets,1,1197,1860,TUT 3,TUKS 5,158,270,0,0,9,18,0,0
1360,18,Titans Second League,unknown,32995,League,14/01/2023,20230114,TUKS 5 won by 2 Wickets,2,1860,1197,TUKS 5,TUT 3,159,207,0,3,8,36,1,0
1351,18,Titans Second League,unknown,32995,League,14/01/2023,20230114,CBCOB 3 won by 6 Wickets,1,1193,1196,PHSOB 3,CBCOB 3,99,195,6,2,10,9,2,0
1351,18,Titans Second League,unknown,32995,League,14/01/2023,20230114,CBCOB 3 won by 6 Wickets,2,1196,1193,CBCOB 3,PHSOB 3,100,97,2,1,4,16,0,0
1159,18,Titans Second League,unknown,32995,League,27/11/2022,20221127,PHSOB 3 won by 142 Runs,1,1193,1195,PHSOB 3,IRENE VILLAGERS 3,251,214,0,0,10,7,1,0
1159,18,Titans Second League,unknown,32995,League,27/11/2022,20221127,PHSOB 3 won by 142 Runs,2,1195,1193,IRENE VILLAGERS 3,PHSOB 3,109,144,0,0,10,11,0,0
1765,18,Titans Second League,unknown,32995,League,26/11/2022,20221126,Abandoned.,1,1192,1861,REFILWE 1,TUKS 6,0,120,0,0,0,0,0,0
1765,18,Titans Second League,unknown,32995,League,26/11/2022,20221126,Abandoned.,2,1861,1192,TUKS 6,REFILWE 1,0,120,0,0,0,0,0,0
1764,18,Titans Second League,unknown,32995,League,26/11/2022,20221126,Winner: SINOVILLE 3,1,1194,1201,SINOVILLE 3,POLICE 3,0,120,0,0,0,0,0,0
1764,18,Titans Second League,unknown,32995,League,26/11/2022,20221126,Winner: SINOVILLE 3,2,1201,1194,POLICE 3,SINOVILLE 3,0,120,0,0,0,0,0,0
1157,18,Titans Second League,unknown,32995,League,26/11/2022,20221126,Abandoned.,1,1197,1200,TUT 3,SINOVILLE 4,106,162,0,0,4,0,0,0
1157,18,Titans Second League,unknown,32995,League,26/11/2022,20221126,Abandoned.,2,1200,1197,SINOVILLE 4,TUT 3,0,0,0,0,0,0,0,0
1141,18,Titans Second League,unknown,32995,League,26/11/2022,20221126,Abandoned.,1,1860,1196,TUKS 5,CBCOB 3,128,138,0,3,3,12,1,0
1141,18,Titans Second League,unknown,32995,League,26/11/2022,20221126,Abandoned.,2,1196,1860,CBCOB 3,TUKS 5,0,0,0,0,0,0,0,0
1766,18,Titans Second League,unknown,32995,League,19/11/2022,20221119,Abandoned.,1,1861,1197,TUKS 6,TUT 3,0,120,0,0,0,0,0,0
1766,18,Titans Second League,unknown,32995,League,19/11/2022,20221119,Abandoned.,2,1197,1861,TUT 3,TUKS 6,0,120,0,0,0,0,0,0
1053,18,Titans Second League,unknown,32995,League,19/11/2022,20221119,Abandoned.,1,1194,1193,SINOVILLE 3,PHSOB 3,0,0,0,0,0,0,0,0
1053,18,Titans Second League,unknown,32995,League,19/11/2022,20221119,Abandoned.,2,1193,1194,PHSOB 3,SINOVILLE 3,0,0,0,0,0,0,0,0
1051,18,Titans Second League,unknown,32995,League,19/11/2022,20221119,Forfeited. Winner: POLICE 3,1,1201,1192,POLICE 3,REFILWE 1,0,0,0,0,0,0,0,0
1051,18,Titans Second League,unknown,32995,League,19/11/2022,20221119,Forfeited. Winner: POLICE 3,2,1192,1201,REFILWE 1,POLICE 3,0,0,0,0,0,0,0,0
1040,18,Titans Second League,unknown,32995,League,19/11/2022,20221119,SINOVILLE 4 won by 67 Runs,1,1200,1860,SINOVILLE 4,TUKS 5,227,266,0,1,10,31,2,0
1040,18,Titans Second League,unknown,32995,League,19/11/2022,20221119,SINOVILLE 4 won by 67 Runs,2,1860,1200,TUKS 5,SINOVILLE 4,160,209,0,0,10,26,6,0
1037,18,Titans Second League,unknown,32995,League,19/11/2022,20221119,IRENE VILLAGERS 3 won by 170 Runs,1,1195,1196,IRENE VILLAGERS 3,CBCOB 3,360,270,6,3,8,25,1,0
1037,18,Titans Second League,unknown,32995,League,19/11/2022,20221119,IRENE VILLAGERS 3 won by 170 Runs,2,1196,1195,CBCOB 3,IRENE VILLAGERS 3,190,221,0,3,10,13,2,0
1767,18,Titans Second League,unknown,32995,League,12/11/2022,20221112,Abandoned.,1,1195,1194,IRENE VILLAGERS 3,SINOVILLE 3,0,0,0,0,0,0,0,0
1767,18,Titans Second League,unknown,32995,League,12/11/2022,20221112,Abandoned.,2,1194,1195,SINOVILLE 3,IRENE VILLAGERS 3,0,0,0,0,0,0,0,0
1140,18,Titans Second League,unknown,32995,League,12/11/2022,20221112,Forfeited. Winner: PHSOB 3,1,1193,1192,PHSOB 3,REFILWE 1,0,270,0,0,0,0,0,0
1140,18,Titans Second League,unknown,32995,League,12/11/2022,20221112,Forfeited. Winner: PHSOB 3,2,1192,1193,REFILWE 1,PHSOB 3,0,270,0,0,0,0,0,0
923,18,Titans Second League,unknown,32995,League,12/11/2022,20221112,TUKS 5 won by 102 Runs,1,1860,1861,TUKS 5,TUKS 6,244,180,1,3,6,19,1,0
923,18,Titans Second League,unknown,32995,League,12/11/2022,20221112,TUKS 5 won by 102 Runs,2,1861,1860,TUKS 6,TUKS 5,142,180,0,1,7,14,0,0
921,18,Titans Second League,unknown,32995,League,12/11/2022,20221112,Abandoned.,1,1200,1196,SINOVILLE 4,CBCOB 3,0,0,0,0,0,0,0,0
921,18,Titans Second League,unknown,32995,League,12/11/2022,20221112,Abandoned.,2,1196,1200,CBCOB 3,SINOVILLE 4,0,0,0,0,0,0,0,0
909,18,Titans Second League,unknown,32995,League,12/11/2022,20221112,Forfeited. Winner: TUT 3,1,1201,1197,POLICE 3,TUT 3,0,0,0,0,0,0,0,0
909,18,Titans Second League,unknown,32995,League,12/11/2022,20221112,Forfeited. Winner: TUT 3,2,1197,1201,TUT 3,POLICE 3,0,0,0,0,0,0,0,0
848,18,Titans Second League,unknown,32995,League,06/11/2022,20221106,PHSOB 3 won by 173 Runs,1,1193,1197,PHSOB 3,TUT 3,273,248,4,0,10,8,3,0
848,18,Titans Second League,unknown,32995,League,06/11/2022,20221106,PHSOB 3 won by 173 Runs,2,1197,1193,TUT 3,PHSOB 3,100,186,1,3,10,11,1,0
1769,18,Titans Second League,unknown,32995,League,05/11/2022,20221105,Forfeited. Winner: TUKS 6,1,1861,1200,TUKS 6,SINOVILLE 4,0,120,0,0,0,0,0,0
1769,18,Titans Second League,unknown,32995,League,05/11/2022,20221105,Forfeited. Winner: TUKS 6,2,1200,1861,SINOVILLE 4,TUKS 6,0,120,0,0,0,0,0,0
1768,18,Titans Second League,unknown,32995,League,05/11/2022,20221105,Abandoned.,1,1192,1195,REFILWE 1,IRENE VILLAGERS 3,0,120,0,0,0,0,0,0
1768,18,Titans Second League,unknown,32995,League,05/11/2022,20221105,Abandoned.,2,1195,1192,IRENE VILLAGERS 3,REFILWE 1,0,120,0,0,0,0,0,0
830,18,Titans Second League,unknown,32995,League,05/11/2022,20221105,TUKS 5 won by 291 Runs,1,1860,1201,TUKS 5,POLICE 3,444,270,1,1,6,28,3,0
830,18,Titans Second League,unknown,32995,League,05/11/2022,20221105,TUKS 5 won by 291 Runs,2,1201,1860,POLICE 3,TUKS 5,153,160,0,0,10,23,6,0
827,18,Titans Second League,unknown,32995,League,05/11/2022,20221105,CBCOB 3 won by 3 Wickets,1,1194,1196,SINOVILLE 3,CBCOB 3,204,239,0,1,10,7,0,0
827,18,Titans Second League,unknown,32995,League,05/11/2022,20221105,CBCOB 3 won by 3 Wickets,2,1196,1194,CBCOB 3,SINOVILLE 3,205,194,0,0,7,0,0,0
1770,18,Titans Second League,unknown,32995,League,29/10/2022,20221029,Forfeited. Winner: SINOVILLE 3,1,1194,1192,SINOVILLE 3,REFILWE 1,0,0,0,0,0,0,0,0
1770,18,Titans Second League,unknown,32995,League,29/10/2022,20221029,Forfeited. Winner: SINOVILLE 3,2,1192,1194,REFILWE 1,SINOVILLE 3,0,0,0,0,0,0,0,0
726,18,Titans Second League,unknown,32995,League,29/10/2022,20221029,CBCOB 3 won by 7 Wickets,1,1861,1196,TUKS 6,CBCOB 3,126,149,0,6,9,15,1,0
726,18,Titans Second League,unknown,32995,League,29/10/2022,20221029,CBCOB 3 won by 7 Wickets,2,1196,1861,CBCOB 3,TUKS 6,130,97,0,0,3,10,1,0
719,18,Titans Second League,unknown,32995,League,29/10/2022,20221029,TUT 3 won by 7 Runs,1,1197,1195,TUT 3,IRENE VILLAGERS 3,178,255,0,0,10,16,1,0
719,18,Titans Second League,unknown,32995,League,29/10/2022,20221029,TUT 3 won by 7 Runs,2,1195,1197,IRENE VILLAGERS 3,TUT 3,171,252,6,1,10,24,1,0
713,18,Titans Second League,unknown,32995,League,29/10/2022,20221029,PHSOB 3 won by 123 Runs,1,1193,1860,PHSOB 3,TUKS 5,303,270,0,0,8,21,3,0
713,18,Titans Second League,unknown,32995,League,29/10/2022,20221029,PHSOB 3 won by 123 Runs,2,1860,1193,TUKS 5,PHSOB 3,180,221,0,0,10,12,2,0
1772,18,Titans Second League,unknown,32995,League,23/10/2022,20221023,Abandoned.,1,1194,1197,SINOVILLE 3,TUT 3,0,0,0,0,0,0,0,0
1772,18,Titans Second League,unknown,32995,League,23/10/2022,20221023,Abandoned.,2,1197,1194,TUT 3,SINOVILLE 3,0,0,0,0,0,0,0,0
633,18,Titans Second League,unknown,32995,League,22/10/2022,20221022,Abandoned.,1,1861,1201,TUKS 6,POLICE 3,92,103,0,0,2,9,1,0
633,18,Titans Second League,unknown,32995,League,22/10/2022,20221022,Abandoned.,2,1201,1861,POLICE 3,TUKS 6,0,0,0,0,0,0,0,0
623,18,Titans Second League,unknown,32995,League,22/10/2022,20221022,Abandoned.,1,1860,1195,TUKS 5,IRENE VILLAGERS 3,93,129,0,0,5,6,0,0
623,18,Titans Second League,unknown,32995,League,22/10/2022,20221022,Abandoned.,2,1195,1860,IRENE VILLAGERS 3,TUKS 5,0,0,0,0,0,0,0,0
479,18,Titans Second League,unknown,32995,League,16/10/2022,20221016,SINOVILLE 3 won by 44 Runs,1,1194,1860,SINOVILLE 3,TUKS 5,311,217,14,4,10,46,0,0
479,18,Titans Second League,unknown,32995,League,16/10/2022,20221016,SINOVILLE 3 won by 44 Runs,2,1860,1194,TUKS 5,SINOVILLE 3,267,248,3,3,10,24,2,0
521,18,Titans Second League,unknown,32995,League,15/10/2022,20221015,TUT 3 won by 8 Wickets,1,1192,1197,REFILWE 1,TUT 3,83,154,0,0,10,0,0,0
521,18,Titans Second League,unknown,32995,League,15/10/2022,20221015,TUT 3 won by 8 Wickets,2,1197,1192,TUT 3,REFILWE 1,84,39,0,0,2,0,0,0
470,18,Titans Second League,unknown,32995,League,15/10/2022,20221015,CBCOB 3 won by 449 Runs,1,1196,1201,CBCOB 3,POLICE 3,528,270,5,7,6,32,0,0
470,18,Titans Second League,unknown,32995,League,15/10/2022,20221015,CBCOB 3 won by 449 Runs,2,1201,1196,POLICE 3,CBCOB 3,79,162,3,0,8,9,0,0
465,18,Titans Second League,unknown,32995,League,15/10/2022,20221015,PHSOB 3 won by 7 Wickets,1,1861,1193,TUKS 6,PHSOB 3,76,79,9,0,10,6,0,0
465,18,Titans Second League,unknown,32995,League,15/10/2022,20221015,PHSOB 3 won by 7 Wickets,2,1193,1861,PHSOB 3,TUKS 6,80,67,0,0,3,7,3,0
463,18,Titans Second League,unknown,32995,League,15/10/2022,20221015,SINOVILLE 4 won by 3 Wickets,1,1195,1200,IRENE VILLAGERS 3,SINOVILLE 4,190,270,0,7,10,16,0,0
463,18,Titans Second League,unknown,32995,League,15/10/2022,20221015,SINOVILLE 4 won by 3 Wickets,2,1200,1195,SINOVILLE 4,IRENE VILLAGERS 3,194,184,3,6,7,7,0,0
1245,18,Titans Second League,unknown,32995,League,22/10/2021,20211022,Forfeited. Winner: CBCOB 3,1,1192,1196,REFILWE 1,CBCOB 3,0,0,0,0,0,0,0,0
1245,18,Titans Second League,unknown,32995,League,22/10/2021,20211022,Forfeited. Winner: CBCOB 3,2,1196,1192,CBCOB 3,REFILWE 1,0,0,0,0,0,0,0,0
675,18,Titans Second League,unknown,32995,League,22/10/2021,20211022,PHSOB 3 won by 1 Wicket,1,1200,1193,SINOVILLE 4,PHSOB 3,125,156,0,0,10,0,0,0
675,18,Titans Second League,unknown,32995,League,22/10/2021,20211022,PHSOB 3 won by 1 Wicket,2,1193,1200,PHSOB 3,SINOVILLE 4,126,150,0,0,9,0,0,0
