SNO,LEAGUE_ID,CLUB_ID,PLAYER,PLAYER_ID,TEAM_IMG,BLANK,MAT,TEAM,TEAM_ID,INS,OVERS,RUNS,WKTS,BBF,MDNS,DOTS,ECON,AVE,SR,HATTRICK,4W,5W,WIDES,NB,League Name
1,949,32995,Divan Potgieter,4673570,TUT 3,,TUT 3,7,,7,54.2,192,18,33/ 6,8,234,3.53,10.67,18.1,0,0,2,12,0,2025/2026 TITANS SECOND LEAGUE
,949,32995,TUT 3,,,,,,,,,,,,,,,,,,,,,,2025/2026 TITANS SECOND LEAGUE
2,949,32995,Brandon Polyblank,6336390,IRENE VILLAGERS 4,,IRENE VILLAGERS 4,9,,9,51.0,323,16,29/ 5,2,192,6.33,20.19,19.1,0,0,2,30,4,2025/2026 TITANS SECOND LEAGUE
,949,32995,IRENE VILLAGERS 4,,,,,,,,,,,,,,,,,,,,,,2025/2026 TITANS SECOND LEAGUE
3,949,32995,Tiaan Engelbrecht,2936837,TUKS 5,,TUKS 5,11,,11,67.5,283,15,13/ 2,9,282,4.17,18.87,27.1,0,0,0,13,1,2025/2026 TITANS SECOND LEAGUE
,949,32995,TUKS 5,,,,,,,,,,,,,,,,,,,,,,2025/2026 TITANS SECOND LEAGUE
4,949,32995,Kyle Kunneke,2985826,IRENE VILLAGERS 3,,IRENE VILLAGERS 3,10,,9,49.0,177,14,21/ 3,2,179,3.61,12.64,21.0,0,0,0,11,0,2025/2026 TITANS SECOND LEAGUE
,949,32995,IRENE VILLAGERS 3,,,,,,,,,,,,,,,,,,,,,,2025/2026 TITANS SECOND LEAGUE
5,949,32995,Christian Strydom,2936847,TUKS 5,,TUKS 5,10,,10,55.0,243,14,32/ 5,5,225,4.42,17.36,23.6,0,0,1,18,0,2025/2026 TITANS SECOND LEAGUE
,949,32995,TUKS 5,,,,,,,,,,,,,,,,,,,,,,2025/2026 TITANS SECOND LEAGUE
6,949,32995,Burgert Kloppers,4742888,PHSOB 3,,PHSOB 3,8,,8,49.0,217,14,26/ 3,6,213,4.43,15.50,21.0,0,0,0,30,1,2025/2026 TITANS SECOND LEAGUE
,949,32995,PHSOB 3,,,,,,,,,,,,,,,,,,,,,,2025/2026 TITANS SECOND LEAGUE
7,949,32995,Brian Kershaw,4688792,PHSOB 3,,PHSOB 3,9,,9,69.4,252,13,29/ 3,10,291,3.62,19.38,32.2,0,0,0,18,0,2025/2026 TITANS SECOND LEAGUE
,949,32995,PHSOB 3,,,,,,,,,,,,,,,,,,,,,,2025/2026 TITANS SECOND LEAGUE
8,949,32995,Dewald Basson,3018234,TUT 3,,TUT 3,8,,8,55.2,202,13,27/ 4,5,240,3.65,15.54,25.5,0,1,0,18,1,2025/2026 TITANS SECOND LEAGUE
,949,32995,TUT 3,,,,,,,,,,,,,,,,,,,,,,2025/2026 TITANS SECOND LEAGUE
9,949,32995,Martin Van Tonder,2840539,TUKS 5,,TUKS 5,12,,10,58.2,279,13,47/ 5,6,240,4.78,21.46,26.9,0,0,1,31,0,2025/2026 TITANS SECOND LEAGUE
,949,32995,TUKS 5,,,,,,,,,,,,,,,,,,,,,,2025/2026 TITANS SECOND LEAGUE
10,949,32995,Steven Meyburgh,2937220,PHSOB 3,,PHSOB 3,6,,6,44.2,245,13,28/ 4,2,152,5.53,18.85,20.5,0,2,0,14,4,2025/2026 TITANS SECOND LEAGUE
,949,32995,PHSOB 3,,,,,,,,,,,,,,,,,,,,,,2025/2026 TITANS SECOND LEAGUE
11,949,32995,Jacques Van Rooyen,3795662,IRENE VILLAGERS 3,,IRENE VILLAGERS 3,8,,8,55.1,195,12,14/ 5,1,229,3.53,16.25,27.6,0,0,1,22,0,2025/2026 TITANS SECOND LEAGUE
,949,32995,IRENE VILLAGERS 3,,,,,,,,,,,,,,,,,,,,,,2025/2026 TITANS SECOND LEAGUE
12,949,32995,Janro De Bruin,6299640,CBCOB 3,,CBCOB 3,8,,8,41.2,158,11,13/ 5,8,189,3.82,14.36,22.5,0,0,1,11,0,2025/2026 TITANS SECOND LEAGUE
,949,32995,CBCOB 3,,,,,,,,,,,,,,,,,,,,,,2025/2026 TITANS SECOND LEAGUE
13,949,32995,Johan Nel,4655263,TUKS 5,,TUKS 5,10,,9,53.3,223,11,11/ 2,6,217,4.17,20.27,29.2,0,0,0,14,0,2025/2026 TITANS SECOND LEAGUE
,949,32995,TUKS 5,,,,,,,,,,,,,,,,,,,,,,2025/2026 TITANS SECOND LEAGUE
14,949,32995,Waldemar Bodenstein,6299549,IRENE VILLAGERS 3,,IRENE VILLAGERS 3,10,,6,36.5,141,10,9/ 4,4,141,3.83,14.10,22.1,0,1,0,10,0,2025/2026 TITANS SECOND LEAGUE
,949,32995,IRENE VILLAGERS 3,,,,,,,,,,,,,,,,,,,,,,2025/2026 TITANS SECOND LEAGUE
15,949,32995,Juan Viljoen,4729877,HARLEQUINS 3,,HARLEQUINS 3,11,,10,60.0,257,10,20/ 3,4,246,4.28,25.70,36.0,0,0,0,24,0,2025/2026 TITANS SECOND LEAGUE
,949,32995,HARLEQUINS 3,,,,,,,,,,,,,,,,,,,,,,2025/2026 TITANS SECOND LEAGUE
16,949,32995,Willem Jacobs,5005715,HARLEQUINS 3,,HARLEQUINS 3,9,,7,37.5,245,10,36/ 3,0,112,6.48,24.50,22.7,0,0,0,11,6,2025/2026 TITANS SECOND LEAGUE
,949,32995,HARLEQUINS 3,,,,,,,,,,,,,,,,,,,,,,2025/2026 TITANS SECOND LEAGUE
17,949,32995,Stiaan Heymans,4673670,IRENE VILLAGERS 4,,IRENE VILLAGERS 4,8,,6,17.3,129,10,53/ 6,0,54,7.37,12.90,10.5,0,0,1,16,0,2025/2026 TITANS SECOND LEAGUE
,949,32995,IRENE VILLAGERS 4,,,,,,,,,,,,,,,,,,,,,,2025/2026 TITANS SECOND LEAGUE
18,949,32995,Regan Pruss,3713341,PHSOB 3,,PHSOB 3,3,,3,14.5,72,9,26/ 4,0,59,4.85,8.00,9.9,0,2,0,3,0,2025/2026 TITANS SECOND LEAGUE
,949,32995,PHSOB 3,,,,,,,,,,,,,,,,,,,,,,2025/2026 TITANS SECOND LEAGUE
19,949,32995,Christoper Bouwer,6407256,PHSOB 3,,PHSOB 3,4,,3,21.1,107,9,49/ 4,2,81,5.06,11.89,14.1,0,1,0,3,1,2025/2026 TITANS SECOND LEAGUE
,949,32995,PHSOB 3,,,,,,,,,,,,,,,,,,,,,,2025/2026 TITANS SECOND LEAGUE
20,949,32995,Eugene Botha,4973974,IRENE VILLAGERS 4,,IRENE VILLAGERS 4,7,,5,35.0,204,9,28/ 3,2,120,5.83,22.67,23.3,0,0,0,14,2,2025/2026 TITANS SECOND LEAGUE
,949,32995,IRENE VILLAGERS 4,,,,,,,,,,,,,,,,,,,,,,2025/2026 TITANS SECOND LEAGUE
21,949,32995,Stefan Grobler,3018230,TUT 3,,TUT 3,8,,6,39.0,136,8,18/ 3,6,171,3.49,17.00,29.2,0,0,0,17,8,2025/2026 TITANS SECOND LEAGUE
,949,32995,TUT 3,,,,,,,,,,,,,,,,,,,,,,2025/2026 TITANS SECOND LEAGUE
22,949,32995,Alec Jordaan,4715851,CBCOB 3,,CBCOB 3,3,,3,22.0,85,8,27/ 4,3,99,3.86,10.62,16.5,0,1,0,13,0,2025/2026 TITANS SECOND LEAGUE
,949,32995,CBCOB 3,,,,,,,,,,,,,,,,,,,,,,2025/2026 TITANS SECOND LEAGUE
23,949,32995,Nico Kruger,2936834,TUKS 5,,TUKS 5,2,,2,9.0,56,8,44/ 6,0,35,6.22,7.00,6.8,0,0,1,6,1,2025/2026 TITANS SECOND LEAGUE
,949,32995,TUKS 5,,,,,,,,,,,,,,,,,,,,,,2025/2026 TITANS SECOND LEAGUE
24,949,32995,Elgun Boecker,4702810,IRENE VILLAGERS 3,,IRENE VILLAGERS 3,3,,3,17.3,64,7,22/ 5,1,74,3.66,9.14,15.0,0,0,1,2,0,2025/2026 TITANS SECOND LEAGUE
,949,32995,IRENE VILLAGERS 3,,,,,,,,,,,,,,,,,,,,,,2025/2026 TITANS SECOND LEAGUE
25,949,32995,Werner Pretorius,4756703,IRENE VILLAGERS 3,,IRENE VILLAGERS 3,6,,6,28.0,107,7,31/ 4,1,120,3.82,15.29,24.0,0,1,0,17,1,2025/2026 TITANS SECOND LEAGUE
,949,32995,IRENE VILLAGERS 3,,,,,,,,,,,,,,,,,,,,,,2025/2026 TITANS SECOND LEAGUE
26,949,32995,Barend Pelser,4854733,IRENE VILLAGERS 3,,IRENE VILLAGERS 3,4,,4,23.2,97,7,22/ 3,2,94,4.16,13.86,20.0,0,0,0,9,0,2025/2026 TITANS SECOND LEAGUE
,949,32995,IRENE VILLAGERS 3,,,,,,,,,,,,,,,,,,,,,,2025/2026 TITANS SECOND LEAGUE
27,949,32995,Clayton Brunsdon,4100291,IRENE VILLAGERS 4,,IRENE VILLAGERS 4,9,,7,35.5,210,7,37/ 3,2,128,5.86,30.00,30.7,0,0,0,1,0,2025/2026 TITANS SECOND LEAGUE
,949,32995,IRENE VILLAGERS 4,,,,,,,,,,,,,,,,,,,,,,2025/2026 TITANS SECOND LEAGUE
28,949,32995,Rivan Stoman,6352780,SINOVILLE 3,,SINOVILLE 3,4,,4,16.5,123,7,31/ 4,1,56,7.31,17.57,14.4,1,1,0,17,0,2025/2026 TITANS SECOND LEAGUE
,949,32995,SINOVILLE 3,,,,,,,,,,,,,,,,,,,,,,2025/2026 TITANS SECOND LEAGUE
29,949,32995,Pieter Roos,2939189,HARLEQUINS 3,,HARLEQUINS 3,5,,2,9.2,70,7,53/ 5,2,31,7.50,10.00,8.0,0,0,1,7,0,2025/2026 TITANS SECOND LEAGUE
,949,32995,HARLEQUINS 3,,,,,,,,,,,,,,,,,,,,,,2025/2026 TITANS SECOND LEAGUE
30,949,32995,Andrè Smith,6371951,TUKS 5,,TUKS 5,3,,2,11.3,43,6,26/ 4,2,48,3.74,7.17,11.5,0,1,0,3,0,2025/2026 TITANS SECOND LEAGUE
,949,32995,TUKS 5,,,,,,,,,,,,,,,,,,,,,,2025/2026 TITANS SECOND LEAGUE
31,949,32995,Edwin De Waal,4742889,PHSOB 3,,PHSOB 3,4,,4,18.0,107,6,11/ 5,2,73,5.94,17.83,18.0,0,0,1,10,0,2025/2026 TITANS SECOND LEAGUE
,949,32995,PHSOB 3,,,,,,,,,,,,,,,,,,,,,,2025/2026 TITANS SECOND LEAGUE
32,949,32995,Neil Jansen,4655259,IRENE VILLAGERS 3,,IRENE VILLAGERS 3,4,,4,19.0,69,5,16/ 2,2,84,3.63,13.80,22.8,0,0,0,15,0,2025/2026 TITANS SECOND LEAGUE
,949,32995,IRENE VILLAGERS 3,,,,,,,,,,,,,,,,,,,,,,2025/2026 TITANS SECOND LEAGUE
33,949,32995,Altus Cbc,6644492,CBCOB 3,,CBCOB 3,1,,1,8.0,30,5,30/ 5,0,36,3.75,6.00,9.6,0,0,1,8,0,2025/2026 TITANS SECOND LEAGUE
,949,32995,CBCOB 3,,,,,,,,,,,,,,,,,,,,,,2025/2026 TITANS SECOND LEAGUE
34,949,32995,Chris Klopper,4673667,IRENE VILLAGERS 4,,IRENE VILLAGERS 4,4,,4,22.2,92,5,18/ 3,2,101,4.12,18.40,26.8,0,0,0,16,1,2025/2026 TITANS SECOND LEAGUE
,949,32995,IRENE VILLAGERS 4,,,,,,,,,,,,,,,,,,,,,,2025/2026 TITANS SECOND LEAGUE
35,949,32995,André Duvenhage,6336328,PHSOB 3,,PHSOB 3,3,,3,13.0,56,5,35/ 3,2,60,4.31,11.20,15.6,0,0,0,6,0,2025/2026 TITANS SECOND LEAGUE
,949,32995,PHSOB 3,,,,,,,,,,,,,,,,,,,,,,2025/2026 TITANS SECOND LEAGUE
36,949,32995,Kholi Willows,6299172,HARLEQUINS 3,,HARLEQUINS 3,2,,1,6.0,29,5,29/ 5,1,20,4.83,5.80,7.2,0,0,1,1,3,2025/2026 TITANS SECOND LEAGUE
,949,32995,HARLEQUINS 3,,,,,,,,,,,,,,,,,,,,,,2025/2026 TITANS SECOND LEAGUE
37,949,32995,Neiko Stigling,6299637,TUT 3,,TUT 3,4,,3,22.0,115,5,30/ 2,0,93,5.23,23.00,26.4,0,0,0,20,3,2025/2026 TITANS SECOND LEAGUE
,949,32995,TUT 3,,,,,,,,,,,,,,,,,,,,,,2025/2026 TITANS SECOND LEAGUE
38,949,32995,Ruan Ebersohn,2985830,IRENE VILLAGERS 4,,IRENE VILLAGERS 4,11,,9,37.0,200,5,7/ 2,2,144,5.41,40.00,44.4,0,0,0,12,0,2025/2026 TITANS SECOND LEAGUE
,949,32995,IRENE VILLAGERS 4,,,,,,,,,,,,,,,,,,,,,,2025/2026 TITANS SECOND LEAGUE
39,949,32995,Stefan Olivier,3729935,TUT 3,,TUT 3,6,,3,18.0,134,5,36/ 2,1,55,7.44,26.80,21.6,0,0,0,1,0,2025/2026 TITANS SECOND LEAGUE
,949,32995,TUT 3,,,,,,,,,,,,,,,,,,,,,,2025/2026 TITANS SECOND LEAGUE
40,949,32995,Lucky Coetzee,6299644,CBCOB 3,,CBCOB 3,1,,1,7.0,17,4,17/ 4,0,33,2.43,4.25,10.5,0,1,0,3,0,2025/2026 TITANS SECOND LEAGUE
,949,32995,CBCOB 3,,,,,,,,,,,,,,,,,,,,,,2025/2026 TITANS SECOND LEAGUE
41,949,32995,Jacques Van Rooyen,3745426,IRENE VILLAGERS 4,,IRENE VILLAGERS 4,2,,2,16.0,59,4,28/ 3,1,72,3.69,14.75,24.0,0,0,0,6,0,2025/2026 TITANS SECOND LEAGUE
,949,32995,IRENE VILLAGERS 4,,,,,,,,,,,,,,,,,,,,,,2025/2026 TITANS SECOND LEAGUE
42,949,32995,Neil Jansen,6299550,IRENE VILLAGERS 3,,IRENE VILLAGERS 3,2,,2,11.0,42,4,27/ 3,1,50,3.82,10.50,16.5,0,0,0,8,3,2025/2026 TITANS SECOND LEAGUE
,949,32995,IRENE VILLAGERS 3,,,,,,,,,,,,,,,,,,,,,,2025/2026 TITANS SECOND LEAGUE
43,949,32995,Faf Potgieter,6390079,CBCOB 3,,CBCOB 3,3,,2,6.0,23,4,21/ 3,1,24,3.83,5.75,9.0,0,0,0,1,0,2025/2026 TITANS SECOND LEAGUE
,949,32995,CBCOB 3,,,,,,,,,,,,,,,,,,,,,,2025/2026 TITANS SECOND LEAGUE
44,949,32995,Christo Weiss,2588485,SINOVILLE 3,,SINOVILLE 3,1,,1,9.0,38,4,38/ 4,2,40,4.22,9.50,13.5,0,1,0,5,0,2025/2026 TITANS SECOND LEAGUE
,949,32995,SINOVILLE 3,,,,,,,,,,,,,,,,,,,,,,2025/2026 TITANS SECOND LEAGUE
45,949,32995,Ulrich Breytenbach,6592628,HARLEQUINS 3,,HARLEQUINS 3,4,,3,17.0,82,4,16/ 2,1,72,4.82,20.50,25.5,0,0,0,12,0,2025/2026 TITANS SECOND LEAGUE
,949,32995,HARLEQUINS 3,,,,,,,,,,,,,,,,,,,,,,2025/2026 TITANS SECOND LEAGUE
46,949,32995,Ruan Venter,4673574,SINOVILLE 3,,SINOVILLE 3,2,,2,11.0,54,4,25/ 2,0,43,4.91,13.50,16.5,0,0,0,10,0,2025/2026 TITANS SECOND LEAGUE
,949,32995,SINOVILLE 3,,,,,,,,,,,,,,,,,,,,,,2025/2026 TITANS SECOND LEAGUE
47,949,32995,Joubert Eybers,6390024,PHSOB 3,,PHSOB 3,3,,2,18.0,90,4,36/ 2,3,68,5.00,22.50,27.0,0,0,0,1,0,2025/2026 TITANS SECOND LEAGUE
,949,32995,PHSOB 3,,,,,,,,,,,,,,,,,,,,,,2025/2026 TITANS SECOND LEAGUE
48,949,32995,Henry Cbc,6442337,CBCOB 3,,CBCOB 3,4,,2,11.3,59,4,11/ 2,0,45,5.13,14.75,17.2,0,0,0,3,0,2025/2026 TITANS SECOND LEAGUE
,949,32995,CBCOB 3,,,,,,,,,,,,,,,,,,,,,,2025/2026 TITANS SECOND LEAGUE
49,949,32995,Donovan du Toit,3713457,TUKS 5,,TUKS 5,9,,4,20.0,119,4,29/ 2,1,74,5.95,29.75,30.0,0,0,0,14,1,2025/2026 TITANS SECOND LEAGUE
,949,32995,TUKS 5,,,,,,,,,,,,,,,,,,,,,,2025/2026 TITANS SECOND LEAGUE
50,949,32995,Ettienne Tait,2939149,HARLEQUINS 3,,HARLEQUINS 3,2,,2,14.0,87,4,28/ 3,0,46,6.21,21.75,21.0,0,0,0,5,0,2025/2026 TITANS SECOND LEAGUE
,949,32995,HARLEQUINS 3,,,,,,,,,,,,,,,,,,,,,,2025/2026 TITANS SECOND LEAGUE
51,949,32995,Hendre Du toit,2987477,SINOVILLE 3,,SINOVILLE 3,5,,5,27.0,168,4,52/ 2,1,89,6.22,42.00,40.5,0,0,0,5,0,2025/2026 TITANS SECOND LEAGUE
,949,32995,SINOVILLE 3,,,,,,,,,,,,,,,,,,,,,,2025/2026 TITANS SECOND LEAGUE
52,949,32995,Mohapi Molete,2985827,IRENE VILLAGERS 4,,IRENE VILLAGERS 4,6,,5,32.0,207,4,29/ 1,1,103,6.47,51.75,48.0,0,0,0,8,2,2025/2026 TITANS SECOND LEAGUE
,949,32995,IRENE VILLAGERS 4,,,,,,,,,,,,,,,,,,,,,,2025/2026 TITANS SECOND LEAGUE
53,949,32995,Jean Botes,6355844,IRENE VILLAGERS 3,,IRENE VILLAGERS 3,2,,2,12.0,79,4,39/ 2,2,45,6.58,19.75,18.0,0,0,0,9,0,2025/2026 TITANS SECOND LEAGUE
,949,32995,IRENE VILLAGERS 3,,,,,,,,,,,,,,,,,,,,,,2025/2026 TITANS SECOND LEAGUE
54,949,32995,Julian Otto,6352767,SINOVILLE 3,,SINOVILLE 3,4,,3,9.4,71,4,23/ 2,0,25,7.34,17.75,14.5,0,0,0,2,2,2025/2026 TITANS SECOND LEAGUE
,949,32995,SINOVILLE 3,,,,,,,,,,,,,,,,,,,,,,2025/2026 TITANS SECOND LEAGUE
55,949,32995,Barend Pelser,4874775,IRENE VILLAGERS 4,,IRENE VILLAGERS 4,2,,2,12.0,95,4,59/ 4,1,45,7.92,23.75,18.0,0,1,0,16,0,2025/2026 TITANS SECOND LEAGUE
,949,32995,IRENE VILLAGERS 4,,,,,,,,,,,,,,,,,,,,,,2025/2026 TITANS SECOND LEAGUE
56,949,32995,Jean Steyn,6592526,TUT 3,,TUT 3,2,,2,4.4,41,4,4/ 3,0,14,8.79,10.25,7.0,0,0,0,2,0,2025/2026 TITANS SECOND LEAGUE
,949,32995,TUT 3,,,,,,,,,,,,,,,,,,,,,,2025/2026 TITANS SECOND LEAGUE
57,949,32995,Franco Ferriera,6592583,PHSOB 3,,PHSOB 3,1,,1,6.0,13,3,13/ 3,2,30,2.17,4.33,12.0,0,0,0,2,0,2025/2026 TITANS SECOND LEAGUE
,949,32995,PHSOB 3,,,,,,,,,,,,,,,,,,,,,,2025/2026 TITANS SECOND LEAGUE
58,949,32995,Franco Vd Mescht,6629543,CBCOB 3,,CBCOB 3,1,,1,3.0,7,3,7/ 3,0,14,2.33,2.33,6.0,0,0,0,0,0,2025/2026 TITANS SECOND LEAGUE
,949,32995,CBCOB 3,,,,,,,,,,,,,,,,,,,,,,2025/2026 TITANS SECOND LEAGUE
59,949,32995,Janu Olivier,4973941,SINOVILLE 3,,SINOVILLE 3,2,,2,11.0,38,3,24/ 2,1,53,3.45,12.67,22.0,0,0,0,6,4,2025/2026 TITANS SECOND LEAGUE
,949,32995,SINOVILLE 3,,,,,,,,,,,,,,,,,,,,,,2025/2026 TITANS SECOND LEAGUE
60,949,32995,Jaden Beukes,6299645,CBCOB 3,,CBCOB 3,2,,2,6.0,21,3,7/ 2,2,29,3.50,7.00,12.0,0,0,0,0,1,2025/2026 TITANS SECOND LEAGUE
,949,32995,CBCOB 3,,,,,,,,,,,,,,,,,,,,,,2025/2026 TITANS SECOND LEAGUE
61,949,32995,Lee Bukes,6592626,SINOVILLE 3,,SINOVILLE 3,1,,1,8.0,28,3,28/ 3,1,29,3.50,9.33,16.0,0,0,0,2,0,2025/2026 TITANS SECOND LEAGUE
,949,32995,SINOVILLE 3,,,,,,,,,,,,,,,,,,,,,,2025/2026 TITANS SECOND LEAGUE
62,949,32995,Juan Van den berg,2987480,SINOVILLE 3,,SINOVILLE 3,1,,1,8.0,29,3,29/ 3,0,33,3.62,9.67,16.0,0,0,0,3,0,2025/2026 TITANS SECOND LEAGUE
,949,32995,SINOVILLE 3,,,,,,,,,,,,,,,,,,,,,,2025/2026 TITANS SECOND LEAGUE
63,949,32995,Heinrich Klue,6358565,CBCOB 3,,CBCOB 3,1,,1,9.0,33,3,33/ 3,0,34,3.67,11.00,18.0,0,0,0,3,0,2025/2026 TITANS SECOND LEAGUE
,949,32995,CBCOB 3,,,,,,,,,,,,,,,,,,,,,,2025/2026 TITANS SECOND LEAGUE
64,949,32995,Peet Snyman,6299175,HARLEQUINS 3,,HARLEQUINS 3,2,,1,4.1,16,3,16/ 3,0,21,3.84,5.33,8.3,0,0,0,6,0,2025/2026 TITANS SECOND LEAGUE
,949,32995,HARLEQUINS 3,,,,,,,,,,,,,,,,,,,,,,2025/2026 TITANS SECOND LEAGUE
65,949,32995,Neil Jansen,4655262,IRENE VILLAGERS 3,,IRENE VILLAGERS 3,2,,2,12.0,61,3,25/ 2,1,50,5.08,20.33,24.0,0,0,0,5,0,2025/2026 TITANS SECOND LEAGUE
,949,32995,IRENE VILLAGERS 3,,,,,,,,,,,,,,,,,,,,,,2025/2026 TITANS SECOND LEAGUE
66,949,32995,Callen Stephen,3782749,PHSOB 3,,PHSOB 3,4,,2,13.3,69,3,44/ 2,0,46,5.11,23.00,27.0,0,0,0,5,0,2025/2026 TITANS SECOND LEAGUE
,949,32995,PHSOB 3,,,,,,,,,,,,,,,,,,,,,,2025/2026 TITANS SECOND LEAGUE
67,949,32995,Mark Yafee,6552299,CBCOB 3,,CBCOB 3,4,,3,9.3,49,3,16/ 2,2,34,5.16,16.33,19.0,0,0,0,13,0,2025/2026 TITANS SECOND LEAGUE
,949,32995,CBCOB 3,,,,,,,,,,,,,,,,,,,,,,2025/2026 TITANS SECOND LEAGUE
68,949,32995,Wilhelm Best,6372014,PHSOB 3,,PHSOB 3,2,,2,13.0,69,3,31/ 3,0,54,5.31,23.00,26.0,0,0,0,10,0,2025/2026 TITANS SECOND LEAGUE
,949,32995,PHSOB 3,,,,,,,,,,,,,,,,,,,,,,2025/2026 TITANS SECOND LEAGUE
69,949,32995,Marcel Cronjé,6336326,PHSOB 3,,PHSOB 3,4,,2,14.0,83,3,45/ 2,1,51,5.93,27.67,28.0,0,0,0,9,0,2025/2026 TITANS SECOND LEAGUE
,949,32995,PHSOB 3,,,,,,,,,,,,,,,,,,,,,,2025/2026 TITANS SECOND LEAGUE
70,949,32995,Hein Swanepoel,4649924,HARLEQUINS 3,,HARLEQUINS 3,2,,2,11.0,68,3,48/ 3,0,47,6.18,22.67,22.0,0,0,0,23,0,2025/2026 TITANS SECOND LEAGUE
,949,32995,HARLEQUINS 3,,,,,,,,,,,,,,,,,,,,,,2025/2026 TITANS SECOND LEAGUE
71,949,32995,Gary Van Blerk,4673569,TUT 3,,TUT 3,8,,4,15.0,98,3,15/ 1,1,55,6.53,32.67,30.0,0,0,0,36,0,2025/2026 TITANS SECOND LEAGUE
,949,32995,TUT 3,,,,,,,,,,,,,,,,,,,,,,2025/2026 TITANS SECOND LEAGUE
72,949,32995,Leon Smith,4673571,TUT 3,,TUT 3,6,,4,13.0,85,3,6/ 2,0,39,6.54,28.33,26.0,0,0,0,4,0,2025/2026 TITANS SECOND LEAGUE
,949,32995,TUT 3,,,,,,,,,,,,,,,,,,,,,,2025/2026 TITANS SECOND LEAGUE
73,949,32995,Christoff  Pompie Helm,2985831,IRENE VILLAGERS 4,,IRENE VILLAGERS 4,7,,4,15.1,100,3,38/ 3,1,45,6.59,33.33,30.3,0,0,0,9,0,2025/2026 TITANS SECOND LEAGUE
,949,32995,IRENE VILLAGERS 4,,,,,,,,,,,,,,,,,,,,,,2025/2026 TITANS SECOND LEAGUE
74,949,32995,Andre Van wyk,3266939,TUKS 5,,TUKS 5,8,,5,18.0,125,3,19/ 1,1,53,6.94,41.67,36.0,0,0,0,12,0,2025/2026 TITANS SECOND LEAGUE
,949,32995,TUKS 5,,,,,,,,,,,,,,,,,,,,,,2025/2026 TITANS SECOND LEAGUE
75,949,32995,Joshua Hall,6299551,IRENE VILLAGERS 3,,IRENE VILLAGERS 3,1,,1,5.0,39,3,39/ 3,0,22,7.80,13.00,10.0,0,0,0,7,0,2025/2026 TITANS SECOND LEAGUE
,949,32995,IRENE VILLAGERS 3,,,,,,,,,,,,,,,,,,,,,,2025/2026 TITANS SECOND LEAGUE
76,949,32995,Ryno Vermaak,6299554,SINOVILLE 3,,SINOVILLE 3,5,,5,19.0,150,3,25/ 1,0,59,7.89,50.00,38.0,0,0,0,7,2,2025/2026 TITANS SECOND LEAGUE
,949,32995,SINOVILLE 3,,,,,,,,,,,,,,,,,,,,,,2025/2026 TITANS SECOND LEAGUE
77,949,32995,Reinhardt Hamann,6371950,TUKS 5,,TUKS 5,5,,3,13.4,46,2,15/ 1,0,60,3.37,23.00,41.0,0,0,0,8,0,2025/2026 TITANS SECOND LEAGUE
,949,32995,TUKS 5,,,,,,,,,,,,,,,,,,,,,,2025/2026 TITANS SECOND LEAGUE
78,949,32995,Jared Fourie,3795661,IRENE VILLAGERS 3,,IRENE VILLAGERS 3,2,,2,16.0,54,2,25/ 1,2,65,3.38,27.00,48.0,0,0,0,2,0,2025/2026 TITANS SECOND LEAGUE
,949,32995,IRENE VILLAGERS 3,,,,,,,,,,,,,,,,,,,,,,2025/2026 TITANS SECOND LEAGUE
79,949,32995,Jody Buys,4729873,HARLEQUINS 3,,HARLEQUINS 3,1,,1,5.0,20,2,20/ 2,1,25,4.00,10.00,15.0,0,0,0,7,2,2025/2026 TITANS SECOND LEAGUE
,949,32995,HARLEQUINS 3,,,,,,,,,,,,,,,,,,,,,,2025/2026 TITANS SECOND LEAGUE
80,949,32995,James van der Merwe,5000388,SINOVILLE 3,,SINOVILLE 3,1,,1,5.0,20,2,20/ 2,1,19,4.00,10.00,15.0,0,0,0,1,0,2025/2026 TITANS SECOND LEAGUE
,949,32995,SINOVILLE 3,,,,,,,,,,,,,,,,,,,,,,2025/2026 TITANS SECOND LEAGUE
81,949,32995,Cj Jordaan,4892048,IRENE VILLAGERS 3,,IRENE VILLAGERS 3,1,,1,8.0,33,2,33/ 2,0,33,4.12,16.50,24.0,0,0,0,8,0,2025/2026 TITANS SECOND LEAGUE
,949,32995,IRENE VILLAGERS 3,,,,,,,,,,,,,,,,,,,,,,2025/2026 TITANS SECOND LEAGUE
82,949,32995,Werner Pretorius,4688690,IRENE VILLAGERS 4,,IRENE VILLAGERS 4,3,,2,9.0,41,2,19/ 1,1,38,4.56,20.50,27.0,0,0,0,9,0,2025/2026 TITANS SECOND LEAGUE
,949,32995,IRENE VILLAGERS 4,,,,,,,,,,,,,,,,,,,,,,2025/2026 TITANS SECOND LEAGUE
83,949,32995,Nico Minnaar,3713344,TUT 3,,TUT 3,1,,1,8.0,37,2,37/ 2,0,33,4.62,18.50,24.0,0,0,0,1,0,2025/2026 TITANS SECOND LEAGUE
,949,32995,TUT 3,,,,,,,,,,,,,,,,,,,,,,2025/2026 TITANS SECOND LEAGUE
84,949,32995,Tristan Beetge,4658060,IRENE VILLAGERS 4,,IRENE VILLAGERS 4,4,,2,4.3,21,2,11/ 2,1,17,4.67,10.50,13.5,0,0,0,1,0,2025/2026 TITANS SECOND LEAGUE
,949,32995,IRENE VILLAGERS 4,,,,,,,,,,,,,,,,,,,,,,2025/2026 TITANS SECOND LEAGUE
85,949,32995,Jerry Lesige,6299177,TUKS 5,,TUKS 5,3,,2,8.0,39,2,19/ 2,1,35,4.88,19.50,24.0,0,0,0,1,3,2025/2026 TITANS SECOND LEAGUE
,949,32995,TUKS 5,,,,,,,,,,,,,,,,,,,,,,2025/2026 TITANS SECOND LEAGUE
86,949,32995,Arno Kruger,6336327,PHSOB 3,,PHSOB 3,7,,1,3.0,15,2,15/ 2,0,12,5.00,7.50,9.0,0,0,0,3,0,2025/2026 TITANS SECOND LEAGUE
,949,32995,PHSOB 3,,,,,,,,,,,,,,,,,,,,,,2025/2026 TITANS SECOND LEAGUE
87,949,32995,Pj Richter,6552362,SINOVILLE 3,,SINOVILLE 3,2,,2,10.0,51,2,37/ 2,0,41,5.10,25.50,30.0,0,0,0,4,2,2025/2026 TITANS SECOND LEAGUE
,949,32995,SINOVILLE 3,,,,,,,,,,,,,,,,,,,,,,2025/2026 TITANS SECOND LEAGUE
88,949,32995,Ben Hough,6592585,PHSOB 3,,PHSOB 3,2,,2,11.0,60,2,39/ 2,1,48,5.45,30.00,33.0,0,0,0,13,0,2025/2026 TITANS SECOND LEAGUE
,949,32995,PHSOB 3,,,,,,,,,,,,,,,,,,,,,,2025/2026 TITANS SECOND LEAGUE
89,949,32995,Dillon Kotze,3729565,CBCOB 3,,CBCOB 3,2,,1,2.0,11,2,11/ 2,0,6,5.50,5.50,6.0,0,0,0,0,0,2025/2026 TITANS SECOND LEAGUE
,949,32995,CBCOB 3,,,,,,,,,,,,,,,,,,,,,,2025/2026 TITANS SECOND LEAGUE
90,949,32995,Dylan Howe-Dreyer,2936902,PHSOB 3,,PHSOB 3,6,,3,7.0,40,2,5/ 2,0,28,5.71,20.00,21.0,0,0,0,11,1,2025/2026 TITANS SECOND LEAGUE
,949,32995,PHSOB 3,,,,,,,,,,,,,,,,,,,,,,2025/2026 TITANS SECOND LEAGUE
91,949,32995,Carvel Pillay,6631981,TUKS 5,,TUKS 5,2,,1,4.0,23,2,23/ 2,0,13,5.75,11.50,12.0,0,0,0,0,0,2025/2026 TITANS SECOND LEAGUE
,949,32995,TUKS 5,,,,,,,,,,,,,,,,,,,,,,2025/2026 TITANS SECOND LEAGUE
92,949,32995,Devon Horn,6613295,HARLEQUINS 3,,HARLEQUINS 3,1,,1,3.3,22,2,22/ 2,0,13,6.29,11.00,10.5,0,0,0,3,0,2025/2026 TITANS SECOND LEAGUE
,949,32995,HARLEQUINS 3,,,,,,,,,,,,,,,,,,,,,,2025/2026 TITANS SECOND LEAGUE
93,949,32995,Dewald Van Der Walt,3276817,HARLEQUINS 3,,HARLEQUINS 3,4,,3,8.0,52,2,14/ 2,1,32,6.50,26.00,24.0,0,0,0,10,0,2025/2026 TITANS SECOND LEAGUE
,949,32995,HARLEQUINS 3,,,,,,,,,,,,,,,,,,,,,,2025/2026 TITANS SECOND LEAGUE
94,949,32995,Juan Venter,6552360,SINOVILLE 3,,SINOVILLE 3,1,,1,8.0,52,2,52/ 2,0,28,6.50,26.00,24.0,0,0,0,3,0,2025/2026 TITANS SECOND LEAGUE
,949,32995,SINOVILLE 3,,,,,,,,,,,,,,,,,,,,,,2025/2026 TITANS SECOND LEAGUE
95,949,32995,Jason Van Loggenberg,6552363,SINOVILLE 3,,SINOVILLE 3,1,,1,8.0,52,2,52/ 2,1,27,6.50,26.00,24.0,0,0,0,9,0,2025/2026 TITANS SECOND LEAGUE
,949,32995,SINOVILLE 3,,,,,,,,,,,,,,,,,,,,,,2025/2026 TITANS SECOND LEAGUE
96,949,32995,JD van Wyk,5000390,SINOVILLE 3,,SINOVILLE 3,1,,1,7.0,48,2,48/ 2,0,21,6.86,24.00,21.0,0,0,0,3,0,2025/2026 TITANS SECOND LEAGUE
,949,32995,SINOVILLE 3,,,,,,,,,,,,,,,,,,,,,,2025/2026 TITANS SECOND LEAGUE
97,949,32995,Kholisile Khuzwayo,6407265,HARLEQUINS 3,,HARLEQUINS 3,5,,3,19.3,136,2,80/ 2,1,63,6.97,68.00,58.5,0,0,0,4,0,2025/2026 TITANS SECOND LEAGUE
,949,32995,HARLEQUINS 3,,,,,,,,,,,,,,,,,,,,,,2025/2026 TITANS SECOND LEAGUE
98,949,32995,Stefan Ferreira,6552300,CBCOB 3,,CBCOB 3,2,,1,7.3,53,2,53/ 2,0,23,7.07,26.50,22.5,0,0,0,2,0,2025/2026 TITANS SECOND LEAGUE
,949,32995,CBCOB 3,,,,,,,,,,,,,,,,,,,,,,2025/2026 TITANS SECOND LEAGUE
99,949,32995,Justin Pretorius,6407259,IRENE VILLAGERS 3,,IRENE VILLAGERS 3,3,,3,5.5,43,2,1/ 1,0,23,7.37,21.50,17.5,0,0,0,9,0,2025/2026 TITANS SECOND LEAGUE
,949,32995,IRENE VILLAGERS 3,,,,,,,,,,,,,,,,,,,,,,2025/2026 TITANS SECOND LEAGUE
100,949,32995,Jordan Cbc,6442338,CBCOB 3,,CBCOB 3,1,,1,5.0,37,2,37/ 2,0,19,7.40,18.50,15.0,0,0,0,19,0,2025/2026 TITANS SECOND LEAGUE
,949,32995,CBCOB 3,,,,,,,,,,,,,,,,,,,,,,2025/2026 TITANS SECOND LEAGUE
101,949,32995,Senekal Cbc,6442336,CBCOB 3,,CBCOB 3,2,,1,9.0,67,2,67/ 2,0,24,7.44,33.50,27.0,0,0,0,13,0,2025/2026 TITANS SECOND LEAGUE
,949,32995,CBCOB 3,,,,,,,,,,,,,,,,,,,,,,2025/2026 TITANS SECOND LEAGUE
102,949,32995,Tiaan Borman,3772082,SINOVILLE 3,,SINOVILLE 3,1,,1,8.0,61,2,61/ 2,0,22,7.62,30.50,24.0,0,0,0,1,0,2025/2026 TITANS SECOND LEAGUE
,949,32995,SINOVILLE 3,,,,,,,,,,,,,,,,,,,,,,2025/2026 TITANS SECOND LEAGUE
103,949,32995,Eddie Stephen,6299173,HARLEQUINS 3,,HARLEQUINS 3,7,,4,9.0,76,2,24/ 2,0,34,8.44,38.00,27.0,0,0,0,8,5,2025/2026 TITANS SECOND LEAGUE
,949,32995,HARLEQUINS 3,,,,,,,,,,,,,,,,,,,,,,2025/2026 TITANS SECOND LEAGUE
104,949,32995,Eugene Pelzer,6552298,IRENE VILLAGERS 3,,IRENE VILLAGERS 3,1,,1,3.0,26,2,26/ 2,0,11,8.67,13.00,9.0,0,0,0,0,0,2025/2026 TITANS SECOND LEAGUE
,949,32995,IRENE VILLAGERS 3,,,,,,,,,,,,,,,,,,,,,,2025/2026 TITANS SECOND LEAGUE
105,949,32995,Matthew Field,6592582,CBCOB 3,,CBCOB 3,1,,1,4.0,37,2,37/ 2,0,16,9.25,18.50,12.0,0,0,0,11,1,2025/2026 TITANS SECOND LEAGUE
,949,32995,CBCOB 3,,,,,,,,,,,,,,,,,,,,,,2025/2026 TITANS SECOND LEAGUE
106,949,32995,Zandré Nel,3031806,SINOVILLE 3,,SINOVILLE 3,1,,1,3.0,28,2,28/ 2,0,8,9.33,14.00,9.0,0,0,0,1,0,2025/2026 TITANS SECOND LEAGUE
,949,32995,SINOVILLE 3,,,,,,,,,,,,,,,,,,,,,,2025/2026 TITANS SECOND LEAGUE
107,949,32995,Emil Rolfes,2936903,PHSOB 3,,PHSOB 3,8,,4,8.0,76,2,15/ 1,0,21,9.50,38.00,24.0,0,0,0,4,0,2025/2026 TITANS SECOND LEAGUE
,949,32995,PHSOB 3,,,,,,,,,,,,,,,,,,,,,,2025/2026 TITANS SECOND LEAGUE
108,949,32995,Hayden Van Den Heever,6372013,PHSOB 3,,PHSOB 3,5,,3,4.0,38,2,12/ 1,0,9,9.50,19.00,12.0,0,0,0,3,0,2025/2026 TITANS SECOND LEAGUE
,949,32995,PHSOB 3,,,,,,,,,,,,,,,,,,,,,,2025/2026 TITANS SECOND LEAGUE
109,949,32995,Ruan Coetzer,6336357,HARLEQUINS 3,,HARLEQUINS 3,10,,8,17.2,173,2,4/ 1,0,42,9.98,86.50,52.0,0,0,0,14,2,2025/2026 TITANS SECOND LEAGUE
,949,32995,HARLEQUINS 3,,,,,,,,,,,,,,,,,,,,,,2025/2026 TITANS SECOND LEAGUE
110,949,32995,Willie Kamffer,6299174,HARLEQUINS 3,,HARLEQUINS 3,6,,4,7.0,89,2,4/ 1,0,14,12.71,44.50,21.0,0,0,0,0,2,2025/2026 TITANS SECOND LEAGUE
,949,32995,HARLEQUINS 3,,,,,,,,,,,,,,,,,,,,,,2025/2026 TITANS SECOND LEAGUE
111,949,32995,Puseletso Mogofe,6631979,TUKS 5,,TUKS 5,1,,1,3.0,6,1,6/ 1,1,14,2.00,6.00,18.0,0,0,0,0,0,2025/2026 TITANS SECOND LEAGUE
,949,32995,TUKS 5,,,,,,,,,,,,,,,,,,,,,,2025/2026 TITANS SECOND LEAGUE
112,949,32995,Gunter Geyer,2985804,IRENE VILLAGERS 3,,IRENE VILLAGERS 3,1,,1,4.0,10,1,10/ 1,0,19,2.50,10.00,24.0,0,0,0,5,0,2025/2026 TITANS SECOND LEAGUE
,949,32995,IRENE VILLAGERS 3,,,,,,,,,,,,,,,,,,,,,,2025/2026 TITANS SECOND LEAGUE
113,949,32995,Jeandre Pfister,6390081,CBCOB 3,,CBCOB 3,1,,1,3.5,10,1,10/ 1,0,18,2.61,10.00,23.0,0,0,0,0,0,2025/2026 TITANS SECOND LEAGUE
,949,32995,CBCOB 3,,,,,,,,,,,,,,,,,,,,,,2025/2026 TITANS SECOND LEAGUE
114,949,32995,Jason Gillard,3003090,SINOVILLE 3,,SINOVILLE 3,1,,1,9.0,24,1,24/ 1,1,39,2.67,24.00,54.0,0,0,0,1,0,2025/2026 TITANS SECOND LEAGUE
,949,32995,SINOVILLE 3,,,,,,,,,,,,,,,,,,,,,,2025/2026 TITANS SECOND LEAGUE
115,949,32995,Gerrie Van Rooyen,6592584,PHSOB 3,,PHSOB 3,1,,1,3.0,8,1,8/ 1,1,16,2.67,8.00,18.0,0,0,0,2,0,2025/2026 TITANS SECOND LEAGUE
,949,32995,PHSOB 3,,,,,,,,,,,,,,,,,,,,,,2025/2026 TITANS SECOND LEAGUE
116,949,32995,Altys Cbc,6613298,CBCOB 3,,CBCOB 3,1,,1,4.0,11,1,11/ 1,1,21,2.75,11.00,24.0,0,0,0,4,0,2025/2026 TITANS SECOND LEAGUE
,949,32995,CBCOB 3,,,,,,,,,,,,,,,,,,,,,,2025/2026 TITANS SECOND LEAGUE
117,949,32995,Reghardt Jordaan,6613299,CBCOB 3,,CBCOB 3,1,,1,5.0,16,1,16/ 1,0,21,3.20,16.00,30.0,0,0,0,1,0,2025/2026 TITANS SECOND LEAGUE
,949,32995,CBCOB 3,,,,,,,,,,,,,,,,,,,,,,2025/2026 TITANS SECOND LEAGUE
118,949,32995,Jandre Lotheringen,6629544,CBCOB 3,,CBCOB 3,1,,1,5.0,16,1,16/ 1,0,25,3.20,16.00,30.0,0,0,0,7,0,2025/2026 TITANS SECOND LEAGUE
,949,32995,CBCOB 3,,,,,,,,,,,,,,,,,,,,,,2025/2026 TITANS SECOND LEAGUE
119,949,32995,Rigardt Saaiman,3729566,CBCOB 3,,CBCOB 3,2,,1,8.0,26,1,26/ 1,2,34,3.25,26.00,48.0,0,0,0,0,0,2025/2026 TITANS SECOND LEAGUE
,949,32995,CBCOB 3,,,,,,,,,,,,,,,,,,,,,,2025/2026 TITANS SECOND LEAGUE
120,949,32995,Henry Knell,6613294,HARLEQUINS 3,,HARLEQUINS 3,1,,1,2.0,7,1,7/ 1,0,7,3.50,7.00,12.0,0,0,0,0,0,2025/2026 TITANS SECOND LEAGUE
,949,32995,HARLEQUINS 3,,,,,,,,,,,,,,,,,,,,,,2025/2026 TITANS SECOND LEAGUE
121,949,32995,Jaco de Vos,2936844,TUKS 5,,TUKS 5,2,,1,6.0,22,1,22/ 1,1,28,3.67,22.00,36.0,0,0,0,2,0,2025/2026 TITANS SECOND LEAGUE
,949,32995,TUKS 5,,,,,,,,,,,,,,,,,,,,,,2025/2026 TITANS SECOND LEAGUE
122,949,32995,Ryan Blyth,6592525,TUKS 5,,TUKS 5,1,,1,4.5,19,1,19/ 1,0,21,3.93,19.00,29.0,0,0,0,3,1,2025/2026 TITANS SECOND LEAGUE
,949,32995,TUKS 5,,,,,,,,,,,,,,,,,,,,,,2025/2026 TITANS SECOND LEAGUE
123,949,32995,Rian Klopper,4769742,IRENE VILLAGERS 4,,IRENE VILLAGERS 4,2,,1,5.0,20,1,20/ 1,0,21,4.00,20.00,30.0,0,0,0,0,4,2025/2026 TITANS SECOND LEAGUE
,949,32995,IRENE VILLAGERS 4,,,,,,,,,,,,,,,,,,,,,,2025/2026 TITANS SECOND LEAGUE
124,949,32995,Austin Prins,6590932,IRENE VILLAGERS 4,,IRENE VILLAGERS 4,1,,1,5.0,20,1,20/ 1,1,23,4.00,20.00,30.0,0,0,0,2,1,2025/2026 TITANS SECOND LEAGUE
,949,32995,IRENE VILLAGERS 4,,,,,,,,,,,,,,,,,,,,,,2025/2026 TITANS SECOND LEAGUE
125,949,32995,Charl Prinsloo,3018226,TUT 3,,TUT 3,7,,2,8.4,36,1,10/ 1,1,36,4.15,36.00,52.0,0,0,0,2,1,2025/2026 TITANS SECOND LEAGUE
,949,32995,TUT 3,,,,,,,,,,,,,,,,,,,,,,2025/2026 TITANS SECOND LEAGUE
126,949,32995,Arno La Cock,6631980,TUKS 5,,TUKS 5,2,,1,5.0,21,1,21/ 1,1,25,4.20,21.00,30.0,0,0,0,11,0,2025/2026 TITANS SECOND LEAGUE
,949,32995,TUKS 5,,,,,,,,,,,,,,,,,,,,,,2025/2026 TITANS SECOND LEAGUE
127,949,32995,Jean Cbc,6644490,CBCOB 3,,CBCOB 3,1,,1,5.0,21,1,21/ 1,0,21,4.20,21.00,30.0,0,0,0,1,0,2025/2026 TITANS SECOND LEAGUE
,949,32995,CBCOB 3,,,,,,,,,,,,,,,,,,,,,,2025/2026 TITANS SECOND LEAGUE
128,949,32995,Johan Broekman,4756705,IRENE VILLAGERS 3,,IRENE VILLAGERS 3,4,,1,7.0,32,1,32/ 1,1,30,4.57,32.00,42.0,0,0,0,8,0,2025/2026 TITANS SECOND LEAGUE
,949,32995,IRENE VILLAGERS 3,,,,,,,,,,,,,,,,,,,,,,2025/2026 TITANS SECOND LEAGUE
129,949,32995,Jaco Fourie,4688790,PHSOB 3,,PHSOB 3,1,,1,6.0,28,1,28/ 1,0,24,4.67,28.00,36.0,0,0,0,3,0,2025/2026 TITANS SECOND LEAGUE
,949,32995,PHSOB 3,,,,,,,,,,,,,,,,,,,,,,2025/2026 TITANS SECOND LEAGUE
130,949,32995,Josua Marx,6336355,IRENE VILLAGERS 3,,IRENE VILLAGERS 3,2,,1,6.1,29,1,29/ 1,0,23,4.70,29.00,37.0,0,0,0,2,0,2025/2026 TITANS SECOND LEAGUE
,949,32995,IRENE VILLAGERS 3,,,,,,,,,,,,,,,,,,,,,,2025/2026 TITANS SECOND LEAGUE
131,949,32995,Duanne Cbc,6644491,CBCOB 3,,CBCOB 3,1,,1,5.0,24,1,24/ 1,0,21,4.80,24.00,30.0,0,0,0,3,0,2025/2026 TITANS SECOND LEAGUE
,949,32995,CBCOB 3,,,,,,,,,,,,,,,,,,,,,,2025/2026 TITANS SECOND LEAGUE
132,949,32995,Devin Almeida,6299636,TUT 3,,TUT 3,2,,1,3.0,15,1,15/ 1,0,11,5.00,15.00,18.0,0,0,0,3,0,2025/2026 TITANS SECOND LEAGUE
,949,32995,TUT 3,,,,,,,,,,,,,,,,,,,,,,2025/2026 TITANS SECOND LEAGUE
133,949,32995,Tshepo Molite,4892046,IRENE VILLAGERS 3,,IRENE VILLAGERS 3,4,,3,8.0,41,1,17/ 1,1,35,5.12,41.00,48.0,0,0,0,4,3,2025/2026 TITANS SECOND LEAGUE
,949,32995,IRENE VILLAGERS 3,,,,,,,,,,,,,,,,,,,,,,2025/2026 TITANS SECOND LEAGUE
134,949,32995,Andre Schoombee,3772084,SINOVILLE 3,,SINOVILLE 3,1,,1,5.0,26,1,26/ 1,0,22,5.20,26.00,30.0,0,0,0,6,1,2025/2026 TITANS SECOND LEAGUE
,949,32995,SINOVILLE 3,,,,,,,,,,,,,,,,,,,,,,2025/2026 TITANS SECOND LEAGUE
135,949,32995,Ricardo Pretorius,6355784,SINOVILLE 3,,SINOVILLE 3,1,,1,5.0,26,1,26/ 1,0,24,5.20,26.00,30.0,0,0,0,8,0,2025/2026 TITANS SECOND LEAGUE
,949,32995,SINOVILLE 3,,,,,,,,,,,,,,,,,,,,,,2025/2026 TITANS SECOND LEAGUE
136,949,32995,Leo Pelser,6355782,HARLEQUINS 3,,HARLEQUINS 3,2,,2,10.0,53,1,44/ 1,0,38,5.30,53.00,60.0,0,0,0,3,0,2025/2026 TITANS SECOND LEAGUE
,949,32995,HARLEQUINS 3,,,,,,,,,,,,,,,,,,,,,,2025/2026 TITANS SECOND LEAGUE
137,949,32995,Robert Vermeulen,6407267,IRENE VILLAGERS 4,,IRENE VILLAGERS 4,1,,1,5.0,27,1,27/ 1,0,21,5.40,27.00,30.0,0,0,0,9,0,2025/2026 TITANS SECOND LEAGUE
,949,32995,IRENE VILLAGERS 4,,,,,,,,,,,,,,,,,,,,,,2025/2026 TITANS SECOND LEAGUE
138,949,32995,Rohan Van Der Walt,6299643,CBCOB 3,,CBCOB 3,4,,4,17.0,99,1,26/ 1,0,61,5.82,99.00,102.0,0,0,0,13,0,2025/2026 TITANS SECOND LEAGUE
,949,32995,CBCOB 3,,,,,,,,,,,,,,,,,,,,,,2025/2026 TITANS SECOND LEAGUE
139,949,32995,Alex Brown,6358567,CBCOB 3,,CBCOB 3,1,,1,6.0,38,1,38/ 1,0,18,6.33,38.00,36.0,0,0,0,2,0,2025/2026 TITANS SECOND LEAGUE
,949,32995,CBCOB 3,,,,,,,,,,,,,,,,,,,,,,2025/2026 TITANS SECOND LEAGUE
140,949,32995,Sydney Stanley,6389980,TUKS 5,,TUKS 5,2,,1,3.0,19,1,19/ 1,0,11,6.33,19.00,18.0,0,0,0,7,0,2025/2026 TITANS SECOND LEAGUE
,949,32995,TUKS 5,,,,,,,,,,,,,,,,,,,,,,2025/2026 TITANS SECOND LEAGUE
141,949,32995,Jeandre Roux,3018228,TUT 3,,TUT 3,5,,1,2.0,13,1,13/ 1,0,5,6.50,13.00,12.0,0,0,0,1,0,2025/2026 TITANS SECOND LEAGUE
,949,32995,TUT 3,,,,,,,,,,,,,,,,,,,,,,2025/2026 TITANS SECOND LEAGUE
142,949,32995,Tihardt Kruger,3242942,TUKS 5,,TUKS 5,11,,6,18.5,128,1,4/ 1,0,51,6.80,128.00,113.0,0,0,0,12,0,2025/2026 TITANS SECOND LEAGUE
,949,32995,TUKS 5,,,,,,,,,,,,,,,,,,,,,,2025/2026 TITANS SECOND LEAGUE
143,949,32995,Hendrik Ferreira,4891854,TUT 3,,TUT 3,7,,4,10.4,76,1,23/ 1,0,35,7.12,76.00,64.0,0,0,0,5,1,2025/2026 TITANS SECOND LEAGUE
,949,32995,TUT 3,,,,,,,,,,,,,,,,,,,,,,2025/2026 TITANS SECOND LEAGUE
144,949,32995,Michael Kershaw,6297242,PHSOB 3,,PHSOB 3,9,,2,12.0,87,1,38/ 1,0,44,7.25,87.00,72.0,0,0,0,7,1,2025/2026 TITANS SECOND LEAGUE
,949,32995,PHSOB 3,,,,,,,,,,,,,,,,,,,,,,2025/2026 TITANS SECOND LEAGUE
145,949,32995,PJ McKechnie,3000408,PHSOB 3,,PHSOB 3,3,,3,12.0,90,1,37/ 1,0,41,7.50,90.00,72.0,0,0,0,4,2,2025/2026 TITANS SECOND LEAGUE
,949,32995,PHSOB 3,,,,,,,,,,,,,,,,,,,,,,2025/2026 TITANS SECOND LEAGUE
146,949,32995,Adriaan Venter,3673677,CBCOB 3,,CBCOB 3,3,,1,7.0,55,1,55/ 1,0,22,7.86,55.00,42.0,0,0,0,1,1,2025/2026 TITANS SECOND LEAGUE
,949,32995,CBCOB 3,,,,,,,,,,,,,,,,,,,,,,2025/2026 TITANS SECOND LEAGUE
147,949,32995,Matt Collett,4081460,PHSOB 3,,PHSOB 3,2,,1,1.2,11,1,11/ 1,0,3,8.25,11.00,8.0,0,0,0,0,0,2025/2026 TITANS SECOND LEAGUE
,949,32995,PHSOB 3,,,,,,,,,,,,,,,,,,,,,,2025/2026 TITANS SECOND LEAGUE
148,949,32995,Tristan Voshee,6299555,SINOVILLE 3,,SINOVILLE 3,1,,1,3.0,25,1,25/ 1,0,12,8.33,25.00,18.0,0,0,0,1,1,2025/2026 TITANS SECOND LEAGUE
,949,32995,SINOVILLE 3,,,,,,,,,,,,,,,,,,,,,,2025/2026 TITANS SECOND LEAGUE
149,949,32995,JD van Wyk,4688794,SINOVILLE 3,,SINOVILLE 3,4,,3,5.0,42,1,15/ 1,0,17,8.40,42.00,30.0,0,0,0,7,0,2025/2026 TITANS SECOND LEAGUE
,949,32995,SINOVILLE 3,,,,,,,,,,,,,,,,,,,,,,2025/2026 TITANS SECOND LEAGUE
150,949,32995,Ian Dorfling,4063612,SINOVILLE 3,,SINOVILLE 3,3,,2,7.0,61,1,31/ 1,0,22,8.71,61.00,42.0,0,0,0,5,2,2025/2026 TITANS SECOND LEAGUE
,949,32995,SINOVILLE 3,,,,,,,,,,,,,,,,,,,,,,2025/2026 TITANS SECOND LEAGUE
151,949,32995,Kai Trumplemann,4691512,CBCOB 3,,CBCOB 3,1,,1,6.0,55,1,55/ 1,0,21,9.17,55.00,36.0,0,0,0,3,0,2025/2026 TITANS SECOND LEAGUE
,949,32995,CBCOB 3,,,,,,,,,,,,,,,,,,,,,,2025/2026 TITANS SECOND LEAGUE
152,949,32995,Gerhard Bezuidenhout,6570586,PHSOB 3,,PHSOB 3,1,,1,4.0,37,1,37/ 1,0,12,9.25,37.00,24.0,0,0,0,2,2,2025/2026 TITANS SECOND LEAGUE
,949,32995,PHSOB 3,,,,,,,,,,,,,,,,,,,,,,2025/2026 TITANS SECOND LEAGUE
153,949,32995,Werner Swart,6592625,SINOVILLE 3,,SINOVILLE 3,1,,1,4.0,37,1,37/ 1,0,13,9.25,37.00,24.0,0,0,0,6,2,2025/2026 TITANS SECOND LEAGUE
,949,32995,SINOVILLE 3,,,,,,,,,,,,,,,,,,,,,,2025/2026 TITANS SECOND LEAGUE
154,949,32995,Xavier Dido,6552348,IRENE VILLAGERS 4,,IRENE VILLAGERS 4,2,,1,2.2,22,1,22/ 1,0,9,9.43,22.00,14.0,0,0,0,5,0,2025/2026 TITANS SECOND LEAGUE
,949,32995,IRENE VILLAGERS 4,,,,,,,,,,,,,,,,,,,,,,2025/2026 TITANS SECOND LEAGUE
155,949,32995,Jean Botes,6299519,IRENE VILLAGERS 4,,IRENE VILLAGERS 4,2,,1,5.0,48,1,48/ 1,0,19,9.60,48.00,30.0,0,0,0,9,0,2025/2026 TITANS SECOND LEAGUE
,949,32995,IRENE VILLAGERS 4,,,,,,,,,,,,,,,,,,,,,,2025/2026 TITANS SECOND LEAGUE
156,949,32995,Karel Vd Walt,6355781,HARLEQUINS 3,,HARLEQUINS 3,6,,4,7.0,68,1,5/ 1,0,19,9.71,68.00,42.0,0,0,0,4,0,2025/2026 TITANS SECOND LEAGUE
,949,32995,HARLEQUINS 3,,,,,,,,,,,,,,,,,,,,,,2025/2026 TITANS SECOND LEAGUE
157,949,32995,Brian Panashe,6592586,PHSOB 3,,PHSOB 3,1,,1,1.0,14,1,14/ 1,0,4,14.00,14.00,6.0,0,0,0,9,0,2025/2026 TITANS SECOND LEAGUE
,949,32995,PHSOB 3,,,,,,,,,,,,,,,,,,,,,,2025/2026 TITANS SECOND LEAGUE
158,949,32995,MJ Kruger,3056984,TUKS 5,,TUKS 5,1,,1,1.0,1,0,1/ 0,0,5,1.00,0,0.0,0,0,0,0,0,2025/2026 TITANS SECOND LEAGUE
,949,32995,TUKS 5,,,,,,,,,,,,,,,,,,,,,,2025/2026 TITANS SECOND LEAGUE
159,949,32995,Stefan Van Jaarsveld,6552292,HARLEQUINS 3,,HARLEQUINS 3,1,,1,1.0,1,0,1/ 0,0,5,1.00,0,0.0,0,0,0,0,0,2025/2026 TITANS SECOND LEAGUE
,949,32995,HARLEQUINS 3,,,,,,,,,,,,,,,,,,,,,,2025/2026 TITANS SECOND LEAGUE
160,949,32995,Albert Myburgh,4024779,IRENE VILLAGERS 3,,IRENE VILLAGERS 3,1,,1,3.0,9,0,9/ 0,0,13,3.00,0,0.0,0,0,0,0,0,2025/2026 TITANS SECOND LEAGUE
,949,32995,IRENE VILLAGERS 3,,,,,,,,,,,,,,,,,,,,,,2025/2026 TITANS SECOND LEAGUE
161,949,32995,Justin Van Bassen,4673824,CBCOB 3,,CBCOB 3,1,,1,1.0,3,0,3/ 0,0,4,3.00,0,0.0,0,0,0,1,0,2025/2026 TITANS SECOND LEAGUE
,949,32995,CBCOB 3,,,,,,,,,,,,,,,,,,,,,,2025/2026 TITANS SECOND LEAGUE
162,949,32995,Henry Van Der Merwe,6389981,TUKS 5,,TUKS 5,2,,1,8.0,29,0,0/ 0,0,35,3.62,0,0.0,0,0,0,0,0,2025/2026 TITANS SECOND LEAGUE
,949,32995,TUKS 5,,,,,,,,,,,,,,,,,,,,,,2025/2026 TITANS SECOND LEAGUE
163,949,32995,Barend Pelser,6407260,IRENE VILLAGERS 3,,IRENE VILLAGERS 3,1,,1,6.0,26,0,26/ 0,1,25,4.33,0,0.0,0,0,0,2,0,2025/2026 TITANS SECOND LEAGUE
,949,32995,IRENE VILLAGERS 3,,,,,,,,,,,,,,,,,,,,,,2025/2026 TITANS SECOND LEAGUE
164,949,32995,Richard Bean,6592579,CBCOB 3,,CBCOB 3,1,,1,7.0,34,0,34/ 0,0,29,4.86,0,0.0,0,0,0,4,0,2025/2026 TITANS SECOND LEAGUE
,949,32995,CBCOB 3,,,,,,,,,,,,,,,,,,,,,,2025/2026 TITANS SECOND LEAGUE
165,949,32995,Henk Fick,6352771,SINOVILLE 3,,SINOVILLE 3,3,,3,15.0,74,0,19/ 0,0,62,4.93,0,0.0,0,0,0,6,0,2025/2026 TITANS SECOND LEAGUE
,949,32995,SINOVILLE 3,,,,,,,,,,,,,,,,,,,,,,2025/2026 TITANS SECOND LEAGUE
166,949,32995,Braam Sinoville,3257329,SINOVILLE 3,,SINOVILLE 3,1,,1,1.0,5,0,5/ 0,0,3,5.00,0,0.0,0,0,0,1,0,2025/2026 TITANS SECOND LEAGUE
,949,32995,SINOVILLE 3,,,,,,,,,,,,,,,,,,,,,,2025/2026 TITANS SECOND LEAGUE
167,949,32995,Marko De Cock,4688791,PHSOB 3,,PHSOB 3,3,,1,3.0,15,0,0/ 0,0,13,5.00,0,0.0,0,0,0,1,0,2025/2026 TITANS SECOND LEAGUE
,949,32995,PHSOB 3,,,,,,,,,,,,,,,,,,,,,,2025/2026 TITANS SECOND LEAGUE
168,949,32995,Barend Pelser,6299518,IRENE VILLAGERS 4,,IRENE VILLAGERS 4,1,,1,2.0,10,0,10/ 0,0,7,5.00,0,0.0,0,0,0,1,0,2025/2026 TITANS SECOND LEAGUE
,949,32995,IRENE VILLAGERS 4,,,,,,,,,,,,,,,,,,,,,,2025/2026 TITANS SECOND LEAGUE
169,949,32995,Dylan Kotze,6299638,CBCOB 3,,CBCOB 3,2,,1,2.0,10,0,0/ 0,0,7,5.00,0,0.0,0,0,0,3,0,2025/2026 TITANS SECOND LEAGUE
,949,32995,CBCOB 3,,,,,,,,,,,,,,,,,,,,,,2025/2026 TITANS SECOND LEAGUE
170,949,32995,Mulalo Mavhalane,6570652,IRENE VILLAGERS 4,,IRENE VILLAGERS 4,3,,2,7.0,36,0,0/ 0,0,25,5.14,0,0.0,0,0,0,4,1,2025/2026 TITANS SECOND LEAGUE
,949,32995,IRENE VILLAGERS 4,,,,,,,,,,,,,,,,,,,,,,2025/2026 TITANS SECOND LEAGUE
171,949,32995,PJ Van Der Merwe,4854676,IRENE VILLAGERS 4,,IRENE VILLAGERS 4,7,,2,7.0,37,0,0/ 0,1,32,5.29,0,0.0,0,0,0,8,0,2025/2026 TITANS SECOND LEAGUE
,949,32995,IRENE VILLAGERS 4,,,,,,,,,,,,,,,,,,,,,,2025/2026 TITANS SECOND LEAGUE
172,949,32995,Fredrik Strydom,6654203,PHSOB 3,,PHSOB 3,1,,1,3.0,16,0,16/ 0,0,11,5.33,0,0.0,0,0,0,4,1,2025/2026 TITANS SECOND LEAGUE
,949,32995,PHSOB 3,,,,,,,,,,,,,,,,,,,,,,2025/2026 TITANS SECOND LEAGUE
173,949,32995,Devon Horn,6355843,IRENE VILLAGERS 3,,IRENE VILLAGERS 3,2,,2,6.0,33,0,9/ 0,0,21,5.50,0,0.0,0,0,0,6,0,2025/2026 TITANS SECOND LEAGUE
,949,32995,IRENE VILLAGERS 3,,,,,,,,,,,,,,,,,,,,,,2025/2026 TITANS SECOND LEAGUE
174,949,32995,Neo Ngarize,6407264,HARLEQUINS 3,,HARLEQUINS 3,1,,1,4.0,22,0,22/ 0,1,16,5.50,0,0.0,0,0,0,3,0,2025/2026 TITANS SECOND LEAGUE
,949,32995,HARLEQUINS 3,,,,,,,,,,,,,,,,,,,,,,2025/2026 TITANS SECOND LEAGUE
175,949,32995,Henco Erasmus,6629315,HARLEQUINS 3,,HARLEQUINS 3,1,,1,5.0,28,0,28/ 0,1,20,5.60,0,0.0,0,0,0,5,0,2025/2026 TITANS SECOND LEAGUE
,949,32995,HARLEQUINS 3,,,,,,,,,,,,,,,,,,,,,,2025/2026 TITANS SECOND LEAGUE
176,949,32995,Christopher Bouwer,6654204,PHSOB 3,,PHSOB 3,1,,1,8.0,45,0,45/ 0,0,26,5.62,0,0.0,0,0,0,0,0,2025/2026 TITANS SECOND LEAGUE
,949,32995,PHSOB 3,,,,,,,,,,,,,,,,,,,,,,2025/2026 TITANS SECOND LEAGUE
177,949,32995,Gerhard Batt,6299553,SINOVILLE 3,,SINOVILLE 3,3,,1,2.0,12,0,0/ 0,0,6,6.00,0,0.0,0,0,0,0,0,2025/2026 TITANS SECOND LEAGUE
,949,32995,SINOVILLE 3,,,,,,,,,,,,,,,,,,,,,,2025/2026 TITANS SECOND LEAGUE
178,949,32995,Haadi Abdul,6407263,HARLEQUINS 3,,HARLEQUINS 3,2,,2,9.0,54,0,26/ 0,0,31,6.00,0,0.0,0,0,0,9,0,2025/2026 TITANS SECOND LEAGUE
,949,32995,HARLEQUINS 3,,,,,,,,,,,,,,,,,,,,,,2025/2026 TITANS SECOND LEAGUE
179,949,32995,Michael Flanagan,6613296,HARLEQUINS 3,,HARLEQUINS 3,3,,2,9.0,57,0,0/ 0,1,36,6.33,0,0.0,0,0,0,8,1,2025/2026 TITANS SECOND LEAGUE
,949,32995,HARLEQUINS 3,,,,,,,,,,,,,,,,,,,,,,2025/2026 TITANS SECOND LEAGUE
180,949,32995,Nathan Fox,6358570,PHSOB 3,,PHSOB 3,1,,1,5.0,32,0,32/ 0,1,22,6.40,0,0.0,0,0,0,5,0,2025/2026 TITANS SECOND LEAGUE
,949,32995,PHSOB 3,,,,,,,,,,,,,,,,,,,,,,2025/2026 TITANS SECOND LEAGUE
181,949,32995,Dimitri Saunders,6552289,HARLEQUINS 3,,HARLEQUINS 3,2,,1,5.0,34,0,0/ 0,0,16,6.80,0,0.0,0,0,0,4,0,2025/2026 TITANS SECOND LEAGUE
,949,32995,HARLEQUINS 3,,,,,,,,,,,,,,,,,,,,,,2025/2026 TITANS SECOND LEAGUE
182,949,32995,Rolf Behrens,6299176,TUKS 5,,TUKS 5,1,,1,2.0,14,0,14/ 0,0,10,7.00,0,0.0,0,0,0,8,1,2025/2026 TITANS SECOND LEAGUE
,949,32995,TUKS 5,,,,,,,,,,,,,,,,,,,,,,2025/2026 TITANS SECOND LEAGUE
183,949,32995,Ruben Erasmus,6352785,SINOVILLE 3,,SINOVILLE 3,4,,1,2.0,14,0,0/ 0,0,6,7.00,0,0.0,0,0,0,3,1,2025/2026 TITANS SECOND LEAGUE
,949,32995,SINOVILLE 3,,,,,,,,,,,,,,,,,,,,,,2025/2026 TITANS SECOND LEAGUE
184,949,32995,Dean Van Bassen,6358569,CBCOB 3,,CBCOB 3,1,,1,6.0,42,0,42/ 0,0,18,7.00,0,0.0,0,0,0,3,0,2025/2026 TITANS SECOND LEAGUE
,949,32995,CBCOB 3,,,,,,,,,,,,,,,,,,,,,,2025/2026 TITANS SECOND LEAGUE
185,949,32995,Rickus Engelbrecht,6423335,TUKS 5,,TUKS 5,1,,1,5.0,35,0,35/ 0,0,19,7.00,0,0.0,0,0,0,0,0,2025/2026 TITANS SECOND LEAGUE
,949,32995,TUKS 5,,,,,,,,,,,,,,,,,,,,,,2025/2026 TITANS SECOND LEAGUE
186,949,32995,Connor Walker,6654205,PHSOB 3,,PHSOB 3,1,,1,1.0,7,0,7/ 0,0,4,7.00,0,0.0,0,0,0,3,0,2025/2026 TITANS SECOND LEAGUE
,949,32995,PHSOB 3,,,,,,,,,,,,,,,,,,,,,,2025/2026 TITANS SECOND LEAGUE
187,949,32995,Lehlohonolo Moshoati,3266899,TUKS 5,,TUKS 5,2,,2,8.0,60,0,21/ 0,0,23,7.50,0,0.0,0,0,0,3,0,2025/2026 TITANS SECOND LEAGUE
,949,32995,TUKS 5,,,,,,,,,,,,,,,,,,,,,,2025/2026 TITANS SECOND LEAGUE
188,949,32995,Heinz Hellmann,6372012,PHSOB 3,,PHSOB 3,1,,1,2.0,17,0,17/ 0,0,8,8.50,0,0.0,0,0,0,3,2,2025/2026 TITANS SECOND LEAGUE
,949,32995,PHSOB 3,,,,,,,,,,,,,,,,,,,,,,2025/2026 TITANS SECOND LEAGUE
189,949,32995,Devon Horn,6407266,IRENE VILLAGERS 4,,IRENE VILLAGERS 4,1,,1,4.0,35,0,35/ 0,0,15,8.75,0,0.0,0,0,0,13,0,2025/2026 TITANS SECOND LEAGUE
,949,32995,IRENE VILLAGERS 4,,,,,,,,,,,,,,,,,,,,,,2025/2026 TITANS SECOND LEAGUE
190,949,32995,Ivan Snyman,6336359,HARLEQUINS 3,,HARLEQUINS 3,1,,1,1.0,9,0,9/ 0,0,3,9.00,0,0.0,0,0,0,3,0,2025/2026 TITANS SECOND LEAGUE
,949,32995,HARLEQUINS 3,,,,,,,,,,,,,,,,,,,,,,2025/2026 TITANS SECOND LEAGUE
191,949,32995,Francke Botha,6390022,HARLEQUINS 3,,HARLEQUINS 3,4,,1,2.0,18,0,0/ 0,0,8,9.00,0,0.0,0,0,0,1,0,2025/2026 TITANS SECOND LEAGUE
,949,32995,HARLEQUINS 3,,,,,,,,,,,,,,,,,,,,,,2025/2026 TITANS SECOND LEAGUE
192,949,32995,Riccardo Oosthuizen,2936842,TUKS 5,,TUKS 5,2,,1,5.0,46,0,0/ 0,0,9,9.20,0,0.0,0,0,0,2,0,2025/2026 TITANS SECOND LEAGUE
,949,32995,TUKS 5,,,,,,,,,,,,,,,,,,,,,,2025/2026 TITANS SECOND LEAGUE
193,949,32995,Patrick Mouton,6592627,HARLEQUINS 3,,HARLEQUINS 3,1,,1,5.0,48,0,48/ 0,0,9,9.60,0,0.0,0,0,0,1,0,2025/2026 TITANS SECOND LEAGUE
,949,32995,HARLEQUINS 3,,,,,,,,,,,,,,,,,,,,,,2025/2026 TITANS SECOND LEAGUE
194,949,32995,Fritz De Villiers,6570616,HARLEQUINS 3,,HARLEQUINS 3,2,,1,3.0,29,0,0/ 0,0,5,9.67,0,0.0,0,0,0,5,0,2025/2026 TITANS SECOND LEAGUE
,949,32995,HARLEQUINS 3,,,,,,,,,,,,,,,,,,,,,,2025/2026 TITANS SECOND LEAGUE
195,949,32995,JD Buys,4973938,HARLEQUINS 3,,HARLEQUINS 3,1,,1,2.0,21,0,21/ 0,0,5,10.50,0,0.0,0,0,0,1,0,2025/2026 TITANS SECOND LEAGUE
,949,32995,HARLEQUINS 3,,,,,,,,,,,,,,,,,,,,,,2025/2026 TITANS SECOND LEAGUE
196,949,32995,Keegan Pickard,6592581,CBCOB 3,,CBCOB 3,1,,1,3.0,32,0,32/ 0,0,8,10.67,0,0.0,0,0,0,5,1,2025/2026 TITANS SECOND LEAGUE
,949,32995,CBCOB 3,,,,,,,,,,,,,,,,,,,,,,2025/2026 TITANS SECOND LEAGUE
197,949,32995,Tiaan Lotter,2934784,SINOVILLE 3,,SINOVILLE 3,1,,1,1.0,11,0,11/ 0,0,3,11.00,0,0.0,0,0,0,0,0,2025/2026 TITANS SECOND LEAGUE
,949,32995,SINOVILLE 3,,,,,,,,,,,,,,,,,,,,,,2025/2026 TITANS SECOND LEAGUE
198,949,32995,Andre Klopper,4688691,IRENE VILLAGERS 4,,IRENE VILLAGERS 4,2,,1,2.0,22,0,0/ 0,0,3,11.00,0,0.0,0,0,0,5,0,2025/2026 TITANS SECOND LEAGUE
,949,32995,IRENE VILLAGERS 4,,,,,,,,,,,,,,,,,,,,,,2025/2026 TITANS SECOND LEAGUE
199,949,32995,Kopano Thema,6570617,HARLEQUINS 3,,HARLEQUINS 3,5,,1,1.0,11,0,0/ 0,0,1,11.00,0,0.0,0,0,0,0,1,2025/2026 TITANS SECOND LEAGUE
,949,32995,HARLEQUINS 3,,,,,,,,,,,,,,,,,,,,,,2025/2026 TITANS SECOND LEAGUE
200,949,32995,Antonie Minnaar,6404467,SINOVILLE 3,,SINOVILLE 3,1,,1,2.0,23,0,23/ 0,0,4,11.50,0,0.0,0,0,0,1,0,2025/2026 TITANS SECOND LEAGUE
,949,32995,SINOVILLE 3,,,,,,,,,,,,,,,,,,,,,,2025/2026 TITANS SECOND LEAGUE
201,949,32995,Coert du Plessis,3771285,PHSOB 3,,PHSOB 3,2,,1,2.0,25,0,0/ 0,0,3,12.50,0,0.0,0,0,0,0,1,2025/2026 TITANS SECOND LEAGUE
,949,32995,PHSOB 3,,,,,,,,,,,,,,,,,,,,,,2025/2026 TITANS SECOND LEAGUE
202,949,32995,Rohann Rossouw,6336391,IRENE VILLAGERS 4,,IRENE VILLAGERS 4,1,,1,2.0,25,0,25/ 0,0,7,12.50,0,0.0,0,0,0,4,3,2025/2026 TITANS SECOND LEAGUE
,949,32995,IRENE VILLAGERS 4,,,,,,,,,,,,,,,,,,,,,,2025/2026 TITANS SECOND LEAGUE
203,949,32995,Christo Swanepoel,2936900,PHSOB 3,,PHSOB 3,3,,3,9.0,114,0,27/ 0,0,23,12.67,0,0.0,0,0,0,21,0,2025/2026 TITANS SECOND LEAGUE
,949,32995,PHSOB 3,,,,,,,,,,,,,,,,,,,,,,2025/2026 TITANS SECOND LEAGUE
204,949,32995,Dewet Lombaard,6552293,TUT 3,,TUT 3,4,,1,2.0,26,0,0/ 0,0,4,13.00,0,0.0,0,0,0,0,0,2025/2026 TITANS SECOND LEAGUE
,949,32995,TUT 3,,,,,,,,,,,,,,,,,,,,,,2025/2026 TITANS SECOND LEAGUE
205,949,32995,Juan Human,4673828,HARLEQUINS 3,,HARLEQUINS 3,1,,1,1.0,14,0,14/ 0,0,2,14.00,0,0.0,0,0,0,1,0,2025/2026 TITANS SECOND LEAGUE
,949,32995,HARLEQUINS 3,,,,,,,,,,,,,,,,,,,,,,2025/2026 TITANS SECOND LEAGUE
206,949,32995,Brian Chataika,6297240,PHSOB 3,,PHSOB 3,1,,1,2.0,44,0,44/ 0,0,4,22.00,0,0.0,0,0,0,11,5,2025/2026 TITANS SECOND LEAGUE
,949,32995,PHSOB 3,,,,,,,,,,,,,,,,,,,,,,2025/2026 TITANS SECOND LEAGUE
